slice_file_name,fsID,start,end,salience,fold,classID,class,duration_sec,relative_audio_path,audio_exists
100648-1-0-0.wav,100648,4.823402,5.471927,2,10,1,car_horn,0.6485250000000002,UrbanSound8K/audio/fold10/100648-1-0-0.wav,True
100648-1-1-0.wav,100648,8.998279,10.052132,2,10,1,car_horn,1.0538530000000002,UrbanSound8K/audio/fold10/100648-1-1-0.wav,True
100648-1-2-0.wav,100648,16.699509,17.104837,2,10,1,car_horn,0.4053280000000008,UrbanSound8K/audio/fold10/100648-1-2-0.wav,True
100648-1-3-0.wav,100648,17.631764,19.253075,2,10,1,car_horn,1.6213109999999986,UrbanSound8K/audio/fold10/100648-1-3-0.wav,True
100648-1-4-0.wav,100648,25.332994,27.197502,2,10,1,car_horn,1.8645080000000007,UrbanSound8K/audio/fold10/100648-1-4-0.wav,True
101281-3-0-0.wav,101281,0.341333,4.341333,2,6,3,dog_bark,3.9999999999999996,UrbanSound8K/audio/fold6/101281-3-0-0.wav,True
101281-3-0-14.wav,101281,7.341333,11.341333,2,6,3,dog_bark,4.000000000000001,UrbanSound8K/audio/fold6/101281-3-0-14.wav,True
101281-3-0-5.wav,101281,2.841333,6.8413330000000006,2,6,3,dog_bark,4.0,UrbanSound8K/audio/fold6/101281-3-0-5.wav,True
101729-0-0-1.wav,101729,0.5,4.5,2,9,0,air_conditioner,4.0,UrbanSound8K/audio/fold9/101729-0-0-1.wav,True
101729-0-0-11.wav,101729,5.5,9.5,2,9,0,air_conditioner,4.0,UrbanSound8K/audio/fold9/101729-0-0-11.wav,True
101729-0-0-12.wav,101729,6.0,10.0,2,9,0,air_conditioner,4.0,UrbanSound8K/audio/fold9/101729-0-0-12.wav,True
101729-0-0-13.wav,101729,6.5,10.5,2,9,0,air_conditioner,4.0,UrbanSound8K/audio/fold9/101729-0-0-13.wav,True
101729-0-0-14.wav,101729,7.0,11.0,2,9,0,air_conditioner,4.0,UrbanSound8K/audio/fold9/101729-0-0-14.wav,True
101729-0-0-16.wav,101729,8.0,12.0,2,9,0,air_conditioner,4.0,UrbanSound8K/audio/fold9/101729-0-0-16.wav,True
101729-0-0-17.wav,101729,8.5,12.5,2,9,0,air_conditioner,4.0,UrbanSound8K/audio/fold9/101729-0-0-17.wav,True
101729-0-0-18.wav,101729,9.0,13.0,2,9,0,air_conditioner,4.0,UrbanSound8K/audio/fold9/101729-0-0-18.wav,True
101729-0-0-19.wav,101729,9.5,13.5,2,9,0,air_conditioner,4.0,UrbanSound8K/audio/fold9/101729-0-0-19.wav,True
101729-0-0-21.wav,101729,10.5,14.5,2,9,0,air_conditioner,4.0,UrbanSound8K/audio/fold9/101729-0-0-21.wav,True
101729-0-0-22.wav,101729,11.0,15.0,2,9,0,air_conditioner,4.0,UrbanSound8K/audio/fold9/101729-0-0-22.wav,True
101729-0-0-23.wav,101729,11.5,15.5,2,9,0,air_conditioner,4.0,UrbanSound8K/audio/fold9/101729-0-0-23.wav,True
101729-0-0-24.wav,101729,12.0,16.0,2,9,0,air_conditioner,4.0,UrbanSound8K/audio/fold9/101729-0-0-24.wav,True
101729-0-0-26.wav,101729,13.0,17.0,2,9,0,air_conditioner,4.0,UrbanSound8K/audio/fold9/101729-0-0-26.wav,True
101729-0-0-28.wav,101729,14.0,18.0,2,9,0,air_conditioner,4.0,UrbanSound8K/audio/fold9/101729-0-0-28.wav,True
101729-0-0-29.wav,101729,14.5,18.5,2,9,0,air_conditioner,4.0,UrbanSound8K/audio/fold9/101729-0-0-29.wav,True
101729-0-0-3.wav,101729,1.5,5.5,2,9,0,air_conditioner,4.0,UrbanSound8K/audio/fold9/101729-0-0-3.wav,True
101729-0-0-32.wav,101729,16.0,20.0,2,9,0,air_conditioner,4.0,UrbanSound8K/audio/fold9/101729-0-0-32.wav,True
101729-0-0-33.wav,101729,16.5,20.5,2,9,0,air_conditioner,4.0,UrbanSound8K/audio/fold9/101729-0-0-33.wav,True
101729-0-0-36.wav,101729,18.0,22.0,2,9,0,air_conditioner,4.0,UrbanSound8K/audio/fold9/101729-0-0-36.wav,True
101729-0-0-37.wav,101729,18.5,22.5,2,9,0,air_conditioner,4.0,UrbanSound8K/audio/fold9/101729-0-0-37.wav,True
101729-0-0-38.wav,101729,19.0,23.0,2,9,0,air_conditioner,4.0,UrbanSound8K/audio/fold9/101729-0-0-38.wav,True
101729-0-0-39.wav,101729,19.5,23.5,2,9,0,air_conditioner,4.0,UrbanSound8K/audio/fold9/101729-0-0-39.wav,True
101729-0-0-4.wav,101729,2.0,6.0,2,9,0,air_conditioner,4.0,UrbanSound8K/audio/fold9/101729-0-0-4.wav,True
101729-0-0-40.wav,101729,20.0,24.0,2,9,0,air_conditioner,4.0,UrbanSound8K/audio/fold9/101729-0-0-40.wav,True
101729-0-0-6.wav,101729,3.0,7.0,2,9,0,air_conditioner,4.0,UrbanSound8K/audio/fold9/101729-0-0-6.wav,True
101729-0-0-9.wav,101729,4.5,8.5,2,9,0,air_conditioner,4.0,UrbanSound8K/audio/fold9/101729-0-0-9.wav,True
102102-3-0-0.wav,102102,1.573952,4.673824,2,4,3,dog_bark,3.0998719999999995,UrbanSound8K/audio/fold4/102102-3-0-0.wav,True
102103-3-0-0.wav,102103,1.97603,2.508892,2,10,3,dog_bark,0.532862,UrbanSound8K/audio/fold10/102103-3-0-0.wav,True
102103-3-1-0.wav,102103,4.179637,4.568182,2,10,3,dog_bark,0.3885450000000006,UrbanSound8K/audio/fold10/102103-3-1-0.wav,True
102104-3-0-0.wav,102104,2.429279,3.241121,2,2,3,dog_bark,0.811842,UrbanSound8K/audio/fold2/102104-3-0-0.wav,True
102105-3-0-0.wav,102105,2.041889,6.041888999999999,2,3,3,dog_bark,3.9999999999999996,UrbanSound8K/audio/fold3/102105-3-0-0.wav,True
102106-3-0-0.wav,102106,2.243852,3.884477,2,1,3,dog_bark,1.640625,UrbanSound8K/audio/fold1/102106-3-0-0.wav,True
102842-3-0-1.wav,102842,0.5,4.5,2,1,3,dog_bark,4.0,UrbanSound8K/audio/fold1/102842-3-0-1.wav,True
102842-3-1-0.wav,102842,113.061785,117.061785,2,1,3,dog_bark,4.0,UrbanSound8K/audio/fold1/102842-3-1-0.wav,True
102842-3-1-5.wav,102842,115.561785,119.561785,2,1,3,dog_bark,4.0,UrbanSound8K/audio/fold1/102842-3-1-5.wav,True
102842-3-1-6.wav,102842,116.061785,120.061785,2,1,3,dog_bark,4.0,UrbanSound8K/audio/fold1/102842-3-1-6.wav,True
102853-8-0-0.wav,102853,0.0,4.0,2,7,8,siren,4.0,UrbanSound8K/audio/fold7/102853-8-0-0.wav,True
102853-8-0-1.wav,102853,0.5,4.5,2,7,8,siren,4.0,UrbanSound8K/audio/fold7/102853-8-0-1.wav,True
102853-8-0-2.wav,102853,1.0,5.0,2,7,8,siren,4.0,UrbanSound8K/audio/fold7/102853-8-0-2.wav,True
102853-8-0-3.wav,102853,1.5,5.5,2,7,8,siren,4.0,UrbanSound8K/audio/fold7/102853-8-0-3.wav,True
102853-8-0-4.wav,102853,2.0,6.0,2,7,8,siren,4.0,UrbanSound8K/audio/fold7/102853-8-0-4.wav,True
102853-8-0-5.wav,102853,2.5,6.5,2,7,8,siren,4.0,UrbanSound8K/audio/fold7/102853-8-0-5.wav,True
102853-8-0-6.wav,102853,3.0,7.0,2,7,8,siren,4.0,UrbanSound8K/audio/fold7/102853-8-0-6.wav,True
102853-8-1-0.wav,102853,27.214044,31.214044,2,7,8,siren,4.0,UrbanSound8K/audio/fold7/102853-8-1-0.wav,True
103199-4-1-0.wav,103199,16.097136,17.617205,2,3,4,drilling,1.5200689999999994,UrbanSound8K/audio/fold3/103199-4-1-0.wav,True
103199-4-7-2.wav,103199,52.916188,56.916188,2,3,4,drilling,4.0,UrbanSound8K/audio/fold3/103199-4-7-2.wav,True
103438-5-0-0.wav,103438,0.0,4.0,2,10,5,engine_idling,4.0,UrbanSound8K/audio/fold10/103438-5-0-0.wav,True
103438-5-0-1.wav,103438,0.5,4.5,2,10,5,engine_idling,4.0,UrbanSound8K/audio/fold10/103438-5-0-1.wav,True
103438-5-0-2.wav,103438,1.0,5.0,2,10,5,engine_idling,4.0,UrbanSound8K/audio/fold10/103438-5-0-2.wav,True
104327-2-0-15.wav,104327,7.5,11.5,2,6,2,children_playing,4.0,UrbanSound8K/audio/fold6/104327-2-0-15.wav,True
104327-2-0-19.wav,104327,9.5,13.5,2,6,2,children_playing,4.0,UrbanSound8K/audio/fold6/104327-2-0-19.wav,True
104327-2-0-26.wav,104327,13.0,17.0,2,6,2,children_playing,4.0,UrbanSound8K/audio/fold6/104327-2-0-26.wav,True
104327-2-0-28.wav,104327,14.0,18.0,2,6,2,children_playing,4.0,UrbanSound8K/audio/fold6/104327-2-0-28.wav,True
104327-2-0-3.wav,104327,1.5,5.5,2,6,2,children_playing,4.0,UrbanSound8K/audio/fold6/104327-2-0-3.wav,True
104327-2-0-30.wav,104327,15.0,19.0,2,6,2,children_playing,4.0,UrbanSound8K/audio/fold6/104327-2-0-30.wav,True
104327-2-0-34.wav,104327,17.0,21.0,2,6,2,children_playing,4.0,UrbanSound8K/audio/fold6/104327-2-0-34.wav,True
104327-2-0-4.wav,104327,2.0,6.0,2,6,2,children_playing,4.0,UrbanSound8K/audio/fold6/104327-2-0-4.wav,True
104421-2-0-1.wav,104421,0.5,4.5,2,5,2,children_playing,4.0,UrbanSound8K/audio/fold5/104421-2-0-1.wav,True
104421-2-0-15.wav,104421,7.5,11.5,2,5,2,children_playing,4.0,UrbanSound8K/audio/fold5/104421-2-0-15.wav,True
104421-2-0-20.wav,104421,10.0,14.0,2,5,2,children_playing,4.0,UrbanSound8K/audio/fold5/104421-2-0-20.wav,True
104421-2-0-29.wav,104421,14.5,18.5,2,5,2,children_playing,4.0,UrbanSound8K/audio/fold5/104421-2-0-29.wav,True
104421-2-0-3.wav,104421,1.5,5.5,2,5,2,children_playing,4.0,UrbanSound8K/audio/fold5/104421-2-0-3.wav,True
104421-2-0-5.wav,104421,2.5,6.5,2,5,2,children_playing,4.0,UrbanSound8K/audio/fold5/104421-2-0-5.wav,True
104421-2-0-7.wav,104421,3.5,7.5,2,5,2,children_playing,4.0,UrbanSound8K/audio/fold5/104421-2-0-7.wav,True
105289-8-0-0.wav,105289,26.31554,30.31554,2,7,8,siren,4.0,UrbanSound8K/audio/fold7/105289-8-0-0.wav,True
105289-8-0-1.wav,105289,26.81554,30.81554,2,7,8,siren,4.0,UrbanSound8K/audio/fold7/105289-8-0-1.wav,True
105289-8-0-2.wav,105289,27.31554,31.31554,2,7,8,siren,4.0,UrbanSound8K/audio/fold7/105289-8-0-2.wav,True
105289-8-0-3.wav,105289,27.81554,31.81554,2,7,8,siren,4.0,UrbanSound8K/audio/fold7/105289-8-0-3.wav,True
105289-8-0-4.wav,105289,28.31554,32.31554,2,7,8,siren,4.0,UrbanSound8K/audio/fold7/105289-8-0-4.wav,True
105289-8-0-5.wav,105289,28.81554,32.81554,2,7,8,siren,4.0,UrbanSound8K/audio/fold7/105289-8-0-5.wav,True
105289-8-2-0.wav,105289,53.012464,57.012464,2,7,8,siren,4.0,UrbanSound8K/audio/fold7/105289-8-2-0.wav,True
105289-8-2-1.wav,105289,53.512464,57.512464,2,7,8,siren,4.0,UrbanSound8K/audio/fold7/105289-8-2-1.wav,True
105289-8-2-2.wav,105289,54.012464,58.012464,2,7,8,siren,4.0,UrbanSound8K/audio/fold7/105289-8-2-2.wav,True
105289-8-2-3.wav,105289,54.512464,58.512464,2,7,8,siren,4.0,UrbanSound8K/audio/fold7/105289-8-2-3.wav,True
105289-8-2-4.wav,105289,55.012464,59.012464,2,7,8,siren,4.0,UrbanSound8K/audio/fold7/105289-8-2-4.wav,True
105289-8-2-5.wav,105289,55.512464,59.512464,2,7,8,siren,4.0,UrbanSound8K/audio/fold7/105289-8-2-5.wav,True
105289-8-2-6.wav,105289,56.012464,60.012464,2,7,8,siren,4.0,UrbanSound8K/audio/fold7/105289-8-2-6.wav,True
105289-8-2-7.wav,105289,56.512464,60.512464,2,7,8,siren,4.0,UrbanSound8K/audio/fold7/105289-8-2-7.wav,True
105319-3-0-22.wav,105319,11.0,15.0,2,6,3,dog_bark,4.0,UrbanSound8K/audio/fold6/105319-3-0-22.wav,True
105319-3-0-29.wav,105319,14.5,18.5,2,6,3,dog_bark,4.0,UrbanSound8K/audio/fold6/105319-3-0-29.wav,True
105319-3-0-39.wav,105319,19.5,23.5,2,6,3,dog_bark,4.0,UrbanSound8K/audio/fold6/105319-3-0-39.wav,True
106905-5-0-0.wav,106905,55.008446,59.008446,2,8,5,engine_idling,4.0,UrbanSound8K/audio/fold8/106905-5-0-0.wav,True
106905-5-0-1.wav,106905,55.508446,59.508446,2,8,5,engine_idling,4.0,UrbanSound8K/audio/fold8/106905-5-0-1.wav,True
106905-5-0-2.wav,106905,56.008446,60.008446,2,8,5,engine_idling,4.0,UrbanSound8K/audio/fold8/106905-5-0-2.wav,True
106905-8-0-0.wav,106905,43.636489,47.636489,2,1,8,siren,4.0,UrbanSound8K/audio/fold1/106905-8-0-0.wav,True
106905-8-0-1.wav,106905,44.136489,48.136489,2,1,8,siren,4.0,UrbanSound8K/audio/fold1/106905-8-0-1.wav,True
106905-8-0-2.wav,106905,44.636489,48.636489,2,1,8,siren,4.0,UrbanSound8K/audio/fold1/106905-8-0-2.wav,True
106905-8-0-3.wav,106905,45.136489,49.136489,2,1,8,siren,4.0,UrbanSound8K/audio/fold1/106905-8-0-3.wav,True
107090-1-0-0.wav,107090,25.500254,26.099176,2,8,1,car_horn,0.5989219999999982,UrbanSound8K/audio/fold8/107090-1-0-0.wav,True
107090-1-1-0.wav,107090,29.715744,30.54502,2,8,1,car_horn,0.8292760000000001,UrbanSound8K/audio/fold8/107090-1-1-0.wav,True
107357-8-0-0.wav,107357,0.0,4.0,2,7,8,siren,4.0,UrbanSound8K/audio/fold7/107357-8-0-0.wav,True
107357-8-0-1.wav,107357,0.5,4.5,2,7,8,siren,4.0,UrbanSound8K/audio/fold7/107357-8-0-1.wav,True
107357-8-0-2.wav,107357,1.0,5.0,2,7,8,siren,4.0,UrbanSound8K/audio/fold7/107357-8-0-2.wav,True
107357-8-0-3.wav,107357,1.5,5.5,2,7,8,siren,4.0,UrbanSound8K/audio/fold7/107357-8-0-3.wav,True
107357-8-0-4.wav,107357,2.0,6.0,2,7,8,siren,4.0,UrbanSound8K/audio/fold7/107357-8-0-4.wav,True
107357-8-0-5.wav,107357,2.5,6.5,2,7,8,siren,4.0,UrbanSound8K/audio/fold7/107357-8-0-5.wav,True
107357-8-0-6.wav,107357,3.0,7.0,2,7,8,siren,4.0,UrbanSound8K/audio/fold7/107357-8-0-6.wav,True
107357-8-0-7.wav,107357,3.5,7.5,2,7,8,siren,4.0,UrbanSound8K/audio/fold7/107357-8-0-7.wav,True
107357-8-0-8.wav,107357,4.0,8.0,2,7,8,siren,4.0,UrbanSound8K/audio/fold7/107357-8-0-8.wav,True
107357-8-1-0.wav,107357,159.017232,163.017232,2,7,8,siren,4.0,UrbanSound8K/audio/fold7/107357-8-1-0.wav,True
107357-8-1-1.wav,107357,159.517232,163.517232,2,7,8,siren,4.0,UrbanSound8K/audio/fold7/107357-8-1-1.wav,True
107357-8-1-10.wav,107357,164.017232,168.017232,2,7,8,siren,4.0,UrbanSound8K/audio/fold7/107357-8-1-10.wav,True
107357-8-1-11.wav,107357,164.517232,168.517232,2,7,8,siren,4.0,UrbanSound8K/audio/fold7/107357-8-1-11.wav,True
107357-8-1-12.wav,107357,165.017232,169.017232,2,7,8,siren,4.0,UrbanSound8K/audio/fold7/107357-8-1-12.wav,True
107357-8-1-13.wav,107357,165.517232,169.517232,2,7,8,siren,4.0,UrbanSound8K/audio/fold7/107357-8-1-13.wav,True
107357-8-1-14.wav,107357,166.017232,170.017232,2,7,8,siren,4.0,UrbanSound8K/audio/fold7/107357-8-1-14.wav,True
107357-8-1-15.wav,107357,166.517232,170.517232,2,7,8,siren,4.0,UrbanSound8K/audio/fold7/107357-8-1-15.wav,True
107357-8-1-16.wav,107357,167.017232,171.017232,2,7,8,siren,4.0,UrbanSound8K/audio/fold7/107357-8-1-16.wav,True
107357-8-1-17.wav,107357,167.517232,171.517232,2,7,8,siren,4.0,UrbanSound8K/audio/fold7/107357-8-1-17.wav,True
107357-8-1-18.wav,107357,168.017232,172.017232,2,7,8,siren,4.0,UrbanSound8K/audio/fold7/107357-8-1-18.wav,True
107357-8-1-2.wav,107357,160.017232,164.017232,2,7,8,siren,4.0,UrbanSound8K/audio/fold7/107357-8-1-2.wav,True
107357-8-1-3.wav,107357,160.517232,164.517232,2,7,8,siren,4.0,UrbanSound8K/audio/fold7/107357-8-1-3.wav,True
107357-8-1-4.wav,107357,161.017232,165.017232,2,7,8,siren,4.0,UrbanSound8K/audio/fold7/107357-8-1-4.wav,True
107357-8-1-5.wav,107357,161.517232,165.517232,2,7,8,siren,4.0,UrbanSound8K/audio/fold7/107357-8-1-5.wav,True
107357-8-1-6.wav,107357,162.017232,166.017232,2,7,8,siren,4.0,UrbanSound8K/audio/fold7/107357-8-1-6.wav,True
107357-8-1-7.wav,107357,162.517232,166.517232,2,7,8,siren,4.0,UrbanSound8K/audio/fold7/107357-8-1-7.wav,True
107357-8-1-8.wav,107357,163.017232,167.017232,2,7,8,siren,4.0,UrbanSound8K/audio/fold7/107357-8-1-8.wav,True
107357-8-1-9.wav,107357,163.517232,167.517232,2,7,8,siren,4.0,UrbanSound8K/audio/fold7/107357-8-1-9.wav,True
107653-9-0-12.wav,107653,6.0,10.0,2,4,9,street_music,4.0,UrbanSound8K/audio/fold4/107653-9-0-12.wav,True
107653-9-0-14.wav,107653,7.0,11.0,2,4,9,street_music,4.0,UrbanSound8K/audio/fold4/107653-9-0-14.wav,True
107653-9-0-18.wav,107653,9.0,13.0,2,4,9,street_music,4.0,UrbanSound8K/audio/fold4/107653-9-0-18.wav,True
107653-9-0-3.wav,107653,1.5,5.5,2,4,9,street_music,4.0,UrbanSound8K/audio/fold4/107653-9-0-3.wav,True
107653-9-0-5.wav,107653,2.5,6.5,2,4,9,street_music,4.0,UrbanSound8K/audio/fold4/107653-9-0-5.wav,True
107653-9-0-7.wav,107653,3.5,7.5,2,4,9,street_music,4.0,UrbanSound8K/audio/fold4/107653-9-0-7.wav,True
108187-3-2-0.wav,108187,15.751454,16.246588,2,2,3,dog_bark,0.4951339999999984,UrbanSound8K/audio/fold2/108187-3-2-0.wav,True
108187-3-3-0.wav,108187,18.010504,19.093609,2,2,3,dog_bark,1.0831049999999998,UrbanSound8K/audio/fold2/108187-3-3-0.wav,True
108187-3-4-0.wav,108187,24.911435,26.304,2,2,3,dog_bark,1.3925649999999976,UrbanSound8K/audio/fold2/108187-3-4-0.wav,True
108187-3-6-0.wav,108187,31.5648,33.266824,2,2,3,dog_bark,1.702023999999998,UrbanSound8K/audio/fold2/108187-3-6-0.wav,True
109703-2-0-134.wav,109703,67.0,71.0,2,2,2,children_playing,4.0,UrbanSound8K/audio/fold2/109703-2-0-134.wav,True
109703-2-0-14.wav,109703,7.0,11.0,2,2,2,children_playing,4.0,UrbanSound8K/audio/fold2/109703-2-0-14.wav,True
109703-2-0-153.wav,109703,76.5,80.5,2,2,2,children_playing,4.0,UrbanSound8K/audio/fold2/109703-2-0-153.wav,True
109703-2-0-29.wav,109703,14.5,18.5,2,2,2,children_playing,4.0,UrbanSound8K/audio/fold2/109703-2-0-29.wav,True
109703-2-0-32.wav,109703,16.0,20.0,2,2,2,children_playing,4.0,UrbanSound8K/audio/fold2/109703-2-0-32.wav,True
109703-2-0-48.wav,109703,24.0,28.0,2,2,2,children_playing,4.0,UrbanSound8K/audio/fold2/109703-2-0-48.wav,True
109703-2-0-50.wav,109703,25.0,29.0,2,2,2,children_playing,4.0,UrbanSound8K/audio/fold2/109703-2-0-50.wav,True
110688-3-0-11.wav,110688,5.5,9.5,2,8,3,dog_bark,4.0,UrbanSound8K/audio/fold8/110688-3-0-11.wav,True
110688-3-0-17.wav,110688,8.5,12.5,2,8,3,dog_bark,4.0,UrbanSound8K/audio/fold8/110688-3-0-17.wav,True
110688-3-0-2.wav,110688,1.0,5.0,2,8,3,dog_bark,4.0,UrbanSound8K/audio/fold8/110688-3-0-2.wav,True
110688-3-0-32.wav,110688,16.0,20.0,2,8,3,dog_bark,4.0,UrbanSound8K/audio/fold8/110688-3-0-32.wav,True
112075-5-0-0.wav,112075,8.037355,12.037355,2,3,5,engine_idling,4.0,UrbanSound8K/audio/fold3/112075-5-0-0.wav,True
112075-5-0-1.wav,112075,8.537355,12.537355,2,3,5,engine_idling,4.0,UrbanSound8K/audio/fold3/112075-5-0-1.wav,True
112075-5-0-2.wav,112075,9.037355,13.037355,2,3,5,engine_idling,4.0,UrbanSound8K/audio/fold3/112075-5-0-2.wav,True
113601-9-0-22.wav,113601,36.248352,40.248352,2,5,9,street_music,4.0,UrbanSound8K/audio/fold5/113601-9-0-22.wav,True
113601-9-0-3.wav,113601,26.748352,30.748352,2,5,9,street_music,4.0,UrbanSound8K/audio/fold5/113601-9-0-3.wav,True
113601-9-0-33.wav,113601,41.748352,45.748352,2,5,9,street_music,4.0,UrbanSound8K/audio/fold5/113601-9-0-33.wav,True
113601-9-0-34.wav,113601,42.248352,46.248352,2,5,9,street_music,4.0,UrbanSound8K/audio/fold5/113601-9-0-34.wav,True
113601-9-0-35.wav,113601,42.748352,46.748352,2,5,9,street_music,4.0,UrbanSound8K/audio/fold5/113601-9-0-35.wav,True
113601-9-0-42.wav,113601,46.248352,50.248352,2,5,9,street_music,4.0,UrbanSound8K/audio/fold5/113601-9-0-42.wav,True
115411-3-0-0.wav,115411,4.352579,5.374102,2,7,3,dog_bark,1.0215229999999993,UrbanSound8K/audio/fold7/115411-3-0-0.wav,True
115411-3-2-0.wav,115411,15.322853,18.9426,2,7,3,dog_bark,3.6197469999999985,UrbanSound8K/audio/fold7/115411-3-2-0.wav,True
115411-3-3-0.wav,115411,23.161936,27.161936,2,7,3,dog_bark,4.0,UrbanSound8K/audio/fold7/115411-3-3-0.wav,True
115415-9-0-0.wav,115415,0.599702,4.599702,2,4,9,street_music,4.0,UrbanSound8K/audio/fold4/115415-9-0-0.wav,True
115415-9-0-1.wav,115415,1.099702,5.099702,2,4,9,street_music,4.0,UrbanSound8K/audio/fold4/115415-9-0-1.wav,True
115415-9-0-4.wav,115415,2.599702,6.599702,2,4,9,street_music,3.9999999999999996,UrbanSound8K/audio/fold4/115415-9-0-4.wav,True
115415-9-0-5.wav,115415,3.099702,7.099702,2,4,9,street_music,3.9999999999999996,UrbanSound8K/audio/fold4/115415-9-0-5.wav,True
115415-9-0-6.wav,115415,3.599702,7.599702,2,4,9,street_music,3.9999999999999996,UrbanSound8K/audio/fold4/115415-9-0-6.wav,True
115415-9-0-7.wav,115415,4.099702,8.099702,2,4,9,street_music,4.000000000000001,UrbanSound8K/audio/fold4/115415-9-0-7.wav,True
116163-3-0-0.wav,116163,0.764195,1.036249,2,5,3,dog_bark,0.272054,UrbanSound8K/audio/fold5/116163-3-0-0.wav,True
116163-3-1-0.wav,116163,1.351097,1.757649,2,5,3,dog_bark,0.406552,UrbanSound8K/audio/fold5/116163-3-1-0.wav,True
117536-1-0-0.wav,117536,31.064967,31.640588,2,4,1,car_horn,0.5756210000000017,UrbanSound8K/audio/fold4/117536-1-0-0.wav,True
117889-9-0-12.wav,117889,7.96625,11.96625,2,10,9,street_music,4.000000000000001,UrbanSound8K/audio/fold10/117889-9-0-12.wav,True
117889-9-0-20.wav,117889,11.96625,15.96625,2,10,9,street_music,4.0,UrbanSound8K/audio/fold10/117889-9-0-20.wav,True
117889-9-0-30.wav,117889,16.96625,20.96625,2,10,9,street_music,4.0,UrbanSound8K/audio/fold10/117889-9-0-30.wav,True
117889-9-0-36.wav,117889,19.96625,23.96625,2,10,9,street_music,4.0,UrbanSound8K/audio/fold10/117889-9-0-36.wav,True
117889-9-0-39.wav,117889,21.46625,25.46625,2,10,9,street_music,4.0,UrbanSound8K/audio/fold10/117889-9-0-39.wav,True
117889-9-0-40.wav,117889,21.96625,25.96625,2,10,9,street_music,4.0,UrbanSound8K/audio/fold10/117889-9-0-40.wav,True
118278-4-0-0.wav,118278,0.0,4.0,2,10,4,drilling,4.0,UrbanSound8K/audio/fold10/118278-4-0-0.wav,True
118278-4-0-1.wav,118278,0.5,4.5,2,10,4,drilling,4.0,UrbanSound8K/audio/fold10/118278-4-0-1.wav,True
118278-4-0-10.wav,118278,5.0,9.0,2,10,4,drilling,4.0,UrbanSound8K/audio/fold10/118278-4-0-10.wav,True
118278-4-0-11.wav,118278,5.5,9.5,2,10,4,drilling,4.0,UrbanSound8K/audio/fold10/118278-4-0-11.wav,True
118278-4-0-12.wav,118278,6.0,10.0,2,10,4,drilling,4.0,UrbanSound8K/audio/fold10/118278-4-0-12.wav,True
118278-4-0-13.wav,118278,6.5,10.5,2,10,4,drilling,4.0,UrbanSound8K/audio/fold10/118278-4-0-13.wav,True
118278-4-0-2.wav,118278,1.0,5.0,2,10,4,drilling,4.0,UrbanSound8K/audio/fold10/118278-4-0-2.wav,True
118278-4-0-3.wav,118278,1.5,5.5,2,10,4,drilling,4.0,UrbanSound8K/audio/fold10/118278-4-0-3.wav,True
118278-4-0-4.wav,118278,2.0,6.0,2,10,4,drilling,4.0,UrbanSound8K/audio/fold10/118278-4-0-4.wav,True
118278-4-0-5.wav,118278,2.5,6.5,2,10,4,drilling,4.0,UrbanSound8K/audio/fold10/118278-4-0-5.wav,True
118278-4-0-6.wav,118278,3.0,7.0,2,10,4,drilling,4.0,UrbanSound8K/audio/fold10/118278-4-0-6.wav,True
118278-4-0-7.wav,118278,3.5,7.5,2,10,4,drilling,4.0,UrbanSound8K/audio/fold10/118278-4-0-7.wav,True
118278-4-0-8.wav,118278,4.0,8.0,2,10,4,drilling,4.0,UrbanSound8K/audio/fold10/118278-4-0-8.wav,True
118278-4-0-9.wav,118278,4.5,8.5,2,10,4,drilling,4.0,UrbanSound8K/audio/fold10/118278-4-0-9.wav,True
118279-8-0-0.wav,118279,0.0,4.0,2,1,8,siren,4.0,UrbanSound8K/audio/fold1/118279-8-0-0.wav,True
118279-8-0-1.wav,118279,0.5,4.5,2,1,8,siren,4.0,UrbanSound8K/audio/fold1/118279-8-0-1.wav,True
118279-8-0-10.wav,118279,5.0,9.0,2,1,8,siren,4.0,UrbanSound8K/audio/fold1/118279-8-0-10.wav,True
118279-8-0-11.wav,118279,5.5,9.5,2,1,8,siren,4.0,UrbanSound8K/audio/fold1/118279-8-0-11.wav,True
118279-8-0-12.wav,118279,6.0,10.0,2,1,8,siren,4.0,UrbanSound8K/audio/fold1/118279-8-0-12.wav,True
118279-8-0-13.wav,118279,6.5,10.5,2,1,8,siren,4.0,UrbanSound8K/audio/fold1/118279-8-0-13.wav,True
118279-8-0-14.wav,118279,7.0,11.0,2,1,8,siren,4.0,UrbanSound8K/audio/fold1/118279-8-0-14.wav,True
118279-8-0-2.wav,118279,1.0,5.0,2,1,8,siren,4.0,UrbanSound8K/audio/fold1/118279-8-0-2.wav,True
118279-8-0-3.wav,118279,1.5,5.5,2,1,8,siren,4.0,UrbanSound8K/audio/fold1/118279-8-0-3.wav,True
118279-8-0-4.wav,118279,2.0,6.0,2,1,8,siren,4.0,UrbanSound8K/audio/fold1/118279-8-0-4.wav,True
118279-8-0-5.wav,118279,2.5,6.5,2,1,8,siren,4.0,UrbanSound8K/audio/fold1/118279-8-0-5.wav,True
118279-8-0-6.wav,118279,3.0,7.0,2,1,8,siren,4.0,UrbanSound8K/audio/fold1/118279-8-0-6.wav,True
118279-8-0-7.wav,118279,3.5,7.5,2,1,8,siren,4.0,UrbanSound8K/audio/fold1/118279-8-0-7.wav,True
118279-8-0-8.wav,118279,4.0,8.0,2,1,8,siren,4.0,UrbanSound8K/audio/fold1/118279-8-0-8.wav,True
118279-8-0-9.wav,118279,4.5,8.5,2,1,8,siren,4.0,UrbanSound8K/audio/fold1/118279-8-0-9.wav,True
118496-1-0-0.wav,118496,1.394779,1.649762,2,3,1,car_horn,0.25498299999999996,UrbanSound8K/audio/fold3/118496-1-0-0.wav,True
118496-1-1-0.wav,118496,1.963587,2.155369,2,3,1,car_horn,0.1917819999999999,UrbanSound8K/audio/fold3/118496-1-1-0.wav,True
119809-7-0-0.wav,119809,0.467382,4.467382,2,9,7,jackhammer,3.9999999999999996,UrbanSound8K/audio/fold9/119809-7-0-0.wav,True
119809-7-0-1.wav,119809,0.967382,4.967382,2,9,7,jackhammer,4.0,UrbanSound8K/audio/fold9/119809-7-0-1.wav,True
119809-7-0-2.wav,119809,1.467382,5.467382,2,9,7,jackhammer,4.0,UrbanSound8K/audio/fold9/119809-7-0-2.wav,True
119809-7-0-3.wav,119809,1.967382,5.967382,2,9,7,jackhammer,4.0,UrbanSound8K/audio/fold9/119809-7-0-3.wav,True
119809-7-0-4.wav,119809,2.467382,6.467382000000001,2,9,7,jackhammer,4.0,UrbanSound8K/audio/fold9/119809-7-0-4.wav,True
119809-7-0-5.wav,119809,2.967382,6.967382000000001,2,9,7,jackhammer,4.0,UrbanSound8K/audio/fold9/119809-7-0-5.wav,True
119809-7-0-6.wav,119809,3.467382,7.467382000000001,2,9,7,jackhammer,4.0,UrbanSound8K/audio/fold9/119809-7-0-6.wav,True
121299-1-0-0.wav,121299,49.966977,50.59947,2,5,1,car_horn,0.6324929999999966,UrbanSound8K/audio/fold5/121299-1-0-0.wav,True
121528-8-1-0.wav,121528,24.030115,28.030115,2,3,8,siren,4.0,UrbanSound8K/audio/fold3/121528-8-1-0.wav,True
121528-8-1-1.wav,121528,24.530115,28.530115,2,3,8,siren,4.0,UrbanSound8K/audio/fold3/121528-8-1-1.wav,True
122199-3-1-1.wav,122199,15.147059,19.147059,2,8,3,dog_bark,3.9999999999999982,UrbanSound8K/audio/fold8/122199-3-1-1.wav,True
122199-3-1-2.wav,122199,15.647059,19.647059,2,8,3,dog_bark,3.9999999999999982,UrbanSound8K/audio/fold8/122199-3-1-2.wav,True
122199-3-1-3.wav,122199,16.147059,20.147059,2,8,3,dog_bark,4.0,UrbanSound8K/audio/fold8/122199-3-1-3.wav,True
122199-3-1-6.wav,122199,17.647059,21.647059,2,8,3,dog_bark,4.0,UrbanSound8K/audio/fold8/122199-3-1-6.wav,True
122738-9-0-11.wav,122738,6.121431,10.121431,2,6,9,street_music,3.999999999999999,UrbanSound8K/audio/fold6/122738-9-0-11.wav,True
122738-9-0-12.wav,122738,6.621431,10.621431,2,6,9,street_music,3.999999999999999,UrbanSound8K/audio/fold6/122738-9-0-12.wav,True
122738-9-0-2.wav,122738,1.6214309999999998,5.621430999999999,2,6,9,street_music,3.9999999999999996,UrbanSound8K/audio/fold6/122738-9-0-2.wav,True
122738-9-0-3.wav,122738,2.121431,6.121430999999999,2,6,9,street_music,3.9999999999999996,UrbanSound8K/audio/fold6/122738-9-0-3.wav,True
122738-9-0-5.wav,122738,3.121431,7.121430999999999,2,6,9,street_music,3.9999999999999996,UrbanSound8K/audio/fold6/122738-9-0-5.wav,True
122738-9-0-9.wav,122738,5.121431,9.121431,2,6,9,street_music,3.999999999999999,UrbanSound8K/audio/fold6/122738-9-0-9.wav,True
123688-8-0-0.wav,123688,14.175572,18.175572000000003,2,2,8,siren,4.000000000000002,UrbanSound8K/audio/fold2/123688-8-0-0.wav,True
123688-8-0-1.wav,123688,14.675572,18.675572000000003,2,2,8,siren,4.000000000000002,UrbanSound8K/audio/fold2/123688-8-0-1.wav,True
123688-8-0-10.wav,123688,19.175572000000003,23.175572000000003,2,2,8,siren,4.0,UrbanSound8K/audio/fold2/123688-8-0-10.wav,True
123688-8-0-11.wav,123688,19.675572000000003,23.675572000000003,2,2,8,siren,4.0,UrbanSound8K/audio/fold2/123688-8-0-11.wav,True
123688-8-0-12.wav,123688,20.175572000000003,24.175572000000003,2,2,8,siren,4.0,UrbanSound8K/audio/fold2/123688-8-0-12.wav,True
123688-8-0-13.wav,123688,20.675572000000003,24.675572000000003,2,2,8,siren,4.0,UrbanSound8K/audio/fold2/123688-8-0-13.wav,True
123688-8-0-14.wav,123688,21.175572000000003,25.175572000000003,2,2,8,siren,4.0,UrbanSound8K/audio/fold2/123688-8-0-14.wav,True
123688-8-0-15.wav,123688,21.675572000000003,25.675572000000003,2,2,8,siren,4.0,UrbanSound8K/audio/fold2/123688-8-0-15.wav,True
123688-8-0-16.wav,123688,22.175572000000003,26.175572000000003,2,2,8,siren,4.0,UrbanSound8K/audio/fold2/123688-8-0-16.wav,True
123688-8-0-17.wav,123688,22.675572000000003,26.675572000000003,2,2,8,siren,4.0,UrbanSound8K/audio/fold2/123688-8-0-17.wav,True
123688-8-0-18.wav,123688,23.175572000000003,27.175572000000003,2,2,8,siren,4.0,UrbanSound8K/audio/fold2/123688-8-0-18.wav,True
123688-8-0-2.wav,123688,15.175572,19.175572000000003,2,2,8,siren,4.000000000000002,UrbanSound8K/audio/fold2/123688-8-0-2.wav,True
123688-8-0-3.wav,123688,15.675572,19.675572000000003,2,2,8,siren,4.000000000000002,UrbanSound8K/audio/fold2/123688-8-0-3.wav,True
123688-8-0-4.wav,123688,16.175572000000003,20.175572000000003,2,2,8,siren,4.0,UrbanSound8K/audio/fold2/123688-8-0-4.wav,True
123688-8-0-5.wav,123688,16.675572000000003,20.675572000000003,2,2,8,siren,4.0,UrbanSound8K/audio/fold2/123688-8-0-5.wav,True
123688-8-0-6.wav,123688,17.175572000000003,21.175572000000003,2,2,8,siren,4.0,UrbanSound8K/audio/fold2/123688-8-0-6.wav,True
123688-8-0-7.wav,123688,17.675572000000003,21.675572000000003,2,2,8,siren,4.0,UrbanSound8K/audio/fold2/123688-8-0-7.wav,True
123688-8-0-8.wav,123688,18.175572000000003,22.175572000000003,2,2,8,siren,4.0,UrbanSound8K/audio/fold2/123688-8-0-8.wav,True
123688-8-0-9.wav,123688,18.675572000000003,22.675572000000003,2,2,8,siren,4.0,UrbanSound8K/audio/fold2/123688-8-0-9.wav,True
123688-8-2-0.wav,123688,71.53549,75.53549,2,2,8,siren,4.0,UrbanSound8K/audio/fold2/123688-8-2-0.wav,True
123688-8-2-1.wav,123688,72.03549,76.03549,2,2,8,siren,4.0,UrbanSound8K/audio/fold2/123688-8-2-1.wav,True
123688-8-2-2.wav,123688,72.53549,76.53549,2,2,8,siren,4.0,UrbanSound8K/audio/fold2/123688-8-2-2.wav,True
123688-8-2-3.wav,123688,73.03549,77.03549,2,2,8,siren,4.0,UrbanSound8K/audio/fold2/123688-8-2-3.wav,True
123688-8-2-4.wav,123688,73.53549,77.53549,2,2,8,siren,4.0,UrbanSound8K/audio/fold2/123688-8-2-4.wav,True
124389-8-1-0.wav,124389,195.913986,199.913986,2,6,8,siren,4.0,UrbanSound8K/audio/fold6/124389-8-1-0.wav,True
124389-8-1-1.wav,124389,196.413986,200.413986,2,6,8,siren,4.0,UrbanSound8K/audio/fold6/124389-8-1-1.wav,True
124389-8-1-10.wav,124389,200.913986,204.913986,2,6,8,siren,4.0,UrbanSound8K/audio/fold6/124389-8-1-10.wav,True
124389-8-1-11.wav,124389,201.413986,205.413986,2,6,8,siren,4.0,UrbanSound8K/audio/fold6/124389-8-1-11.wav,True
124389-8-1-12.wav,124389,201.913986,205.913986,2,6,8,siren,4.0,UrbanSound8K/audio/fold6/124389-8-1-12.wav,True
124389-8-1-13.wav,124389,202.413986,206.413986,2,6,8,siren,4.0,UrbanSound8K/audio/fold6/124389-8-1-13.wav,True
124389-8-1-14.wav,124389,202.913986,206.913986,2,6,8,siren,4.0,UrbanSound8K/audio/fold6/124389-8-1-14.wav,True
124389-8-1-15.wav,124389,203.413986,207.413986,2,6,8,siren,4.0,UrbanSound8K/audio/fold6/124389-8-1-15.wav,True
124389-8-1-16.wav,124389,203.913986,207.913986,2,6,8,siren,4.0,UrbanSound8K/audio/fold6/124389-8-1-16.wav,True
124389-8-1-17.wav,124389,204.413986,208.413986,2,6,8,siren,4.0,UrbanSound8K/audio/fold6/124389-8-1-17.wav,True
124389-8-1-18.wav,124389,204.913986,208.913986,2,6,8,siren,4.0,UrbanSound8K/audio/fold6/124389-8-1-18.wav,True
124389-8-1-2.wav,124389,196.913986,200.913986,2,6,8,siren,4.0,UrbanSound8K/audio/fold6/124389-8-1-2.wav,True
124389-8-1-3.wav,124389,197.413986,201.413986,2,6,8,siren,4.0,UrbanSound8K/audio/fold6/124389-8-1-3.wav,True
124389-8-1-4.wav,124389,197.913986,201.913986,2,6,8,siren,4.0,UrbanSound8K/audio/fold6/124389-8-1-4.wav,True
124389-8-1-5.wav,124389,198.413986,202.413986,2,6,8,siren,4.0,UrbanSound8K/audio/fold6/124389-8-1-5.wav,True
124389-8-1-6.wav,124389,198.913986,202.913986,2,6,8,siren,4.0,UrbanSound8K/audio/fold6/124389-8-1-6.wav,True
124389-8-1-7.wav,124389,199.413986,203.413986,2,6,8,siren,4.0,UrbanSound8K/audio/fold6/124389-8-1-7.wav,True
124389-8-1-8.wav,124389,199.913986,203.913986,2,6,8,siren,4.0,UrbanSound8K/audio/fold6/124389-8-1-8.wav,True
124389-8-1-9.wav,124389,200.413986,204.413986,2,6,8,siren,4.0,UrbanSound8K/audio/fold6/124389-8-1-9.wav,True
126521-3-0-12.wav,126521,8.321995,12.321995,2,5,3,dog_bark,4.0,UrbanSound8K/audio/fold5/126521-3-0-12.wav,True
126521-3-0-17.wav,126521,10.821995,14.821995,2,5,3,dog_bark,4.0,UrbanSound8K/audio/fold5/126521-3-0-17.wav,True
126521-3-0-18.wav,126521,11.321995,15.321995,2,5,3,dog_bark,4.0,UrbanSound8K/audio/fold5/126521-3-0-18.wav,True
126521-3-0-2.wav,126521,3.321995,7.321994999999999,2,5,3,dog_bark,3.9999999999999996,UrbanSound8K/audio/fold5/126521-3-0-2.wav,True
128465-1-0-0.wav,128465,7.177949,11.177949,2,6,1,car_horn,4.0,UrbanSound8K/audio/fold6/128465-1-0-0.wav,True
128465-1-0-1.wav,128465,7.677949,11.677949,2,6,1,car_horn,4.0,UrbanSound8K/audio/fold6/128465-1-0-1.wav,True
128465-1-0-2.wav,128465,8.177949,12.177949,2,6,1,car_horn,4.0,UrbanSound8K/audio/fold6/128465-1-0-2.wav,True
128465-1-0-3.wav,128465,8.677949,12.677949,2,6,1,car_horn,4.0,UrbanSound8K/audio/fold6/128465-1-0-3.wav,True
128465-1-0-4.wav,128465,9.177949,13.177949,2,6,1,car_horn,4.0,UrbanSound8K/audio/fold6/128465-1-0-4.wav,True
128465-1-0-5.wav,128465,9.677949,13.677949,2,6,1,car_horn,4.0,UrbanSound8K/audio/fold6/128465-1-0-5.wav,True
128465-1-0-6.wav,128465,10.177949,14.177949,2,6,1,car_horn,4.0,UrbanSound8K/audio/fold6/128465-1-0-6.wav,True
128465-1-0-7.wav,128465,10.677949,14.677949,2,6,1,car_horn,4.0,UrbanSound8K/audio/fold6/128465-1-0-7.wav,True
128465-1-0-8.wav,128465,11.177949,15.177949,2,6,1,car_horn,4.0,UrbanSound8K/audio/fold6/128465-1-0-8.wav,True
129356-2-0-101.wav,129356,50.5,54.5,2,6,2,children_playing,4.0,UrbanSound8K/audio/fold6/129356-2-0-101.wav,True
129356-2-0-115.wav,129356,57.5,61.5,2,6,2,children_playing,4.0,UrbanSound8K/audio/fold6/129356-2-0-115.wav,True
129356-2-0-118.wav,129356,59.0,63.0,2,6,2,children_playing,4.0,UrbanSound8K/audio/fold6/129356-2-0-118.wav,True
129356-2-0-129.wav,129356,64.5,68.5,2,6,2,children_playing,4.0,UrbanSound8K/audio/fold6/129356-2-0-129.wav,True
129356-2-0-199.wav,129356,99.5,103.5,2,6,2,children_playing,4.0,UrbanSound8K/audio/fold6/129356-2-0-199.wav,True
129356-2-0-48.wav,129356,24.0,28.0,2,6,2,children_playing,4.0,UrbanSound8K/audio/fold6/129356-2-0-48.wav,True
129356-2-0-98.wav,129356,49.0,53.0,2,6,2,children_playing,4.0,UrbanSound8K/audio/fold6/129356-2-0-98.wav,True
129750-2-0-3.wav,129750,1.5,5.5,2,10,2,children_playing,4.0,UrbanSound8K/audio/fold10/129750-2-0-3.wav,True
129750-2-0-34.wav,129750,17.0,21.0,2,10,2,children_playing,4.0,UrbanSound8K/audio/fold10/129750-2-0-34.wav,True
129750-2-0-36.wav,129750,18.0,22.0,2,10,2,children_playing,4.0,UrbanSound8K/audio/fold10/129750-2-0-36.wav,True
129750-2-0-37.wav,129750,18.5,22.5,2,10,2,children_playing,4.0,UrbanSound8K/audio/fold10/129750-2-0-37.wav,True
129750-2-0-4.wav,129750,2.0,6.0,2,10,2,children_playing,4.0,UrbanSound8K/audio/fold10/129750-2-0-4.wav,True
129750-2-0-45.wav,129750,22.5,26.5,2,10,2,children_playing,4.0,UrbanSound8K/audio/fold10/129750-2-0-45.wav,True
129750-2-0-46.wav,129750,23.0,27.0,2,10,2,children_playing,4.0,UrbanSound8K/audio/fold10/129750-2-0-46.wav,True
129750-2-0-48.wav,129750,24.0,28.0,2,10,2,children_playing,4.0,UrbanSound8K/audio/fold10/129750-2-0-48.wav,True
130961-4-0-0.wav,130961,13.639708,16.690696,2,7,4,drilling,3.0509879999999985,UrbanSound8K/audio/fold7/130961-4-0-0.wav,True
132016-7-0-0.wav,132016,76.564653,80.564653,2,4,7,jackhammer,4.0,UrbanSound8K/audio/fold4/132016-7-0-0.wav,True
132016-7-0-1.wav,132016,77.064653,81.064653,2,4,7,jackhammer,4.0,UrbanSound8K/audio/fold4/132016-7-0-1.wav,True
132016-7-0-2.wav,132016,77.564653,81.564653,2,4,7,jackhammer,4.0,UrbanSound8K/audio/fold4/132016-7-0-2.wav,True
132016-7-0-3.wav,132016,78.064653,82.064653,2,4,7,jackhammer,4.0,UrbanSound8K/audio/fold4/132016-7-0-3.wav,True
132016-7-0-4.wav,132016,78.564653,82.564653,2,4,7,jackhammer,4.0,UrbanSound8K/audio/fold4/132016-7-0-4.wav,True
132016-7-0-5.wav,132016,79.064653,83.064653,2,4,7,jackhammer,4.0,UrbanSound8K/audio/fold4/132016-7-0-5.wav,True
132016-7-0-6.wav,132016,79.564653,83.564653,2,4,7,jackhammer,4.0,UrbanSound8K/audio/fold4/132016-7-0-6.wav,True
132016-7-0-7.wav,132016,80.064653,84.064653,2,4,7,jackhammer,4.0,UrbanSound8K/audio/fold4/132016-7-0-7.wav,True
132016-7-0-8.wav,132016,80.564653,84.564653,2,4,7,jackhammer,4.0,UrbanSound8K/audio/fold4/132016-7-0-8.wav,True
132016-9-0-0.wav,132016,46.661108,50.661108,2,1,9,street_music,4.0,UrbanSound8K/audio/fold1/132016-9-0-0.wav,True
132016-9-0-11.wav,132016,52.161108,56.161108,2,1,9,street_music,4.0,UrbanSound8K/audio/fold1/132016-9-0-11.wav,True
132016-9-0-14.wav,132016,53.661108,57.661108,2,1,9,street_music,4.0,UrbanSound8K/audio/fold1/132016-9-0-14.wav,True
132016-9-0-16.wav,132016,54.661108,58.661108,2,1,9,street_music,4.0,UrbanSound8K/audio/fold1/132016-9-0-16.wav,True
132016-9-0-20.wav,132016,56.661108,60.661108,2,1,9,street_music,4.0,UrbanSound8K/audio/fold1/132016-9-0-20.wav,True
132016-9-0-6.wav,132016,49.661108,53.661108,2,1,9,street_music,4.0,UrbanSound8K/audio/fold1/132016-9-0-6.wav,True
132021-7-0-0.wav,132021,4.0349,8.0349,2,6,7,jackhammer,4.0,UrbanSound8K/audio/fold6/132021-7-0-0.wav,True
132021-7-0-1.wav,132021,4.5349,8.5349,2,6,7,jackhammer,4.0,UrbanSound8K/audio/fold6/132021-7-0-1.wav,True
132021-7-0-10.wav,132021,9.0349,13.0349,2,6,7,jackhammer,4.0,UrbanSound8K/audio/fold6/132021-7-0-10.wav,True
132021-7-0-11.wav,132021,9.5349,13.5349,2,6,7,jackhammer,4.0,UrbanSound8K/audio/fold6/132021-7-0-11.wav,True
132021-7-0-12.wav,132021,10.0349,14.0349,2,6,7,jackhammer,4.0,UrbanSound8K/audio/fold6/132021-7-0-12.wav,True
132021-7-0-2.wav,132021,5.0349,9.0349,2,6,7,jackhammer,4.0,UrbanSound8K/audio/fold6/132021-7-0-2.wav,True
132021-7-0-3.wav,132021,5.5349,9.5349,2,6,7,jackhammer,4.0,UrbanSound8K/audio/fold6/132021-7-0-3.wav,True
132021-7-0-4.wav,132021,6.0349,10.0349,2,6,7,jackhammer,4.0,UrbanSound8K/audio/fold6/132021-7-0-4.wav,True
132021-7-0-5.wav,132021,6.5349,10.5349,2,6,7,jackhammer,4.0,UrbanSound8K/audio/fold6/132021-7-0-5.wav,True
132021-7-0-6.wav,132021,7.0349,11.0349,2,6,7,jackhammer,4.0,UrbanSound8K/audio/fold6/132021-7-0-6.wav,True
132021-7-0-7.wav,132021,7.5349,11.5349,2,6,7,jackhammer,4.0,UrbanSound8K/audio/fold6/132021-7-0-7.wav,True
132021-7-0-8.wav,132021,8.0349,12.0349,2,6,7,jackhammer,4.0,UrbanSound8K/audio/fold6/132021-7-0-8.wav,True
132021-7-0-9.wav,132021,8.5349,12.5349,2,6,7,jackhammer,4.0,UrbanSound8K/audio/fold6/132021-7-0-9.wav,True
132073-1-0-0.wav,132073,0.940782,2.404221,2,2,1,car_horn,1.4634390000000002,UrbanSound8K/audio/fold2/132073-1-0-0.wav,True
132073-1-1-0.wav,132073,2.979144,4.128989,2,2,1,car_horn,1.149845,UrbanSound8K/audio/fold2/132073-1-1-0.wav,True
132073-1-2-0.wav,132073,4.41645,4.78231,2,2,1,car_horn,0.36585999999999963,UrbanSound8K/audio/fold2/132073-1-2-0.wav,True
132073-1-3-0.wav,132073,5.80149,7.787586,2,2,1,car_horn,1.9860959999999999,UrbanSound8K/audio/fold2/132073-1-3-0.wav,True
132073-1-4-0.wav,132073,8.310243,9.094228,2,2,1,car_horn,0.7839849999999995,UrbanSound8K/audio/fold2/132073-1-4-0.wav,True
132073-1-5-0.wav,132073,10.871261,12.230169,2,2,1,car_horn,1.3589079999999996,UrbanSound8K/audio/fold2/132073-1-5-0.wav,True
132073-1-6-0.wav,132073,35.409997,35.775857,2,2,1,car_horn,0.36586000000000496,UrbanSound8K/audio/fold2/132073-1-6-0.wav,True
132108-9-0-12.wav,132108,6.0,10.0,2,4,9,street_music,4.0,UrbanSound8K/audio/fold4/132108-9-0-12.wav,True
132108-9-0-21.wav,132108,10.5,14.5,2,4,9,street_music,4.0,UrbanSound8K/audio/fold4/132108-9-0-21.wav,True
132108-9-1-1.wav,132108,59.114335,63.114335,2,4,9,street_music,4.0,UrbanSound8K/audio/fold4/132108-9-1-1.wav,True
132108-9-1-24.wav,132108,70.614335,74.614335,2,4,9,street_music,4.0,UrbanSound8K/audio/fold4/132108-9-1-24.wav,True
132108-9-1-26.wav,132108,71.614335,75.614335,2,4,9,street_music,4.0,UrbanSound8K/audio/fold4/132108-9-1-26.wav,True
132108-9-1-27.wav,132108,72.114335,76.114335,2,4,9,street_music,4.0,UrbanSound8K/audio/fold4/132108-9-1-27.wav,True
132162-9-1-3.wav,132162,143.699868,147.699868,2,6,9,street_music,4.0,UrbanSound8K/audio/fold6/132162-9-1-3.wav,True
132162-9-1-58.wav,132162,171.199868,175.199868,2,6,9,street_music,4.0,UrbanSound8K/audio/fold6/132162-9-1-58.wav,True
132162-9-1-63.wav,132162,173.699868,177.699868,2,6,9,street_music,4.0,UrbanSound8K/audio/fold6/132162-9-1-63.wav,True
132162-9-1-67.wav,132162,175.699868,179.699868,2,6,9,street_music,4.0,UrbanSound8K/audio/fold6/132162-9-1-67.wav,True
132162-9-1-68.wav,132162,176.199868,180.199868,2,6,9,street_music,4.0,UrbanSound8K/audio/fold6/132162-9-1-68.wav,True
132162-9-1-73.wav,132162,178.699868,182.699868,2,6,9,street_music,4.0,UrbanSound8K/audio/fold6/132162-9-1-73.wav,True
132855-2-0-113.wav,132855,56.5,60.5,2,3,2,children_playing,4.0,UrbanSound8K/audio/fold3/132855-2-0-113.wav,True
132855-2-0-41.wav,132855,20.5,24.5,2,3,2,children_playing,4.0,UrbanSound8K/audio/fold3/132855-2-0-41.wav,True
132855-2-0-58.wav,132855,29.0,33.0,2,3,2,children_playing,4.0,UrbanSound8K/audio/fold3/132855-2-0-58.wav,True
132855-2-0-70.wav,132855,35.0,39.0,2,3,2,children_playing,4.0,UrbanSound8K/audio/fold3/132855-2-0-70.wav,True
132855-2-0-77.wav,132855,38.5,42.5,2,3,2,children_playing,4.0,UrbanSound8K/audio/fold3/132855-2-0-77.wav,True
132855-2-0-88.wav,132855,44.0,48.0,2,3,2,children_playing,4.0,UrbanSound8K/audio/fold3/132855-2-0-88.wav,True
132855-2-0-90.wav,132855,45.0,49.0,2,3,2,children_playing,4.0,UrbanSound8K/audio/fold3/132855-2-0-90.wav,True
132855-2-0-99.wav,132855,49.5,53.5,2,3,2,children_playing,4.0,UrbanSound8K/audio/fold3/132855-2-0-99.wav,True
133473-8-0-0.wav,133473,0.0,4.0,2,8,8,siren,4.0,UrbanSound8K/audio/fold8/133473-8-0-0.wav,True
133473-8-0-1.wav,133473,0.5,4.5,2,8,8,siren,4.0,UrbanSound8K/audio/fold8/133473-8-0-1.wav,True
133473-8-0-2.wav,133473,1.0,5.0,2,8,8,siren,4.0,UrbanSound8K/audio/fold8/133473-8-0-2.wav,True
133473-8-0-3.wav,133473,1.5,5.5,2,8,8,siren,4.0,UrbanSound8K/audio/fold8/133473-8-0-3.wav,True
133473-8-0-4.wav,133473,2.0,6.0,2,8,8,siren,4.0,UrbanSound8K/audio/fold8/133473-8-0-4.wav,True
133473-8-0-5.wav,133473,2.5,6.5,2,8,8,siren,4.0,UrbanSound8K/audio/fold8/133473-8-0-5.wav,True
135160-8-0-0.wav,135160,123.307227,127.307227,2,6,8,siren,4.0,UrbanSound8K/audio/fold6/135160-8-0-0.wav,True
135160-8-0-1.wav,135160,123.807227,127.807227,2,6,8,siren,4.0,UrbanSound8K/audio/fold6/135160-8-0-1.wav,True
135160-8-0-10.wav,135160,128.307227,132.307227,2,6,8,siren,4.0,UrbanSound8K/audio/fold6/135160-8-0-10.wav,True
135160-8-0-11.wav,135160,128.807227,132.807227,2,6,8,siren,4.0,UrbanSound8K/audio/fold6/135160-8-0-11.wav,True
135160-8-0-2.wav,135160,124.307227,128.307227,2,6,8,siren,4.000000000000014,UrbanSound8K/audio/fold6/135160-8-0-2.wav,True
135160-8-0-3.wav,135160,124.807227,128.807227,2,6,8,siren,4.000000000000014,UrbanSound8K/audio/fold6/135160-8-0-3.wav,True
135160-8-0-4.wav,135160,125.307227,129.307227,2,6,8,siren,4.000000000000014,UrbanSound8K/audio/fold6/135160-8-0-4.wav,True
135160-8-0-5.wav,135160,125.807227,129.807227,2,6,8,siren,4.000000000000014,UrbanSound8K/audio/fold6/135160-8-0-5.wav,True
135160-8-0-6.wav,135160,126.307227,130.307227,2,6,8,siren,4.000000000000014,UrbanSound8K/audio/fold6/135160-8-0-6.wav,True
135160-8-0-7.wav,135160,126.807227,130.807227,2,6,8,siren,4.000000000000014,UrbanSound8K/audio/fold6/135160-8-0-7.wav,True
135160-8-0-8.wav,135160,127.307227,131.307227,2,6,8,siren,4.000000000000014,UrbanSound8K/audio/fold6/135160-8-0-8.wav,True
135160-8-0-9.wav,135160,127.807227,131.807227,2,6,8,siren,4.000000000000014,UrbanSound8K/audio/fold6/135160-8-0-9.wav,True
135527-6-0-0.wav,135527,0.0,1.280285,2,7,6,gun_shot,1.280285,UrbanSound8K/audio/fold7/135527-6-0-0.wav,True
135527-6-1-0.wav,135527,1.280285,4.511481,2,7,6,gun_shot,3.2311959999999997,UrbanSound8K/audio/fold7/135527-6-1-0.wav,True
135527-6-10-0.wav,135527,32.860655,33.714179,2,7,6,gun_shot,0.8535240000000002,UrbanSound8K/audio/fold7/135527-6-10-0.wav,True
135527-6-11-0.wav,135527,36.274749,38.164694,2,7,6,gun_shot,1.8899449999999973,UrbanSound8K/audio/fold7/135527-6-11-0.wav,True
135527-6-12-0.wav,135527,38.469524,40.420435,2,7,6,gun_shot,1.9509109999999978,UrbanSound8K/audio/fold7/135527-6-12-0.wav,True
135527-6-13-0.wav,135527,43.468733,45.17578,2,7,6,gun_shot,1.7070470000000029,UrbanSound8K/audio/fold7/135527-6-13-0.wav,True
135527-6-14-0.wav,135527,48.406976,52.406976,2,7,6,gun_shot,4.0,UrbanSound8K/audio/fold7/135527-6-14-0.wav,True
135527-6-14-1.wav,135527,48.906976,52.906976,2,7,6,gun_shot,4.0,UrbanSound8K/audio/fold7/135527-6-14-1.wav,True
135527-6-14-10.wav,135527,53.406976,57.406976,2,7,6,gun_shot,4.0,UrbanSound8K/audio/fold7/135527-6-14-10.wav,True
135527-6-14-2.wav,135527,49.406976,53.406976,2,7,6,gun_shot,4.0,UrbanSound8K/audio/fold7/135527-6-14-2.wav,True
135527-6-14-3.wav,135527,49.906976,53.906976,2,7,6,gun_shot,4.0,UrbanSound8K/audio/fold7/135527-6-14-3.wav,True
135527-6-14-4.wav,135527,50.406976,54.406976,2,7,6,gun_shot,4.0,UrbanSound8K/audio/fold7/135527-6-14-4.wav,True
135527-6-14-5.wav,135527,50.906976,54.906976,2,7,6,gun_shot,4.0,UrbanSound8K/audio/fold7/135527-6-14-5.wav,True
135527-6-14-6.wav,135527,51.406976,55.406976,2,7,6,gun_shot,4.0,UrbanSound8K/audio/fold7/135527-6-14-6.wav,True
135527-6-14-7.wav,135527,51.906976,55.906976,2,7,6,gun_shot,4.0,UrbanSound8K/audio/fold7/135527-6-14-7.wav,True
135527-6-14-8.wav,135527,52.406976,56.406976,2,7,6,gun_shot,4.0,UrbanSound8K/audio/fold7/135527-6-14-8.wav,True
135527-6-14-9.wav,135527,52.906976,56.906976,2,7,6,gun_shot,4.0,UrbanSound8K/audio/fold7/135527-6-14-9.wav,True
135527-6-2-0.wav,135527,4.511481,6.64529,2,7,6,gun_shot,2.1338090000000003,UrbanSound8K/audio/fold7/135527-6-2-0.wav,True
135527-6-3-0.wav,135527,9.205861,10.486146,2,7,6,gun_shot,1.2802849999999992,UrbanSound8K/audio/fold7/135527-6-3-0.wav,True
135527-6-4-0.wav,135527,10.486146,12.680921,2,7,6,gun_shot,2.194775,UrbanSound8K/audio/fold7/135527-6-4-0.wav,True
135527-6-5-0.wav,135527,12.680921,14.936661,2,7,6,gun_shot,2.255740000000001,UrbanSound8K/audio/fold7/135527-6-5-0.wav,True
135527-6-6-0.wav,135527,16.095015,18.533653,2,7,6,gun_shot,2.438638000000001,UrbanSound8K/audio/fold7/135527-6-6-0.wav,True
135527-6-7-0.wav,135527,18.777517,21.15519,2,7,6,gun_shot,2.3776730000000015,UrbanSound8K/audio/fold7/135527-6-7-0.wav,True
135527-6-8-0.wav,135527,21.642918,23.471897,2,7,6,gun_shot,1.8289789999999968,UrbanSound8K/audio/fold7/135527-6-8-0.wav,True
135527-6-9-0.wav,135527,23.471897,25.544739,2,7,6,gun_shot,2.0728420000000014,UrbanSound8K/audio/fold7/135527-6-9-0.wav,True
135528-6-0-0.wav,135528,8.25396,10.70784,2,4,6,gun_shot,2.45388,UrbanSound8K/audio/fold4/135528-6-0-0.wav,True
135528-6-1-0.wav,135528,10.98669,13.161721,2,4,6,gun_shot,2.1750310000000006,UrbanSound8K/audio/fold4/135528-6-1-0.wav,True
135528-6-10-0.wav,135528,58.112342,60.231602,2,4,6,gun_shot,2.119260000000004,UrbanSound8K/audio/fold4/135528-6-10-0.wav,True
135528-6-11-0.wav,135528,62.127782,63.968193,2,4,6,gun_shot,1.840410999999996,UrbanSound8K/audio/fold4/135528-6-11-0.wav,True
135528-6-12-0.wav,135528,65.027823,67.370163,2,4,6,gun_shot,2.342340000000007,UrbanSound8K/audio/fold4/135528-6-12-0.wav,True
135528-6-2-0.wav,135528,13.440571,17.440571,2,4,6,gun_shot,3.9999999999999982,UrbanSound8K/audio/fold4/135528-6-2-0.wav,True
135528-6-3-0.wav,135528,18.515641,21.359911,2,4,6,gun_shot,2.8442700000000016,UrbanSound8K/audio/fold4/135528-6-3-0.wav,True
135528-6-4-0.wav,135528,21.359911,25.359911,2,4,6,gun_shot,4.0,UrbanSound8K/audio/fold4/135528-6-4-0.wav,True
135528-6-4-1.wav,135528,21.859911,25.859911,2,4,6,gun_shot,4.0,UrbanSound8K/audio/fold4/135528-6-4-1.wav,True
135528-6-4-2.wav,135528,22.359911,26.359911,2,4,6,gun_shot,4.0,UrbanSound8K/audio/fold4/135528-6-4-2.wav,True
135528-6-5-0.wav,135528,30.338881,32.569681,2,4,6,gun_shot,2.230800000000002,UrbanSound8K/audio/fold4/135528-6-5-0.wav,True
135528-6-6-0.wav,135528,34.633171,36.640891,2,4,6,gun_shot,2.007720000000006,UrbanSound8K/audio/fold4/135528-6-6-0.wav,True
135528-6-7-0.wav,135528,38.871692,40.489022,2,4,6,gun_shot,1.6173299999999955,UrbanSound8K/audio/fold4/135528-6-7-0.wav,True
135528-6-8-0.wav,135528,45.173702,46.456412,2,4,6,gun_shot,1.2827100000000016,UrbanSound8K/audio/fold4/135528-6-8-0.wav,True
135528-6-9-0.wav,135528,49.021832,50.248772,2,4,6,gun_shot,1.226939999999999,UrbanSound8K/audio/fold4/135528-6-9-0.wav,True
13577-3-0-0.wav,13577,2.313777,6.313777,2,5,3,dog_bark,4.0,UrbanSound8K/audio/fold5/13577-3-0-0.wav,True
13577-3-0-2.wav,13577,3.313777,7.313777,2,5,3,dog_bark,4.0,UrbanSound8K/audio/fold5/13577-3-0-2.wav,True
13577-3-5-0.wav,13577,54.781414,58.781414,2,5,3,dog_bark,4.0,UrbanSound8K/audio/fold5/13577-3-5-0.wav,True
135776-2-0-32.wav,135776,16.0,20.0,2,1,2,children_playing,4.0,UrbanSound8K/audio/fold1/135776-2-0-32.wav,True
135776-2-0-37.wav,135776,18.5,22.5,2,1,2,children_playing,4.0,UrbanSound8K/audio/fold1/135776-2-0-37.wav,True
135776-2-0-40.wav,135776,20.0,24.0,2,1,2,children_playing,4.0,UrbanSound8K/audio/fold1/135776-2-0-40.wav,True
135776-2-0-49.wav,135776,24.5,28.5,2,1,2,children_playing,4.0,UrbanSound8K/audio/fold1/135776-2-0-49.wav,True
135776-2-0-50.wav,135776,25.0,29.0,2,1,2,children_playing,4.0,UrbanSound8K/audio/fold1/135776-2-0-50.wav,True
135776-2-0-65.wav,135776,32.5,36.5,2,1,2,children_playing,4.0,UrbanSound8K/audio/fold1/135776-2-0-65.wav,True
135776-2-0-85.wav,135776,42.5,46.5,2,1,2,children_playing,4.0,UrbanSound8K/audio/fold1/135776-2-0-85.wav,True
135776-2-0-90.wav,135776,45.0,49.0,2,1,2,children_playing,4.0,UrbanSound8K/audio/fold1/135776-2-0-90.wav,True
137971-2-0-0.wav,137971,3.919268,7.919268000000001,2,4,2,children_playing,4.0,UrbanSound8K/audio/fold4/137971-2-0-0.wav,True
137971-2-0-2.wav,137971,4.919268000000001,8.919268,2,4,2,children_playing,4.0,UrbanSound8K/audio/fold4/137971-2-0-2.wav,True
137971-2-0-3.wav,137971,5.419268000000001,9.419268,2,4,2,children_playing,4.0,UrbanSound8K/audio/fold4/137971-2-0-3.wav,True
137971-2-0-4.wav,137971,5.919268000000001,9.919268,2,4,2,children_playing,4.0,UrbanSound8K/audio/fold4/137971-2-0-4.wav,True
137971-2-0-5.wav,137971,6.419268000000001,10.419268,2,4,2,children_playing,4.0,UrbanSound8K/audio/fold4/137971-2-0-5.wav,True
137971-2-0-6.wav,137971,6.919268000000001,10.919268,2,4,2,children_playing,4.0,UrbanSound8K/audio/fold4/137971-2-0-6.wav,True
137971-2-0-8.wav,137971,7.919268000000001,11.919268,2,4,2,children_playing,4.0,UrbanSound8K/audio/fold4/137971-2-0-8.wav,True
138017-9-1-10.wav,138017,28.393576,32.393576,2,10,9,street_music,4.0000000000000036,UrbanSound8K/audio/fold10/138017-9-1-10.wav,True
138017-9-1-16.wav,138017,31.393576,35.393576,2,10,9,street_music,4.0000000000000036,UrbanSound8K/audio/fold10/138017-9-1-16.wav,True
138017-9-1-4.wav,138017,25.393576,29.393576,2,10,9,street_music,4.0,UrbanSound8K/audio/fold10/138017-9-1-4.wav,True
138017-9-1-6.wav,138017,26.393576,30.393576,2,10,9,street_music,4.0,UrbanSound8K/audio/fold10/138017-9-1-6.wav,True
138465-1-0-0.wav,138465,19.212259,22.962543,2,8,1,car_horn,3.7502840000000006,UrbanSound8K/audio/fold8/138465-1-0-0.wav,True
138468-1-0-0.wav,138468,0.289342,3.890508,2,9,1,car_horn,3.601166,UrbanSound8K/audio/fold9/138468-1-0-0.wav,True
138473-9-0-12.wav,138473,7.523034,11.523034,2,3,9,street_music,4.000000000000001,UrbanSound8K/audio/fold3/138473-9-0-12.wav,True
138473-9-0-29.wav,138473,16.023034,20.023034,2,3,9,street_music,4.0,UrbanSound8K/audio/fold3/138473-9-0-29.wav,True
138473-9-0-35.wav,138473,19.023034,23.023034,2,3,9,street_music,4.0,UrbanSound8K/audio/fold3/138473-9-0-35.wav,True
138473-9-0-38.wav,138473,20.523034,24.523034,2,3,9,street_music,4.0,UrbanSound8K/audio/fold3/138473-9-0-38.wav,True
138473-9-0-5.wav,138473,4.023034,8.023033999999999,2,3,9,street_music,3.999999999999999,UrbanSound8K/audio/fold3/138473-9-0-5.wav,True
138473-9-0-6.wav,138473,4.523034,8.523033999999999,2,3,9,street_music,3.999999999999999,UrbanSound8K/audio/fold3/138473-9-0-6.wav,True
139665-9-0-19.wav,139665,9.5,13.5,2,5,9,street_music,4.0,UrbanSound8K/audio/fold5/139665-9-0-19.wav,True
139665-9-0-23.wav,139665,11.5,15.5,2,5,9,street_music,4.0,UrbanSound8K/audio/fold5/139665-9-0-23.wav,True
139665-9-0-25.wav,139665,12.5,16.5,2,5,9,street_music,4.0,UrbanSound8K/audio/fold5/139665-9-0-25.wav,True
139665-9-0-32.wav,139665,16.0,20.0,2,5,9,street_music,4.0,UrbanSound8K/audio/fold5/139665-9-0-32.wav,True
139665-9-0-8.wav,139665,4.0,8.0,2,5,9,street_music,4.0,UrbanSound8K/audio/fold5/139665-9-0-8.wav,True
139665-9-0-9.wav,139665,4.5,8.5,2,5,9,street_music,4.0,UrbanSound8K/audio/fold5/139665-9-0-9.wav,True
139948-3-0-0.wav,139948,1.066204,4.182799,2,5,3,dog_bark,3.1165950000000002,UrbanSound8K/audio/fold5/139948-3-0-0.wav,True
139948-3-1-0.wav,139948,5.946136,8.939708,2,5,3,dog_bark,2.9935719999999995,UrbanSound8K/audio/fold5/139948-3-1-0.wav,True
139948-3-2-0.wav,139948,13.081499,14.39375,2,5,3,dog_bark,1.3122509999999998,UrbanSound8K/audio/fold5/139948-3-2-0.wav,True
139948-3-4-0.wav,139948,28.131374,29.361609,2,5,3,dog_bark,1.2302350000000004,UrbanSound8K/audio/fold5/139948-3-4-0.wav,True
143115-1-0-0.wav,143115,26.862734,27.466391,2,6,1,car_horn,0.6036570000000019,UrbanSound8K/audio/fold6/143115-1-0-0.wav,True
143115-1-1-0.wav,143115,31.490771,32.698085,2,6,1,car_horn,1.2073140000000002,UrbanSound8K/audio/fold6/143115-1-1-0.wav,True
143115-1-2-0.wav,143115,39.187397,40.394711,2,6,1,car_horn,1.2073140000000038,UrbanSound8K/audio/fold6/143115-1-2-0.wav,True
143115-1-3-0.wav,143115,40.69654,41.149282,2,6,1,car_horn,0.45274200000000064,UrbanSound8K/audio/fold6/143115-1-3-0.wav,True
143115-1-4-0.wav,143115,58.001372,58.353505,2,6,1,car_horn,0.3521329999999949,UrbanSound8K/audio/fold6/143115-1-4-0.wav,True
14358-3-0-26.wav,14358,13.0,17.0,2,6,3,dog_bark,4.0,UrbanSound8K/audio/fold6/14358-3-0-26.wav,True
14358-3-0-7.wav,14358,3.5,7.5,2,6,3,dog_bark,4.0,UrbanSound8K/audio/fold6/14358-3-0-7.wav,True
14358-3-0-85.wav,14358,42.5,46.5,2,6,3,dog_bark,4.0,UrbanSound8K/audio/fold6/14358-3-0-85.wav,True
14358-3-0-90.wav,14358,45.0,49.0,2,6,3,dog_bark,4.0,UrbanSound8K/audio/fold6/14358-3-0-90.wav,True
143651-2-0-0.wav,143651,0.0,4.0,2,1,2,children_playing,4.0,UrbanSound8K/audio/fold1/143651-2-0-0.wav,True
143651-2-0-16.wav,143651,8.0,12.0,2,1,2,children_playing,4.0,UrbanSound8K/audio/fold1/143651-2-0-16.wav,True
143651-2-0-20.wav,143651,10.0,14.0,2,1,2,children_playing,4.0,UrbanSound8K/audio/fold1/143651-2-0-20.wav,True
143651-2-0-22.wav,143651,11.0,15.0,2,1,2,children_playing,4.0,UrbanSound8K/audio/fold1/143651-2-0-22.wav,True
143651-2-0-39.wav,143651,19.5,23.5,2,1,2,children_playing,4.0,UrbanSound8K/audio/fold1/143651-2-0-39.wav,True
143651-2-0-55.wav,143651,27.5,31.5,2,1,2,children_playing,4.0,UrbanSound8K/audio/fold1/143651-2-0-55.wav,True
143651-2-0-59.wav,143651,29.5,33.5,2,1,2,children_playing,4.0,UrbanSound8K/audio/fold1/143651-2-0-59.wav,True
143651-2-0-63.wav,143651,31.5,35.5,2,1,2,children_playing,4.0,UrbanSound8K/audio/fold1/143651-2-0-63.wav,True
14524-1-0-0.wav,14524,45.748852,46.598538,2,7,1,car_horn,0.8496859999999984,UrbanSound8K/audio/fold7/14524-1-0-0.wav,True
14527-9-0-0.wav,14527,7.596771,11.596771,2,9,9,street_music,4.0,UrbanSound8K/audio/fold9/14527-9-0-0.wav,True
14527-9-0-2.wav,14527,8.596771,12.596771,2,9,9,street_music,4.0,UrbanSound8K/audio/fold9/14527-9-0-2.wav,True
14527-9-0-3.wav,14527,9.096771,13.096771,2,9,9,street_music,4.0,UrbanSound8K/audio/fold9/14527-9-0-3.wav,True
14527-9-0-4.wav,14527,9.596771,13.596771,2,9,9,street_music,4.0,UrbanSound8K/audio/fold9/14527-9-0-4.wav,True
14527-9-0-5.wav,14527,10.096771,14.096771,2,9,9,street_music,4.0,UrbanSound8K/audio/fold9/14527-9-0-5.wav,True
14527-9-0-6.wav,14527,10.596771,14.596771,2,9,9,street_music,4.0,UrbanSound8K/audio/fold9/14527-9-0-6.wav,True
14527-9-0-7.wav,14527,11.096771,15.096771,2,9,9,street_music,4.0,UrbanSound8K/audio/fold9/14527-9-0-7.wav,True
145608-6-0-0.wav,145608,2.331561,3.340491,2,2,6,gun_shot,1.0089299999999999,UrbanSound8K/audio/fold2/145608-6-0-0.wav,True
145608-6-1-0.wav,145608,4.196809,5.231175,2,2,6,gun_shot,1.0343660000000003,UrbanSound8K/audio/fold2/145608-6-1-0.wav,True
145608-6-2-0.wav,145608,5.875533,6.833593,2,2,6,gun_shot,0.9580599999999997,UrbanSound8K/audio/fold2/145608-6-2-0.wav,True
145608-6-3-0.wav,145608,8.842974,9.750163,2,2,6,gun_shot,0.9071890000000007,UrbanSound8K/audio/fold2/145608-6-3-0.wav,True
145609-6-0-0.wav,145609,1.969512,3.235187,2,5,6,gun_shot,1.2656749999999999,UrbanSound8K/audio/fold5/145609-6-0-0.wav,True
145609-6-1-0.wav,145609,4.148941,5.235569,2,5,6,gun_shot,1.0866280000000001,UrbanSound8K/audio/fold5/145609-6-1-0.wav,True
145611-6-0-0.wav,145611,5.074933,6.231719,2,5,6,gun_shot,1.1567860000000003,UrbanSound8K/audio/fold5/145611-6-0-0.wav,True
145611-6-1-0.wav,145611,9.814025,10.989469,2,5,6,gun_shot,1.1754439999999988,UrbanSound8K/audio/fold5/145611-6-1-0.wav,True
145611-6-2-0.wav,145611,14.459828,15.560641,2,5,6,gun_shot,1.1008130000000005,UrbanSound8K/audio/fold5/145611-6-2-0.wav,True
145611-6-3-0.wav,145611,17.855555,18.975026,2,5,6,gun_shot,1.1194710000000008,UrbanSound8K/audio/fold5/145611-6-3-0.wav,True
145611-6-4-0.wav,145611,21.307256,22.370753,2,5,6,gun_shot,1.0634970000000017,UrbanSound8K/audio/fold5/145611-6-4-0.wav,True
145612-6-0-0.wav,145612,1.620559,2.595642,2,8,6,gun_shot,0.9750829999999997,UrbanSound8K/audio/fold8/145612-6-0-0.wav,True
145612-6-1-0.wav,145612,3.886596,4.683142,2,8,6,gun_shot,0.7965460000000002,UrbanSound8K/audio/fold8/145612-6-1-0.wav,True
145612-6-2-0.wav,145612,5.493422,6.406703,2,8,6,gun_shot,0.9132810000000005,UrbanSound8K/audio/fold8/145612-6-2-0.wav,True
145612-6-3-0.wav,145612,7.127715,8.253866,2,8,6,gun_shot,1.1261510000000001,UrbanSound8K/audio/fold8/145612-6-3-0.wav,True
145683-6-0-0.wav,145683,2.970842,4.205206,2,9,6,gun_shot,1.2343640000000002,UrbanSound8K/audio/fold9/145683-6-0-0.wav,True
145683-6-1-0.wav,145683,7.071442,8.452256,2,9,6,gun_shot,1.380814,UrbanSound8K/audio/fold9/145683-6-1-0.wav,True
145683-6-2-0.wav,145683,11.172041,12.092583,2,9,6,gun_shot,0.9205419999999993,UrbanSound8K/audio/fold9/145683-6-2-0.wav,True
145683-6-3-0.wav,145683,17.46939,18.452696,2,9,6,gun_shot,0.9833059999999989,UrbanSound8K/audio/fold9/145683-6-3-0.wav,True
145683-6-4-0.wav,145683,21.339853,22.32316,2,9,6,gun_shot,0.9833069999999999,UrbanSound8K/audio/fold9/145683-6-4-0.wav,True
145683-6-5-0.wav,145683,26.109938,26.612052,2,9,6,gun_shot,0.5021139999999988,UrbanSound8K/audio/fold9/145683-6-5-0.wav,True
146714-0-0-0.wav,146714,0.0,4.0,2,3,0,air_conditioner,4.0,UrbanSound8K/audio/fold3/146714-0-0-0.wav,True
146714-0-0-12.wav,146714,6.0,10.0,2,3,0,air_conditioner,4.0,UrbanSound8K/audio/fold3/146714-0-0-12.wav,True
146714-0-0-13.wav,146714,6.5,10.5,2,3,0,air_conditioner,4.0,UrbanSound8K/audio/fold3/146714-0-0-13.wav,True
146714-0-0-17.wav,146714,8.5,12.5,2,3,0,air_conditioner,4.0,UrbanSound8K/audio/fold3/146714-0-0-17.wav,True
146714-0-0-18.wav,146714,9.0,13.0,2,3,0,air_conditioner,4.0,UrbanSound8K/audio/fold3/146714-0-0-18.wav,True
146714-0-0-2.wav,146714,1.0,5.0,2,3,0,air_conditioner,4.0,UrbanSound8K/audio/fold3/146714-0-0-2.wav,True
146714-0-0-21.wav,146714,10.5,14.5,2,3,0,air_conditioner,4.0,UrbanSound8K/audio/fold3/146714-0-0-21.wav,True
146714-0-0-22.wav,146714,11.0,15.0,2,3,0,air_conditioner,4.0,UrbanSound8K/audio/fold3/146714-0-0-22.wav,True
146714-0-0-27.wav,146714,13.5,17.5,2,3,0,air_conditioner,4.0,UrbanSound8K/audio/fold3/146714-0-0-27.wav,True
146714-0-0-33.wav,146714,16.5,20.5,2,3,0,air_conditioner,4.0,UrbanSound8K/audio/fold3/146714-0-0-33.wav,True
146714-0-0-35.wav,146714,17.5,21.5,2,3,0,air_conditioner,4.0,UrbanSound8K/audio/fold3/146714-0-0-35.wav,True
146714-0-0-36.wav,146714,18.0,22.0,2,3,0,air_conditioner,4.0,UrbanSound8K/audio/fold3/146714-0-0-36.wav,True
146714-0-0-38.wav,146714,19.0,23.0,2,3,0,air_conditioner,4.0,UrbanSound8K/audio/fold3/146714-0-0-38.wav,True
146714-0-0-41.wav,146714,20.5,24.5,2,3,0,air_conditioner,4.0,UrbanSound8K/audio/fold3/146714-0-0-41.wav,True
146714-0-0-43.wav,146714,21.5,25.5,2,3,0,air_conditioner,4.0,UrbanSound8K/audio/fold3/146714-0-0-43.wav,True
146714-0-0-45.wav,146714,22.5,26.5,2,3,0,air_conditioner,4.0,UrbanSound8K/audio/fold3/146714-0-0-45.wav,True
146714-0-0-47.wav,146714,23.5,27.5,2,3,0,air_conditioner,4.0,UrbanSound8K/audio/fold3/146714-0-0-47.wav,True
146714-0-0-49.wav,146714,24.5,28.5,2,3,0,air_conditioner,4.0,UrbanSound8K/audio/fold3/146714-0-0-49.wav,True
146714-0-0-50.wav,146714,25.0,29.0,2,3,0,air_conditioner,4.0,UrbanSound8K/audio/fold3/146714-0-0-50.wav,True
146714-0-0-53.wav,146714,26.5,30.5,2,3,0,air_conditioner,4.0,UrbanSound8K/audio/fold3/146714-0-0-53.wav,True
146714-0-0-55.wav,146714,27.5,31.5,2,3,0,air_conditioner,4.0,UrbanSound8K/audio/fold3/146714-0-0-55.wav,True
146714-0-0-56.wav,146714,28.0,32.0,2,3,0,air_conditioner,4.0,UrbanSound8K/audio/fold3/146714-0-0-56.wav,True
146714-0-0-58.wav,146714,29.0,33.0,2,3,0,air_conditioner,4.0,UrbanSound8K/audio/fold3/146714-0-0-58.wav,True
146714-0-0-6.wav,146714,3.0,7.0,2,3,0,air_conditioner,4.0,UrbanSound8K/audio/fold3/146714-0-0-6.wav,True
147491-9-0-0.wav,147491,0.0,4.0,2,10,9,street_music,4.0,UrbanSound8K/audio/fold10/147491-9-0-0.wav,True
147491-9-0-5.wav,147491,2.5,6.5,2,10,9,street_music,4.0,UrbanSound8K/audio/fold10/147491-9-0-5.wav,True
147491-9-2-10.wav,147491,96.062031,100.062031,2,10,9,street_music,4.0,UrbanSound8K/audio/fold10/147491-9-2-10.wav,True
147491-9-2-25.wav,147491,103.562031,107.562031,2,10,9,street_music,4.0,UrbanSound8K/audio/fold10/147491-9-2-25.wav,True
147491-9-2-32.wav,147491,107.062031,111.062031,2,10,9,street_music,4.0,UrbanSound8K/audio/fold10/147491-9-2-32.wav,True
147491-9-2-6.wav,147491,94.062031,98.062031,2,10,9,street_music,4.0,UrbanSound8K/audio/fold10/147491-9-2-6.wav,True
14780-9-0-0.wav,14780,1.155116,5.155116,2,2,9,street_music,3.9999999999999996,UrbanSound8K/audio/fold2/14780-9-0-0.wav,True
14780-9-0-1.wav,14780,1.655116,5.655116,2,2,9,street_music,3.9999999999999996,UrbanSound8K/audio/fold2/14780-9-0-1.wav,True
14780-9-0-2.wav,14780,2.155116,6.155116,2,2,9,street_music,3.9999999999999996,UrbanSound8K/audio/fold2/14780-9-0-2.wav,True
148463-7-2-0.wav,148463,216.572451,220.572451,2,4,7,jackhammer,4.0,UrbanSound8K/audio/fold4/148463-7-2-0.wav,True
148463-7-2-1.wav,148463,217.072451,221.072451,2,4,7,jackhammer,4.0,UrbanSound8K/audio/fold4/148463-7-2-1.wav,True
148463-7-2-2.wav,148463,217.572451,221.572451,2,4,7,jackhammer,4.0,UrbanSound8K/audio/fold4/148463-7-2-2.wav,True
148463-7-3-0.wav,148463,292.484445,296.484445,2,4,7,jackhammer,4.0,UrbanSound8K/audio/fold4/148463-7-3-0.wav,True
148463-7-3-1.wav,148463,292.984445,296.984445,2,4,7,jackhammer,4.0,UrbanSound8K/audio/fold4/148463-7-3-1.wav,True
148463-7-3-10.wav,148463,297.484445,301.484445,2,4,7,jackhammer,4.0,UrbanSound8K/audio/fold4/148463-7-3-10.wav,True
148463-7-3-2.wav,148463,293.484445,297.484445,2,4,7,jackhammer,4.0,UrbanSound8K/audio/fold4/148463-7-3-2.wav,True
148463-7-3-3.wav,148463,293.984445,297.984445,2,4,7,jackhammer,4.0,UrbanSound8K/audio/fold4/148463-7-3-3.wav,True
148463-7-3-4.wav,148463,294.484445,298.484445,2,4,7,jackhammer,4.0,UrbanSound8K/audio/fold4/148463-7-3-4.wav,True
148463-7-3-5.wav,148463,294.984445,298.984445,2,4,7,jackhammer,4.0,UrbanSound8K/audio/fold4/148463-7-3-5.wav,True
148463-7-3-6.wav,148463,295.484445,299.484445,2,4,7,jackhammer,4.0,UrbanSound8K/audio/fold4/148463-7-3-6.wav,True
148463-7-3-7.wav,148463,295.984445,299.984445,2,4,7,jackhammer,4.0,UrbanSound8K/audio/fold4/148463-7-3-7.wav,True
148463-7-3-8.wav,148463,296.484445,300.484445,2,4,7,jackhammer,4.0,UrbanSound8K/audio/fold4/148463-7-3-8.wav,True
148463-7-3-9.wav,148463,296.984445,300.984445,2,4,7,jackhammer,4.0,UrbanSound8K/audio/fold4/148463-7-3-9.wav,True
148632-8-0-0.wav,148632,129.795722,133.795722,2,8,8,siren,4.0,UrbanSound8K/audio/fold8/148632-8-0-0.wav,True
148632-8-0-1.wav,148632,130.295722,134.295722,2,8,8,siren,4.0,UrbanSound8K/audio/fold8/148632-8-0-1.wav,True
148632-8-0-10.wav,148632,134.795722,138.795722,2,8,8,siren,4.0,UrbanSound8K/audio/fold8/148632-8-0-10.wav,True
148632-8-0-11.wav,148632,135.295722,139.295722,2,8,8,siren,4.0,UrbanSound8K/audio/fold8/148632-8-0-11.wav,True
148632-8-0-12.wav,148632,135.795722,139.795722,2,8,8,siren,4.0,UrbanSound8K/audio/fold8/148632-8-0-12.wav,True
148632-8-0-13.wav,148632,136.295722,140.295722,2,8,8,siren,4.0,UrbanSound8K/audio/fold8/148632-8-0-13.wav,True
148632-8-0-14.wav,148632,136.795722,140.795722,2,8,8,siren,4.0,UrbanSound8K/audio/fold8/148632-8-0-14.wav,True
148632-8-0-15.wav,148632,137.295722,141.295722,2,8,8,siren,4.0,UrbanSound8K/audio/fold8/148632-8-0-15.wav,True
148632-8-0-16.wav,148632,137.795722,141.795722,2,8,8,siren,4.0,UrbanSound8K/audio/fold8/148632-8-0-16.wav,True
148632-8-0-17.wav,148632,138.295722,142.295722,2,8,8,siren,4.0,UrbanSound8K/audio/fold8/148632-8-0-17.wav,True
148632-8-0-18.wav,148632,138.795722,142.795722,2,8,8,siren,4.0,UrbanSound8K/audio/fold8/148632-8-0-18.wav,True
148632-8-0-2.wav,148632,130.795722,134.795722,2,8,8,siren,4.0,UrbanSound8K/audio/fold8/148632-8-0-2.wav,True
148632-8-0-3.wav,148632,131.295722,135.295722,2,8,8,siren,4.0,UrbanSound8K/audio/fold8/148632-8-0-3.wav,True
148632-8-0-4.wav,148632,131.795722,135.795722,2,8,8,siren,4.0,UrbanSound8K/audio/fold8/148632-8-0-4.wav,True
148632-8-0-5.wav,148632,132.295722,136.295722,2,8,8,siren,4.0,UrbanSound8K/audio/fold8/148632-8-0-5.wav,True
148632-8-0-6.wav,148632,132.795722,136.795722,2,8,8,siren,4.0,UrbanSound8K/audio/fold8/148632-8-0-6.wav,True
148632-8-0-7.wav,148632,133.295722,137.295722,2,8,8,siren,4.0,UrbanSound8K/audio/fold8/148632-8-0-7.wav,True
148632-8-0-8.wav,148632,133.795722,137.795722,2,8,8,siren,4.0,UrbanSound8K/audio/fold8/148632-8-0-8.wav,True
148632-8-0-9.wav,148632,134.295722,138.295722,2,8,8,siren,4.0,UrbanSound8K/audio/fold8/148632-8-0-9.wav,True
149370-9-0-15.wav,149370,7.5,11.5,2,2,9,street_music,4.0,UrbanSound8K/audio/fold2/149370-9-0-15.wav,True
149370-9-0-19.wav,149370,9.5,13.5,2,2,9,street_music,4.0,UrbanSound8K/audio/fold2/149370-9-0-19.wav,True
149370-9-0-21.wav,149370,10.5,14.5,2,2,9,street_music,4.0,UrbanSound8K/audio/fold2/149370-9-0-21.wav,True
149370-9-0-22.wav,149370,11.0,15.0,2,2,9,street_music,4.0,UrbanSound8K/audio/fold2/149370-9-0-22.wav,True
149370-9-0-32.wav,149370,16.0,20.0,2,2,9,street_music,4.0,UrbanSound8K/audio/fold2/149370-9-0-32.wav,True
149370-9-0-37.wav,149370,18.5,22.5,2,2,9,street_music,4.0,UrbanSound8K/audio/fold2/149370-9-0-37.wav,True
149929-9-0-0.wav,149929,3.420889,7.420889,2,9,9,street_music,4.0,UrbanSound8K/audio/fold9/149929-9-0-0.wav,True
149929-9-0-2.wav,149929,4.420889,8.420888999999999,2,9,9,street_music,3.999999999999999,UrbanSound8K/audio/fold9/149929-9-0-2.wav,True
149929-9-0-5.wav,149929,5.920889,9.920889,2,9,9,street_music,4.000000000000001,UrbanSound8K/audio/fold9/149929-9-0-5.wav,True
151149-2-0-11.wav,151149,5.5,9.5,2,3,2,children_playing,4.0,UrbanSound8K/audio/fold3/151149-2-0-11.wav,True
151149-2-0-12.wav,151149,6.0,10.0,2,3,2,children_playing,4.0,UrbanSound8K/audio/fold3/151149-2-0-12.wav,True
151149-2-0-15.wav,151149,7.5,11.5,2,3,2,children_playing,4.0,UrbanSound8K/audio/fold3/151149-2-0-15.wav,True
151149-2-0-22.wav,151149,11.0,15.0,2,3,2,children_playing,4.0,UrbanSound8K/audio/fold3/151149-2-0-22.wav,True
151149-2-0-3.wav,151149,1.5,5.5,2,3,2,children_playing,4.0,UrbanSound8K/audio/fold3/151149-2-0-3.wav,True
151149-2-0-4.wav,151149,2.0,6.0,2,3,2,children_playing,4.0,UrbanSound8K/audio/fold3/151149-2-0-4.wav,True
151149-2-0-54.wav,151149,27.0,31.0,2,3,2,children_playing,4.0,UrbanSound8K/audio/fold3/151149-2-0-54.wav,True
151149-2-0-56.wav,151149,28.0,32.0,2,3,2,children_playing,4.0,UrbanSound8K/audio/fold3/151149-2-0-56.wav,True
155129-1-2-0.wav,155129,296.18928,298.389901,2,2,1,car_horn,2.2006210000000124,UrbanSound8K/audio/fold2/155129-1-2-0.wav,True
155212-9-0-13.wav,155212,105.384208,109.384208,2,6,9,street_music,4.0,UrbanSound8K/audio/fold6/155212-9-0-13.wav,True
155219-2-0-0.wav,155219,0.0,4.0,2,2,2,children_playing,4.0,UrbanSound8K/audio/fold2/155219-2-0-0.wav,True
155219-2-0-1.wav,155219,0.5,4.5,2,2,2,children_playing,4.0,UrbanSound8K/audio/fold2/155219-2-0-1.wav,True
155219-2-0-22.wav,155219,11.0,15.0,2,2,2,children_playing,4.0,UrbanSound8K/audio/fold2/155219-2-0-22.wav,True
155219-2-0-24.wav,155219,12.0,16.0,2,2,2,children_playing,4.0,UrbanSound8K/audio/fold2/155219-2-0-24.wav,True
155219-2-0-25.wav,155219,12.5,16.5,2,2,2,children_playing,4.0,UrbanSound8K/audio/fold2/155219-2-0-25.wav,True
155219-2-0-26.wav,155219,13.0,17.0,2,2,2,children_playing,4.0,UrbanSound8K/audio/fold2/155219-2-0-26.wav,True
155219-2-0-51.wav,155219,25.5,29.5,2,2,2,children_playing,4.0,UrbanSound8K/audio/fold2/155219-2-0-51.wav,True
155219-2-0-57.wav,155219,28.5,32.5,2,2,2,children_playing,4.0,UrbanSound8K/audio/fold2/155219-2-0-57.wav,True
155234-1-0-0.wav,155234,101.719854,103.833373,2,2,1,car_horn,2.1135189999999966,UrbanSound8K/audio/fold2/155234-1-0-0.wav,True
155238-2-0-17.wav,155238,8.5,12.5,2,7,2,children_playing,4.0,UrbanSound8K/audio/fold7/155238-2-0-17.wav,True
155238-2-0-3.wav,155238,1.5,5.5,2,7,2,children_playing,4.0,UrbanSound8K/audio/fold7/155238-2-0-3.wav,True
155238-2-0-31.wav,155238,15.5,19.5,2,7,2,children_playing,4.0,UrbanSound8K/audio/fold7/155238-2-0-31.wav,True
155238-2-0-36.wav,155238,18.0,22.0,2,7,2,children_playing,4.0,UrbanSound8K/audio/fold7/155238-2-0-36.wav,True
155238-2-0-47.wav,155238,23.5,27.5,2,7,2,children_playing,4.0,UrbanSound8K/audio/fold7/155238-2-0-47.wav,True
155238-2-0-67.wav,155238,33.5,37.5,2,7,2,children_playing,4.0,UrbanSound8K/audio/fold7/155238-2-0-67.wav,True
155238-2-0-75.wav,155238,37.5,41.5,2,7,2,children_playing,4.0,UrbanSound8K/audio/fold7/155238-2-0-75.wav,True
155238-2-0-97.wav,155238,48.5,52.5,2,7,2,children_playing,4.0,UrbanSound8K/audio/fold7/155238-2-0-97.wav,True
155242-9-0-12.wav,155242,38.207686,42.207686,2,9,9,street_music,4.0,UrbanSound8K/audio/fold9/155242-9-0-12.wav,True
155242-9-0-15.wav,155242,39.707686,43.707686,2,9,9,street_music,4.0,UrbanSound8K/audio/fold9/155242-9-0-15.wav,True
155242-9-0-27.wav,155242,45.707686,49.707686,2,9,9,street_music,4.0,UrbanSound8K/audio/fold9/155242-9-0-27.wav,True
155242-9-0-35.wav,155242,49.707686,53.707686,2,9,9,street_music,4.0,UrbanSound8K/audio/fold9/155242-9-0-35.wav,True
155242-9-0-4.wav,155242,34.207686,38.207686,2,9,9,street_music,4.0,UrbanSound8K/audio/fold9/155242-9-0-4.wav,True
155242-9-0-44.wav,155242,54.207686,58.207686,2,9,9,street_music,4.0,UrbanSound8K/audio/fold9/155242-9-0-44.wav,True
155243-9-0-18.wav,155243,9.0,13.0,2,5,9,street_music,4.0,UrbanSound8K/audio/fold5/155243-9-0-18.wav,True
155243-9-0-24.wav,155243,12.0,16.0,2,5,9,street_music,4.0,UrbanSound8K/audio/fold5/155243-9-0-24.wav,True
155243-9-0-32.wav,155243,16.0,20.0,2,5,9,street_music,4.0,UrbanSound8K/audio/fold5/155243-9-0-32.wav,True
155243-9-0-42.wav,155243,21.0,25.0,2,5,9,street_music,4.0,UrbanSound8K/audio/fold5/155243-9-0-42.wav,True
155243-9-0-53.wav,155243,26.5,30.5,2,5,9,street_music,4.0,UrbanSound8K/audio/fold5/155243-9-0-53.wav,True
155243-9-0-55.wav,155243,27.5,31.5,2,5,9,street_music,4.0,UrbanSound8K/audio/fold5/155243-9-0-55.wav,True
155262-2-0-101.wav,155262,50.5,54.5,2,10,2,children_playing,4.0,UrbanSound8K/audio/fold10/155262-2-0-101.wav,True
155262-2-0-11.wav,155262,5.5,9.5,2,10,2,children_playing,4.0,UrbanSound8K/audio/fold10/155262-2-0-11.wav,True
155262-2-0-15.wav,155262,7.5,11.5,2,10,2,children_playing,4.0,UrbanSound8K/audio/fold10/155262-2-0-15.wav,True
155262-2-0-2.wav,155262,1.0,5.0,2,10,2,children_playing,4.0,UrbanSound8K/audio/fold10/155262-2-0-2.wav,True
155262-2-0-21.wav,155262,10.5,14.5,2,10,2,children_playing,4.0,UrbanSound8K/audio/fold10/155262-2-0-21.wav,True
155262-2-0-48.wav,155262,24.0,28.0,2,10,2,children_playing,4.0,UrbanSound8K/audio/fold10/155262-2-0-48.wav,True
155262-2-0-58.wav,155262,29.0,33.0,2,10,2,children_playing,4.0,UrbanSound8K/audio/fold10/155262-2-0-58.wav,True
155262-2-0-63.wav,155262,31.5,35.5,2,10,2,children_playing,4.0,UrbanSound8K/audio/fold10/155262-2-0-63.wav,True
155263-2-0-12.wav,155263,6.0,10.0,2,3,2,children_playing,4.0,UrbanSound8K/audio/fold3/155263-2-0-12.wav,True
155263-2-0-22.wav,155263,11.0,15.0,2,3,2,children_playing,4.0,UrbanSound8K/audio/fold3/155263-2-0-22.wav,True
155263-2-0-23.wav,155263,11.5,15.5,2,3,2,children_playing,4.0,UrbanSound8K/audio/fold3/155263-2-0-23.wav,True
155263-2-0-34.wav,155263,17.0,21.0,2,3,2,children_playing,4.0,UrbanSound8K/audio/fold3/155263-2-0-34.wav,True
155263-2-0-43.wav,155263,21.5,25.5,2,3,2,children_playing,4.0,UrbanSound8K/audio/fold3/155263-2-0-43.wav,True
155263-2-0-50.wav,155263,25.0,29.0,2,3,2,children_playing,4.0,UrbanSound8K/audio/fold3/155263-2-0-50.wav,True
155263-2-0-57.wav,155263,28.5,32.5,2,3,2,children_playing,4.0,UrbanSound8K/audio/fold3/155263-2-0-57.wav,True
155263-2-0-61.wav,155263,30.5,34.5,2,3,2,children_playing,4.0,UrbanSound8K/audio/fold3/155263-2-0-61.wav,True
155280-2-0-10.wav,155280,7.112855,11.112855,2,10,2,children_playing,4.0,UrbanSound8K/audio/fold10/155280-2-0-10.wav,True
155280-2-0-11.wav,155280,7.612855,11.612855,2,10,2,children_playing,4.0,UrbanSound8K/audio/fold10/155280-2-0-11.wav,True
155280-2-0-13.wav,155280,8.612855,12.612855,2,10,2,children_playing,4.0,UrbanSound8K/audio/fold10/155280-2-0-13.wav,True
155280-2-0-15.wav,155280,9.612855,13.612855,2,10,2,children_playing,4.0,UrbanSound8K/audio/fold10/155280-2-0-15.wav,True
155280-2-0-3.wav,155280,3.612855,7.612855,2,10,2,children_playing,3.9999999999999996,UrbanSound8K/audio/fold10/155280-2-0-3.wav,True
155280-2-0-5.wav,155280,4.612855,8.612855,2,10,2,children_playing,4.0,UrbanSound8K/audio/fold10/155280-2-0-5.wav,True
155280-2-0-6.wav,155280,5.112855,9.112855,2,10,2,children_playing,4.0,UrbanSound8K/audio/fold10/155280-2-0-6.wav,True
155280-2-0-7.wav,155280,5.612855,9.612855,2,10,2,children_playing,4.0,UrbanSound8K/audio/fold10/155280-2-0-7.wav,True
155283-1-0-0.wav,155283,95.455122,96.061195,2,8,1,car_horn,0.606072999999995,UrbanSound8K/audio/fold8/155283-1-0-0.wav,True
155283-1-1-0.wav,155283,401.371559,402.010695,2,8,1,car_horn,0.6391360000000077,UrbanSound8K/audio/fold8/155283-1-1-0.wav,True
155294-3-0-0.wav,155294,0.0,2.680454,2,8,3,dog_bark,2.680454,UrbanSound8K/audio/fold8/155294-3-0-0.wav,True
155299-3-0-1.wav,155299,0.5,4.5,2,7,3,dog_bark,4.0,UrbanSound8K/audio/fold7/155299-3-0-1.wav,True
155299-3-1-0.wav,155299,8.526258,12.526258,2,7,3,dog_bark,4.0,UrbanSound8K/audio/fold7/155299-3-1-0.wav,True
155299-3-1-1.wav,155299,9.026258,13.026258,2,7,3,dog_bark,4.0,UrbanSound8K/audio/fold7/155299-3-1-1.wav,True
155299-3-1-2.wav,155299,9.526258,13.526258,2,7,3,dog_bark,4.0,UrbanSound8K/audio/fold7/155299-3-1-2.wav,True
155488-3-0-6.wav,155488,34.470139,38.470139,2,6,3,dog_bark,4.0,UrbanSound8K/audio/fold6/155488-3-0-6.wav,True
155488-3-2-0.wav,155488,99.268224,103.268224,2,6,3,dog_bark,4.0,UrbanSound8K/audio/fold6/155488-3-2-0.wav,True
155488-3-3-0.wav,155488,147.423873,151.423873,2,6,3,dog_bark,4.0,UrbanSound8K/audio/fold6/155488-3-3-0.wav,True
155488-3-3-1.wav,155488,147.923873,151.923873,2,6,3,dog_bark,4.0,UrbanSound8K/audio/fold6/155488-3-3-1.wav,True
156091-1-0-0.wav,156091,1.175595,2.9223,2,7,1,car_horn,1.746705,UrbanSound8K/audio/fold7/156091-1-0-0.wav,True
156194-1-0-0.wav,156194,0.0,0.252086,2,1,1,car_horn,0.252086,UrbanSound8K/audio/fold1/156194-1-0-0.wav,True
156362-4-0-0.wav,156362,111.410002,115.410002,2,4,4,drilling,4.0,UrbanSound8K/audio/fold4/156362-4-0-0.wav,True
156362-4-0-1.wav,156362,111.910002,115.910002,2,4,4,drilling,4.0,UrbanSound8K/audio/fold4/156362-4-0-1.wav,True
156362-4-0-2.wav,156362,112.410002,116.410002,2,4,4,drilling,4.0,UrbanSound8K/audio/fold4/156362-4-0-2.wav,True
156362-4-0-3.wav,156362,112.910002,116.910002,2,4,4,drilling,4.0,UrbanSound8K/audio/fold4/156362-4-0-3.wav,True
156362-4-1-0.wav,156362,124.563955,126.556979,2,4,4,drilling,1.9930239999999912,UrbanSound8K/audio/fold4/156362-4-1-0.wav,True
156362-4-2-0.wav,156362,132.536049,136.536049,2,4,4,drilling,4.0,UrbanSound8K/audio/fold4/156362-4-2-0.wav,True
156362-4-2-1.wav,156362,133.036049,137.036049,2,4,4,drilling,4.0,UrbanSound8K/audio/fold4/156362-4-2-1.wav,True
156362-4-3-0.wav,156362,309.117912,313.117912,2,4,4,drilling,4.0,UrbanSound8K/audio/fold4/156362-4-3-0.wav,True
156362-4-3-1.wav,156362,309.617912,313.617912,2,4,4,drilling,4.0,UrbanSound8K/audio/fold4/156362-4-3-1.wav,True
156362-4-3-2.wav,156362,310.117912,314.117912,2,4,4,drilling,4.0,UrbanSound8K/audio/fold4/156362-4-3-2.wav,True
156362-4-3-3.wav,156362,310.617912,314.617912,2,4,4,drilling,4.0,UrbanSound8K/audio/fold4/156362-4-3-3.wav,True
156362-4-3-4.wav,156362,311.117912,315.117912,2,4,4,drilling,4.0,UrbanSound8K/audio/fold4/156362-4-3-4.wav,True
156362-4-3-5.wav,156362,311.617912,315.617912,2,4,4,drilling,4.0,UrbanSound8K/audio/fold4/156362-4-3-5.wav,True
156362-4-3-6.wav,156362,312.117912,316.117912,2,4,4,drilling,4.0,UrbanSound8K/audio/fold4/156362-4-3-6.wav,True
156362-4-3-7.wav,156362,312.617912,316.617912,2,4,4,drilling,4.0,UrbanSound8K/audio/fold4/156362-4-3-7.wav,True
156362-4-3-8.wav,156362,313.117912,317.117912,2,4,4,drilling,4.0,UrbanSound8K/audio/fold4/156362-4-3-8.wav,True
156893-7-0-0.wav,156893,0.948287,2.203372,2,2,7,jackhammer,1.2550849999999998,UrbanSound8K/audio/fold2/156893-7-0-0.wav,True
156893-7-1-0.wav,156893,3.765256,4.992451,2,2,7,jackhammer,1.227195,UrbanSound8K/audio/fold2/156893-7-1-0.wav,True
156893-7-10-0.wav,156893,30.791429,31.349245,2,2,7,jackhammer,0.557815999999999,UrbanSound8K/audio/fold2/156893-7-10-0.wav,True
156893-7-11-0.wav,156893,32.715894,35.532863,2,2,7,jackhammer,2.8169690000000003,UrbanSound8K/audio/fold2/156893-7-11-0.wav,True
156893-7-2-0.wav,156893,5.717611,6.833243,2,2,7,jackhammer,1.1156320000000006,UrbanSound8K/audio/fold2/156893-7-2-0.wav,True
156893-7-3-0.wav,156893,7.809421,9.343414,2,2,7,jackhammer,1.5339929999999988,UrbanSound8K/audio/fold2/156893-7-3-0.wav,True
156893-7-4-0.wav,156893,10.737953,11.797803,2,2,7,jackhammer,1.0598500000000008,UrbanSound8K/audio/fold2/156893-7-4-0.wav,True
156893-7-5-0.wav,156893,13.750158,15.507278,2,2,7,jackhammer,1.7571199999999987,UrbanSound8K/audio/fold2/156893-7-5-0.wav,True
156893-7-6-0.wav,156893,16.790254,18.07323,2,2,7,jackhammer,1.282975999999998,UrbanSound8K/audio/fold2/156893-7-6-0.wav,True
156893-7-7-0.wav,156893,20.19293,22.758883,2,2,7,jackhammer,2.5659530000000004,UrbanSound8K/audio/fold2/156893-7-7-0.wav,True
156893-7-8-0.wav,156893,25.380617,26.440467,2,2,7,jackhammer,1.0598500000000008,UrbanSound8K/audio/fold2/156893-7-8-0.wav,True
156893-7-9-0.wav,156893,29.173764,30.345177,2,2,7,jackhammer,1.1714130000000011,UrbanSound8K/audio/fold2/156893-7-9-0.wav,True
157648-8-0-0.wav,157648,18.799126,22.799126,2,5,8,siren,4.0,UrbanSound8K/audio/fold5/157648-8-0-0.wav,True
157649-3-0-0.wav,157649,0.312331,4.312331,2,8,3,dog_bark,4.0,UrbanSound8K/audio/fold8/157649-3-0-0.wav,True
157649-3-0-1.wav,157649,0.812331,4.812331,2,8,3,dog_bark,4.0,UrbanSound8K/audio/fold8/157649-3-0-1.wav,True
157649-3-1-1.wav,157649,14.71108,18.711080000000003,2,8,3,dog_bark,4.000000000000002,UrbanSound8K/audio/fold8/157649-3-1-1.wav,True
157649-3-2-0.wav,157649,23.8413,27.8413,2,8,3,dog_bark,4.0,UrbanSound8K/audio/fold8/157649-3-2-0.wav,True
158593-2-0-0.wav,158593,7.320678,11.320678,2,7,2,children_playing,3.999999999999999,UrbanSound8K/audio/fold7/158593-2-0-0.wav,True
158593-2-0-31.wav,158593,22.820678,26.820678,2,7,2,children_playing,4.0,UrbanSound8K/audio/fold7/158593-2-0-31.wav,True
158593-2-0-43.wav,158593,28.820678,32.820678,2,7,2,children_playing,4.0,UrbanSound8K/audio/fold7/158593-2-0-43.wav,True
158593-2-0-47.wav,158593,30.820678,34.820678,2,7,2,children_playing,4.0,UrbanSound8K/audio/fold7/158593-2-0-47.wav,True
158593-2-0-52.wav,158593,33.320678,37.320678,2,7,2,children_playing,4.0,UrbanSound8K/audio/fold7/158593-2-0-52.wav,True
158593-2-0-54.wav,158593,34.320678,38.320678,2,7,2,children_playing,4.0,UrbanSound8K/audio/fold7/158593-2-0-54.wav,True
158593-2-0-8.wav,158593,11.320678,15.320678,2,7,2,children_playing,4.0,UrbanSound8K/audio/fold7/158593-2-0-8.wav,True
158597-2-0-16.wav,158597,9.168347,13.168347,2,2,2,children_playing,4.0,UrbanSound8K/audio/fold2/158597-2-0-16.wav,True
158597-2-0-2.wav,158597,2.168347,6.168347,2,2,2,children_playing,4.0,UrbanSound8K/audio/fold2/158597-2-0-2.wav,True
158597-2-0-3.wav,158597,2.668347,6.668347,2,2,2,children_playing,4.0,UrbanSound8K/audio/fold2/158597-2-0-3.wav,True
158597-2-0-30.wav,158597,16.168347,20.168347,2,2,2,children_playing,4.0,UrbanSound8K/audio/fold2/158597-2-0-30.wav,True
158597-2-0-33.wav,158597,17.668347,21.668347,2,2,2,children_playing,4.0,UrbanSound8K/audio/fold2/158597-2-0-33.wav,True
158597-2-0-41.wav,158597,21.668347,25.668347,2,2,2,children_playing,4.0,UrbanSound8K/audio/fold2/158597-2-0-41.wav,True
158597-2-0-57.wav,158597,29.668347,33.668347,2,2,2,children_playing,3.9999999999999964,UrbanSound8K/audio/fold2/158597-2-0-57.wav,True
158597-2-0-85.wav,158597,43.668347,47.668347,2,2,2,children_playing,4.0,UrbanSound8K/audio/fold2/158597-2-0-85.wav,True
158607-3-0-0.wav,158607,0.115242,1.131463,2,2,3,dog_bark,1.016221,UrbanSound8K/audio/fold2/158607-3-0-0.wav,True
158608-8-0-0.wav,158608,7.309707,11.309707,2,4,8,siren,3.999999999999999,UrbanSound8K/audio/fold4/158608-8-0-0.wav,True
158608-8-0-1.wav,158608,7.809707,11.809707,2,4,8,siren,3.999999999999999,UrbanSound8K/audio/fold4/158608-8-0-1.wav,True
158608-8-0-10.wav,158608,12.309707,16.309707,2,4,8,siren,4.0,UrbanSound8K/audio/fold4/158608-8-0-10.wav,True
158608-8-0-2.wav,158608,8.309707,12.309707,2,4,8,siren,4.0,UrbanSound8K/audio/fold4/158608-8-0-2.wav,True
158608-8-0-3.wav,158608,8.809707,12.809707,2,4,8,siren,4.0,UrbanSound8K/audio/fold4/158608-8-0-3.wav,True
158608-8-0-4.wav,158608,9.309707,13.309707,2,4,8,siren,4.0,UrbanSound8K/audio/fold4/158608-8-0-4.wav,True
158608-8-0-5.wav,158608,9.809707,13.809707,2,4,8,siren,4.0,UrbanSound8K/audio/fold4/158608-8-0-5.wav,True
158608-8-0-6.wav,158608,10.309707,14.309707,2,4,8,siren,4.0,UrbanSound8K/audio/fold4/158608-8-0-6.wav,True
158608-8-0-7.wav,158608,10.809707,14.809707,2,4,8,siren,4.0,UrbanSound8K/audio/fold4/158608-8-0-7.wav,True
158608-8-0-8.wav,158608,11.309707,15.309707,2,4,8,siren,4.0,UrbanSound8K/audio/fold4/158608-8-0-8.wav,True
158608-8-0-9.wav,158608,11.809707,15.809707,2,4,8,siren,4.0,UrbanSound8K/audio/fold4/158608-8-0-9.wav,True
159726-3-0-0.wav,159726,1.237472,2.324186,2,9,3,dog_bark,1.0867140000000002,UrbanSound8K/audio/fold9/159726-3-0-0.wav,True
159726-3-1-0.wav,159726,2.606858,4.466207,2,9,3,dog_bark,1.859349,UrbanSound8K/audio/fold9/159726-3-1-0.wav,True
159738-8-0-0.wav,159738,0.746987,4.746987,2,1,8,siren,4.0,UrbanSound8K/audio/fold1/159738-8-0-0.wav,True
159738-8-0-1.wav,159738,1.2469869999999998,5.246987,2,1,8,siren,4.0,UrbanSound8K/audio/fold1/159738-8-0-1.wav,True
159738-8-0-10.wav,159738,5.746987,9.746987,2,1,8,siren,4.000000000000001,UrbanSound8K/audio/fold1/159738-8-0-10.wav,True
159738-8-0-11.wav,159738,6.246987,10.246987,2,1,8,siren,4.000000000000001,UrbanSound8K/audio/fold1/159738-8-0-11.wav,True
159738-8-0-12.wav,159738,6.746987,10.746987,2,1,8,siren,4.000000000000001,UrbanSound8K/audio/fold1/159738-8-0-12.wav,True
159738-8-0-13.wav,159738,7.246987,11.246987,2,1,8,siren,4.000000000000001,UrbanSound8K/audio/fold1/159738-8-0-13.wav,True
159738-8-0-14.wav,159738,7.746987,11.746987,2,1,8,siren,4.000000000000001,UrbanSound8K/audio/fold1/159738-8-0-14.wav,True
159738-8-0-15.wav,159738,8.246987,12.246987,2,1,8,siren,4.0,UrbanSound8K/audio/fold1/159738-8-0-15.wav,True
159738-8-0-16.wav,159738,8.746987,12.746987,2,1,8,siren,4.0,UrbanSound8K/audio/fold1/159738-8-0-16.wav,True
159738-8-0-17.wav,159738,9.246987,13.246987,2,1,8,siren,4.0,UrbanSound8K/audio/fold1/159738-8-0-17.wav,True
159738-8-0-18.wav,159738,9.746987,13.746987,2,1,8,siren,4.0,UrbanSound8K/audio/fold1/159738-8-0-18.wav,True
159738-8-0-19.wav,159738,10.246987,14.246987,2,1,8,siren,4.0,UrbanSound8K/audio/fold1/159738-8-0-19.wav,True
159738-8-0-2.wav,159738,1.7469869999999998,5.746987,2,1,8,siren,4.0,UrbanSound8K/audio/fold1/159738-8-0-2.wav,True
159738-8-0-3.wav,159738,2.246987,6.246987,2,1,8,siren,4.0,UrbanSound8K/audio/fold1/159738-8-0-3.wav,True
159738-8-0-4.wav,159738,2.746987,6.746987,2,1,8,siren,4.0,UrbanSound8K/audio/fold1/159738-8-0-4.wav,True
159738-8-0-5.wav,159738,3.246987,7.246987,2,1,8,siren,4.0,UrbanSound8K/audio/fold1/159738-8-0-5.wav,True
159738-8-0-6.wav,159738,3.746987,7.746987,2,1,8,siren,4.0,UrbanSound8K/audio/fold1/159738-8-0-6.wav,True
159738-8-0-7.wav,159738,4.246987,8.246987,2,1,8,siren,4.000000000000001,UrbanSound8K/audio/fold1/159738-8-0-7.wav,True
159738-8-0-8.wav,159738,4.746987,8.746987,2,1,8,siren,4.000000000000001,UrbanSound8K/audio/fold1/159738-8-0-8.wav,True
159738-8-0-9.wav,159738,5.246987,9.246987,2,1,8,siren,4.000000000000001,UrbanSound8K/audio/fold1/159738-8-0-9.wav,True
159742-8-0-0.wav,159742,0.129945,4.129945,2,10,8,siren,4.0,UrbanSound8K/audio/fold10/159742-8-0-0.wav,True
159742-8-0-1.wav,159742,0.629945,4.629945,2,10,8,siren,4.0,UrbanSound8K/audio/fold10/159742-8-0-1.wav,True
159742-8-0-10.wav,159742,5.129945,9.129945,2,10,8,siren,3.999999999999999,UrbanSound8K/audio/fold10/159742-8-0-10.wav,True
159742-8-0-11.wav,159742,5.629945,9.629945,2,10,8,siren,3.999999999999999,UrbanSound8K/audio/fold10/159742-8-0-11.wav,True
159742-8-0-12.wav,159742,6.129945,10.129945,2,10,8,siren,3.999999999999999,UrbanSound8K/audio/fold10/159742-8-0-12.wav,True
159742-8-0-13.wav,159742,6.629945,10.629945,2,10,8,siren,3.999999999999999,UrbanSound8K/audio/fold10/159742-8-0-13.wav,True
159742-8-0-14.wav,159742,7.129945,11.129945,2,10,8,siren,3.999999999999999,UrbanSound8K/audio/fold10/159742-8-0-14.wav,True
159742-8-0-2.wav,159742,1.129945,5.129945,2,10,8,siren,4.0,UrbanSound8K/audio/fold10/159742-8-0-2.wav,True
159742-8-0-3.wav,159742,1.629945,5.629945,2,10,8,siren,4.0,UrbanSound8K/audio/fold10/159742-8-0-3.wav,True
159742-8-0-4.wav,159742,2.129945,6.129945,2,10,8,siren,4.0,UrbanSound8K/audio/fold10/159742-8-0-4.wav,True
159742-8-0-5.wav,159742,2.629945,6.629945,2,10,8,siren,4.0,UrbanSound8K/audio/fold10/159742-8-0-5.wav,True
159742-8-0-6.wav,159742,3.129945,7.129945,2,10,8,siren,4.0,UrbanSound8K/audio/fold10/159742-8-0-6.wav,True
159742-8-0-7.wav,159742,3.629945,7.629945,2,10,8,siren,4.0,UrbanSound8K/audio/fold10/159742-8-0-7.wav,True
159742-8-0-8.wav,159742,4.129945,8.129945,2,10,8,siren,3.999999999999999,UrbanSound8K/audio/fold10/159742-8-0-8.wav,True
159742-8-0-9.wav,159742,4.629945,8.629945,2,10,8,siren,3.999999999999999,UrbanSound8K/audio/fold10/159742-8-0-9.wav,True
159744-8-0-0.wav,159744,0.0,4.0,2,9,8,siren,4.0,UrbanSound8K/audio/fold9/159744-8-0-0.wav,True
159744-8-0-1.wav,159744,0.5,4.5,2,9,8,siren,4.0,UrbanSound8K/audio/fold9/159744-8-0-1.wav,True
159744-8-0-10.wav,159744,5.0,9.0,2,9,8,siren,4.0,UrbanSound8K/audio/fold9/159744-8-0-10.wav,True
159744-8-0-11.wav,159744,5.5,9.5,2,9,8,siren,4.0,UrbanSound8K/audio/fold9/159744-8-0-11.wav,True
159744-8-0-12.wav,159744,6.0,10.0,2,9,8,siren,4.0,UrbanSound8K/audio/fold9/159744-8-0-12.wav,True
159744-8-0-13.wav,159744,6.5,10.5,2,9,8,siren,4.0,UrbanSound8K/audio/fold9/159744-8-0-13.wav,True
159744-8-0-2.wav,159744,1.0,5.0,2,9,8,siren,4.0,UrbanSound8K/audio/fold9/159744-8-0-2.wav,True
159744-8-0-3.wav,159744,1.5,5.5,2,9,8,siren,4.0,UrbanSound8K/audio/fold9/159744-8-0-3.wav,True
159744-8-0-4.wav,159744,2.0,6.0,2,9,8,siren,4.0,UrbanSound8K/audio/fold9/159744-8-0-4.wav,True
159744-8-0-5.wav,159744,2.5,6.5,2,9,8,siren,4.0,UrbanSound8K/audio/fold9/159744-8-0-5.wav,True
159744-8-0-6.wav,159744,3.0,7.0,2,9,8,siren,4.0,UrbanSound8K/audio/fold9/159744-8-0-6.wav,True
159744-8-0-7.wav,159744,3.5,7.5,2,9,8,siren,4.0,UrbanSound8K/audio/fold9/159744-8-0-7.wav,True
159744-8-0-8.wav,159744,4.0,8.0,2,9,8,siren,4.0,UrbanSound8K/audio/fold9/159744-8-0-8.wav,True
159744-8-0-9.wav,159744,4.5,8.5,2,9,8,siren,4.0,UrbanSound8K/audio/fold9/159744-8-0-9.wav,True
159745-8-1-0.wav,159745,1.699906,5.699906,2,9,8,siren,4.0,UrbanSound8K/audio/fold9/159745-8-1-0.wav,True
159745-8-1-1.wav,159745,2.199906,6.199906,2,9,8,siren,4.0,UrbanSound8K/audio/fold9/159745-8-1-1.wav,True
159745-8-1-2.wav,159745,2.699906,6.699906,2,9,8,siren,4.0,UrbanSound8K/audio/fold9/159745-8-1-2.wav,True
159745-8-1-3.wav,159745,3.199906,7.199906,2,9,8,siren,4.0,UrbanSound8K/audio/fold9/159745-8-1-3.wav,True
159745-8-1-4.wav,159745,3.699906,7.699906,2,9,8,siren,4.0,UrbanSound8K/audio/fold9/159745-8-1-4.wav,True
159745-8-1-5.wav,159745,4.199906,8.199906,2,9,8,siren,4.0,UrbanSound8K/audio/fold9/159745-8-1-5.wav,True
159745-8-1-6.wav,159745,4.699906,8.699906,2,9,8,siren,4.0,UrbanSound8K/audio/fold9/159745-8-1-6.wav,True
159745-8-1-7.wav,159745,5.199906,9.199906,2,9,8,siren,4.0,UrbanSound8K/audio/fold9/159745-8-1-7.wav,True
159747-8-0-0.wav,159747,2.283772,6.283772,2,2,8,siren,4.0,UrbanSound8K/audio/fold2/159747-8-0-0.wav,True
159747-8-0-1.wav,159747,2.783772,6.783772,2,2,8,siren,4.0,UrbanSound8K/audio/fold2/159747-8-0-1.wav,True
159747-8-0-10.wav,159747,7.283772,11.283772,2,2,8,siren,4.000000000000001,UrbanSound8K/audio/fold2/159747-8-0-10.wav,True
159747-8-0-11.wav,159747,7.783772,11.783772,2,2,8,siren,4.000000000000001,UrbanSound8K/audio/fold2/159747-8-0-11.wav,True
159747-8-0-12.wav,159747,8.283771999999999,12.283772,2,2,8,siren,4.000000000000002,UrbanSound8K/audio/fold2/159747-8-0-12.wav,True
159747-8-0-13.wav,159747,8.783771999999999,12.783772,2,2,8,siren,4.000000000000002,UrbanSound8K/audio/fold2/159747-8-0-13.wav,True
159747-8-0-14.wav,159747,9.283772,13.283772,2,2,8,siren,4.0,UrbanSound8K/audio/fold2/159747-8-0-14.wav,True
159747-8-0-15.wav,159747,9.783772,13.783772,2,2,8,siren,4.0,UrbanSound8K/audio/fold2/159747-8-0-15.wav,True
159747-8-0-16.wav,159747,10.283772,14.283772,2,2,8,siren,4.0,UrbanSound8K/audio/fold2/159747-8-0-16.wav,True
159747-8-0-17.wav,159747,10.783772,14.783772,2,2,8,siren,4.0,UrbanSound8K/audio/fold2/159747-8-0-17.wav,True
159747-8-0-18.wav,159747,11.283772,15.283772,2,2,8,siren,4.0,UrbanSound8K/audio/fold2/159747-8-0-18.wav,True
159747-8-0-19.wav,159747,11.783772,15.783772,2,2,8,siren,4.0,UrbanSound8K/audio/fold2/159747-8-0-19.wav,True
159747-8-0-2.wav,159747,3.283772,7.283772,2,2,8,siren,4.0,UrbanSound8K/audio/fold2/159747-8-0-2.wav,True
159747-8-0-20.wav,159747,12.283772,16.283772,2,2,8,siren,3.9999999999999982,UrbanSound8K/audio/fold2/159747-8-0-20.wav,True
159747-8-0-21.wav,159747,12.783772,16.783772,2,2,8,siren,3.9999999999999982,UrbanSound8K/audio/fold2/159747-8-0-21.wav,True
159747-8-0-3.wav,159747,3.783772,7.783772,2,2,8,siren,4.0,UrbanSound8K/audio/fold2/159747-8-0-3.wav,True
159747-8-0-4.wav,159747,4.283772,8.283771999999999,2,2,8,siren,3.999999999999999,UrbanSound8K/audio/fold2/159747-8-0-4.wav,True
159747-8-0-5.wav,159747,4.783772,8.783771999999999,2,2,8,siren,3.999999999999999,UrbanSound8K/audio/fold2/159747-8-0-5.wav,True
159747-8-0-6.wav,159747,5.283772,9.283772,2,2,8,siren,4.000000000000001,UrbanSound8K/audio/fold2/159747-8-0-6.wav,True
159747-8-0-7.wav,159747,5.783772,9.783772,2,2,8,siren,4.000000000000001,UrbanSound8K/audio/fold2/159747-8-0-7.wav,True
159747-8-0-8.wav,159747,6.283772,10.283772,2,2,8,siren,4.000000000000001,UrbanSound8K/audio/fold2/159747-8-0-8.wav,True
159747-8-0-9.wav,159747,6.783772,10.783772,2,2,8,siren,4.000000000000001,UrbanSound8K/audio/fold2/159747-8-0-9.wav,True
159751-8-0-0.wav,159751,1.150495,5.150495,2,4,8,siren,4.0,UrbanSound8K/audio/fold4/159751-8-0-0.wav,True
159751-8-0-1.wav,159751,1.650495,5.650495,2,4,8,siren,4.0,UrbanSound8K/audio/fold4/159751-8-0-1.wav,True
159751-8-0-10.wav,159751,6.150495,10.150495,2,4,8,siren,3.999999999999999,UrbanSound8K/audio/fold4/159751-8-0-10.wav,True
159751-8-0-11.wav,159751,6.650495,10.650495,2,4,8,siren,3.999999999999999,UrbanSound8K/audio/fold4/159751-8-0-11.wav,True
159751-8-0-12.wav,159751,7.150495,11.150495,2,4,8,siren,3.999999999999999,UrbanSound8K/audio/fold4/159751-8-0-12.wav,True
159751-8-0-13.wav,159751,7.650495,11.650495,2,4,8,siren,3.999999999999999,UrbanSound8K/audio/fold4/159751-8-0-13.wav,True
159751-8-0-14.wav,159751,8.150495,12.150495,2,4,8,siren,4.0,UrbanSound8K/audio/fold4/159751-8-0-14.wav,True
159751-8-0-15.wav,159751,8.650495,12.650495,2,4,8,siren,4.0,UrbanSound8K/audio/fold4/159751-8-0-15.wav,True
159751-8-0-16.wav,159751,9.150495,13.150495,2,4,8,siren,4.0,UrbanSound8K/audio/fold4/159751-8-0-16.wav,True
159751-8-0-17.wav,159751,9.650495,13.650495,2,4,8,siren,4.0,UrbanSound8K/audio/fold4/159751-8-0-17.wav,True
159751-8-0-18.wav,159751,10.150495,14.150495,2,4,8,siren,4.0,UrbanSound8K/audio/fold4/159751-8-0-18.wav,True
159751-8-0-19.wav,159751,10.650495,14.650495,2,4,8,siren,4.0,UrbanSound8K/audio/fold4/159751-8-0-19.wav,True
159751-8-0-2.wav,159751,2.1504950000000003,6.150495,2,4,8,siren,4.0,UrbanSound8K/audio/fold4/159751-8-0-2.wav,True
159751-8-0-20.wav,159751,11.150495,15.150495,2,4,8,siren,4.0,UrbanSound8K/audio/fold4/159751-8-0-20.wav,True
159751-8-0-21.wav,159751,11.650495,15.650495,2,4,8,siren,4.0,UrbanSound8K/audio/fold4/159751-8-0-21.wav,True
159751-8-0-3.wav,159751,2.6504950000000003,6.650495,2,4,8,siren,4.0,UrbanSound8K/audio/fold4/159751-8-0-3.wav,True
159751-8-0-4.wav,159751,3.1504950000000003,7.150495,2,4,8,siren,4.0,UrbanSound8K/audio/fold4/159751-8-0-4.wav,True
159751-8-0-5.wav,159751,3.650495,7.650495,2,4,8,siren,4.0,UrbanSound8K/audio/fold4/159751-8-0-5.wav,True
159751-8-0-6.wav,159751,4.150495,8.150495,2,4,8,siren,3.999999999999999,UrbanSound8K/audio/fold4/159751-8-0-6.wav,True
159751-8-0-7.wav,159751,4.650495,8.650495,2,4,8,siren,3.999999999999999,UrbanSound8K/audio/fold4/159751-8-0-7.wav,True
159751-8-0-8.wav,159751,5.150495,9.150495,2,4,8,siren,3.999999999999999,UrbanSound8K/audio/fold4/159751-8-0-8.wav,True
159751-8-0-9.wav,159751,5.650495,9.650495,2,4,8,siren,3.999999999999999,UrbanSound8K/audio/fold4/159751-8-0-9.wav,True
159752-8-0-0.wav,159752,0.0,4.0,2,4,8,siren,4.0,UrbanSound8K/audio/fold4/159752-8-0-0.wav,True
159752-8-0-1.wav,159752,0.5,4.5,2,4,8,siren,4.0,UrbanSound8K/audio/fold4/159752-8-0-1.wav,True
159752-8-0-10.wav,159752,5.0,9.0,2,4,8,siren,4.0,UrbanSound8K/audio/fold4/159752-8-0-10.wav,True
159752-8-0-11.wav,159752,5.5,9.5,2,4,8,siren,4.0,UrbanSound8K/audio/fold4/159752-8-0-11.wav,True
159752-8-0-12.wav,159752,6.0,10.0,2,4,8,siren,4.0,UrbanSound8K/audio/fold4/159752-8-0-12.wav,True
159752-8-0-2.wav,159752,1.0,5.0,2,4,8,siren,4.0,UrbanSound8K/audio/fold4/159752-8-0-2.wav,True
159752-8-0-3.wav,159752,1.5,5.5,2,4,8,siren,4.0,UrbanSound8K/audio/fold4/159752-8-0-3.wav,True
159752-8-0-4.wav,159752,2.0,6.0,2,4,8,siren,4.0,UrbanSound8K/audio/fold4/159752-8-0-4.wav,True
159752-8-0-5.wav,159752,2.5,6.5,2,4,8,siren,4.0,UrbanSound8K/audio/fold4/159752-8-0-5.wav,True
159752-8-0-6.wav,159752,3.0,7.0,2,4,8,siren,4.0,UrbanSound8K/audio/fold4/159752-8-0-6.wav,True
159752-8-0-7.wav,159752,3.5,7.5,2,4,8,siren,4.0,UrbanSound8K/audio/fold4/159752-8-0-7.wav,True
159752-8-0-8.wav,159752,4.0,8.0,2,4,8,siren,4.0,UrbanSound8K/audio/fold4/159752-8-0-8.wav,True
159752-8-0-9.wav,159752,4.5,8.5,2,4,8,siren,4.0,UrbanSound8K/audio/fold4/159752-8-0-9.wav,True
159752-8-1-0.wav,159752,29.505959,30.471468,2,4,8,siren,0.9655090000000008,UrbanSound8K/audio/fold4/159752-8-1-0.wav,True
159752-8-2-0.wav,159752,36.303143,40.303143,2,4,8,siren,4.0,UrbanSound8K/audio/fold4/159752-8-2-0.wav,True
159752-8-2-1.wav,159752,36.803143,40.803143,2,4,8,siren,4.0,UrbanSound8K/audio/fold4/159752-8-2-1.wav,True
159752-8-2-2.wav,159752,37.303143,41.303143,2,4,8,siren,4.0,UrbanSound8K/audio/fold4/159752-8-2-2.wav,True
159752-8-2-3.wav,159752,37.803143,41.803143,2,4,8,siren,4.0,UrbanSound8K/audio/fold4/159752-8-2-3.wav,True
159761-0-0-0.wav,159761,0.0,4.0,2,3,0,air_conditioner,4.0,UrbanSound8K/audio/fold3/159761-0-0-0.wav,True
159761-0-0-1.wav,159761,0.5,4.5,2,3,0,air_conditioner,4.0,UrbanSound8K/audio/fold3/159761-0-0-1.wav,True
159761-0-0-2.wav,159761,1.0,5.0,2,3,0,air_conditioner,4.0,UrbanSound8K/audio/fold3/159761-0-0-2.wav,True
159761-0-0-3.wav,159761,1.5,5.5,2,3,0,air_conditioner,4.0,UrbanSound8K/audio/fold3/159761-0-0-3.wav,True
159761-0-0-4.wav,159761,2.0,6.0,2,3,0,air_conditioner,4.0,UrbanSound8K/audio/fold3/159761-0-0-4.wav,True
159761-0-0-5.wav,159761,2.5,6.5,2,3,0,air_conditioner,4.0,UrbanSound8K/audio/fold3/159761-0-0-5.wav,True
159761-0-0-6.wav,159761,3.0,7.0,2,3,0,air_conditioner,4.0,UrbanSound8K/audio/fold3/159761-0-0-6.wav,True
159761-0-0-7.wav,159761,3.5,7.5,2,3,0,air_conditioner,4.0,UrbanSound8K/audio/fold3/159761-0-0-7.wav,True
159761-0-0-8.wav,159761,4.0,8.0,2,3,0,air_conditioner,4.0,UrbanSound8K/audio/fold3/159761-0-0-8.wav,True
160011-2-0-0.wav,160011,2.084127,6.0841270000000005,2,2,2,children_playing,4.0,UrbanSound8K/audio/fold2/160011-2-0-0.wav,True
160011-2-0-1.wav,160011,2.584127,6.5841270000000005,2,2,2,children_playing,4.0,UrbanSound8K/audio/fold2/160011-2-0-1.wav,True
160011-2-0-12.wav,160011,8.084127,12.084127,2,2,2,children_playing,4.0,UrbanSound8K/audio/fold2/160011-2-0-12.wav,True
160011-2-0-3.wav,160011,3.584127,7.584127,2,2,2,children_playing,3.9999999999999996,UrbanSound8K/audio/fold2/160011-2-0-3.wav,True
160011-2-0-34.wav,160011,19.084127,23.084127,2,2,2,children_playing,4.0,UrbanSound8K/audio/fold2/160011-2-0-34.wav,True
160011-2-0-5.wav,160011,4.5841270000000005,8.584127,2,2,2,children_playing,4.0,UrbanSound8K/audio/fold2/160011-2-0-5.wav,True
160011-2-0-7.wav,160011,5.5841270000000005,9.584127,2,2,2,children_playing,4.0,UrbanSound8K/audio/fold2/160011-2-0-7.wav,True
160011-2-0-9.wav,160011,6.5841270000000005,10.584127,2,2,2,children_playing,4.0,UrbanSound8K/audio/fold2/160011-2-0-9.wav,True
160016-2-0-13.wav,160016,6.5,10.5,2,8,2,children_playing,4.0,UrbanSound8K/audio/fold8/160016-2-0-13.wav,True
160016-2-0-25.wav,160016,12.5,16.5,2,8,2,children_playing,4.0,UrbanSound8K/audio/fold8/160016-2-0-25.wav,True
160016-2-0-26.wav,160016,13.0,17.0,2,8,2,children_playing,4.0,UrbanSound8K/audio/fold8/160016-2-0-26.wav,True
160016-2-0-37.wav,160016,18.5,22.5,2,8,2,children_playing,4.0,UrbanSound8K/audio/fold8/160016-2-0-37.wav,True
160016-2-0-40.wav,160016,20.0,24.0,2,8,2,children_playing,4.0,UrbanSound8K/audio/fold8/160016-2-0-40.wav,True
160016-2-0-5.wav,160016,2.5,6.5,2,8,2,children_playing,4.0,UrbanSound8K/audio/fold8/160016-2-0-5.wav,True
160016-2-0-8.wav,160016,4.0,8.0,2,8,2,children_playing,4.0,UrbanSound8K/audio/fold8/160016-2-0-8.wav,True
160575-3-0-0.wav,160575,1.351494,2.38668,2,6,3,dog_bark,1.0351860000000002,UrbanSound8K/audio/fold6/160575-3-0-0.wav,True
160575-3-1-0.wav,160575,3.450622,4.514564,2,6,3,dog_bark,1.063942,UrbanSound8K/audio/fold6/160575-3-1-0.wav,True
160575-3-4-0.wav,160575,11.185766,12.537259,2,6,3,dog_bark,1.3514930000000014,UrbanSound8K/audio/fold6/160575-3-4-0.wav,True
160575-3-7-0.wav,160575,17.540661,18.863399,2,6,3,dog_bark,1.322738000000001,UrbanSound8K/audio/fold6/160575-3-7-0.wav,True
161005-2-0-0.wav,161005,0.0,4.0,2,9,2,children_playing,4.0,UrbanSound8K/audio/fold9/161005-2-0-0.wav,True
161005-2-0-12.wav,161005,6.0,10.0,2,9,2,children_playing,4.0,UrbanSound8K/audio/fold9/161005-2-0-12.wav,True
161005-2-0-14.wav,161005,7.0,11.0,2,9,2,children_playing,4.0,UrbanSound8K/audio/fold9/161005-2-0-14.wav,True
161005-2-0-19.wav,161005,9.5,13.5,2,9,2,children_playing,4.0,UrbanSound8K/audio/fold9/161005-2-0-19.wav,True
161005-2-0-27.wav,161005,13.5,17.5,2,9,2,children_playing,4.0,UrbanSound8K/audio/fold9/161005-2-0-27.wav,True
161005-2-0-28.wav,161005,14.0,18.0,2,9,2,children_playing,4.0,UrbanSound8K/audio/fold9/161005-2-0-28.wav,True
161005-2-0-4.wav,161005,2.0,6.0,2,9,2,children_playing,4.0,UrbanSound8K/audio/fold9/161005-2-0-4.wav,True
161005-2-0-6.wav,161005,3.0,7.0,2,9,2,children_playing,4.0,UrbanSound8K/audio/fold9/161005-2-0-6.wav,True
161010-1-0-0.wav,161010,123.329283,125.091034,2,4,1,car_horn,1.7617509999999896,UrbanSound8K/audio/fold4/161010-1-0-0.wav,True
161010-1-1-0.wav,161010,147.124081,148.444179,2,4,1,car_horn,1.3200980000000015,UrbanSound8K/audio/fold4/161010-1-1-0.wav,True
161010-1-2-0.wav,161010,148.909412,149.647969,2,4,1,car_horn,0.7385569999999859,UrbanSound8K/audio/fold4/161010-1-2-0.wav,True
161010-1-3-0.wav,161010,274.678649,277.041262,2,4,1,car_horn,2.3626130000000103,UrbanSound8K/audio/fold4/161010-1-3-0.wav,True
161922-3-1-4.wav,161922,45.118484,49.118484,2,6,3,dog_bark,4.0,UrbanSound8K/audio/fold6/161922-3-1-4.wav,True
161922-3-1-5.wav,161922,45.618484,49.618484,2,6,3,dog_bark,4.0,UrbanSound8K/audio/fold6/161922-3-1-5.wav,True
161922-3-1-6.wav,161922,46.118484,50.118484,2,6,3,dog_bark,4.0,UrbanSound8K/audio/fold6/161922-3-1-6.wav,True
161922-3-2-0.wav,161922,66.58268,69.969265,2,6,3,dog_bark,3.3865849999999966,UrbanSound8K/audio/fold6/161922-3-2-0.wav,True
162702-1-1-0.wav,162702,0.452485,1.298459,2,6,1,car_horn,0.845974,UrbanSound8K/audio/fold6/162702-1-1-0.wav,True
162703-1-0-0.wav,162703,0.432845,1.592012,2,1,1,car_horn,1.159167,UrbanSound8K/audio/fold1/162703-1-0-0.wav,True
164053-8-0-0.wav,164053,0.0,4.0,2,1,8,siren,4.0,UrbanSound8K/audio/fold1/164053-8-0-0.wav,True
164053-8-1-0.wav,164053,13.783876,17.783876,2,1,8,siren,4.0,UrbanSound8K/audio/fold1/164053-8-1-0.wav,True
164053-8-2-0.wav,164053,21.660377,25.660377,2,1,8,siren,4.0,UrbanSound8K/audio/fold1/164053-8-2-0.wav,True
164053-8-2-1.wav,164053,22.160377,26.160377,2,1,8,siren,4.0,UrbanSound8K/audio/fold1/164053-8-2-1.wav,True
164053-8-2-2.wav,164053,22.660377,26.660377,2,1,8,siren,4.0,UrbanSound8K/audio/fold1/164053-8-2-2.wav,True
164053-8-2-3.wav,164053,23.160377,27.160377,2,1,8,siren,4.0,UrbanSound8K/audio/fold1/164053-8-2-3.wav,True
164053-8-3-0.wav,164053,49.276156,53.276156,2,1,8,siren,4.0,UrbanSound8K/audio/fold1/164053-8-3-0.wav,True
164782-8-0-0.wav,164782,52.812932,56.812932,2,5,8,siren,4.0,UrbanSound8K/audio/fold5/164782-8-0-0.wav,True
164782-8-0-1.wav,164782,53.312932,57.312932,2,5,8,siren,4.0,UrbanSound8K/audio/fold5/164782-8-0-1.wav,True
164782-8-0-2.wav,164782,53.812932,57.812932,2,5,8,siren,4.0,UrbanSound8K/audio/fold5/164782-8-0-2.wav,True
164782-8-0-3.wav,164782,54.312932,58.312932,2,5,8,siren,4.0,UrbanSound8K/audio/fold5/164782-8-0-3.wav,True
164782-8-0-4.wav,164782,54.812932,58.812932,2,5,8,siren,4.0,UrbanSound8K/audio/fold5/164782-8-0-4.wav,True
164782-8-0-5.wav,164782,55.312932,59.312932,2,5,8,siren,4.0,UrbanSound8K/audio/fold5/164782-8-0-5.wav,True
164782-8-0-6.wav,164782,55.812932,59.812932,2,5,8,siren,4.0,UrbanSound8K/audio/fold5/164782-8-0-6.wav,True
164782-8-0-7.wav,164782,56.312932,60.312932,2,5,8,siren,4.0,UrbanSound8K/audio/fold5/164782-8-0-7.wav,True
164797-2-0-16.wav,164797,42.169581,46.169581,2,7,2,children_playing,4.0,UrbanSound8K/audio/fold7/164797-2-0-16.wav,True
164797-2-0-29.wav,164797,48.669581,52.669581,2,7,2,children_playing,4.0,UrbanSound8K/audio/fold7/164797-2-0-29.wav,True
164797-2-0-32.wav,164797,50.169581,54.169581,2,7,2,children_playing,4.0,UrbanSound8K/audio/fold7/164797-2-0-32.wav,True
164797-2-0-44.wav,164797,56.169581,60.169581,2,7,2,children_playing,4.0,UrbanSound8K/audio/fold7/164797-2-0-44.wav,True
164797-2-0-47.wav,164797,57.669581,61.669581,2,7,2,children_playing,4.0,UrbanSound8K/audio/fold7/164797-2-0-47.wav,True
164797-2-0-50.wav,164797,59.169581,63.169581,2,7,2,children_playing,4.0,UrbanSound8K/audio/fold7/164797-2-0-50.wav,True
164797-2-0-8.wav,164797,38.169581,42.169581,2,7,2,children_playing,4.0,UrbanSound8K/audio/fold7/164797-2-0-8.wav,True
165067-2-0-111.wav,165067,55.5,59.5,2,1,2,children_playing,4.0,UrbanSound8K/audio/fold1/165067-2-0-111.wav,True
165067-2-0-112.wav,165067,56.0,60.0,2,1,2,children_playing,4.0,UrbanSound8K/audio/fold1/165067-2-0-112.wav,True
165067-2-0-35.wav,165067,17.5,21.5,2,1,2,children_playing,4.0,UrbanSound8K/audio/fold1/165067-2-0-35.wav,True
165067-2-0-56.wav,165067,28.0,32.0,2,1,2,children_playing,4.0,UrbanSound8K/audio/fold1/165067-2-0-56.wav,True
165067-2-0-72.wav,165067,36.0,40.0,2,1,2,children_playing,4.0,UrbanSound8K/audio/fold1/165067-2-0-72.wav,True
165067-2-0-9.wav,165067,4.5,8.5,2,1,2,children_playing,4.0,UrbanSound8K/audio/fold1/165067-2-0-9.wav,True
165067-2-0-91.wav,165067,45.5,49.5,2,1,2,children_playing,4.0,UrbanSound8K/audio/fold1/165067-2-0-91.wav,True
165529-2-0-18.wav,165529,9.0,13.0,2,7,2,children_playing,4.0,UrbanSound8K/audio/fold7/165529-2-0-18.wav,True
165529-2-0-3.wav,165529,1.5,5.5,2,7,2,children_playing,4.0,UrbanSound8K/audio/fold7/165529-2-0-3.wav,True
165529-2-0-6.wav,165529,3.0,7.0,2,7,2,children_playing,4.0,UrbanSound8K/audio/fold7/165529-2-0-6.wav,True
165529-2-0-70.wav,165529,35.0,39.0,2,7,2,children_playing,4.0,UrbanSound8K/audio/fold7/165529-2-0-70.wav,True
165529-2-0-73.wav,165529,36.5,40.5,2,7,2,children_playing,4.0,UrbanSound8K/audio/fold7/165529-2-0-73.wav,True
165529-2-0-8.wav,165529,4.0,8.0,2,7,2,children_playing,4.0,UrbanSound8K/audio/fold7/165529-2-0-8.wav,True
165529-2-0-90.wav,165529,45.0,49.0,2,7,2,children_playing,4.0,UrbanSound8K/audio/fold7/165529-2-0-90.wav,True
165567-3-0-0.wav,165567,0.147106,4.147106,2,9,3,dog_bark,4.0,UrbanSound8K/audio/fold9/165567-3-0-0.wav,True
165567-3-2-0.wav,165567,12.111718,14.759624,2,9,3,dog_bark,2.6479060000000008,UrbanSound8K/audio/fold9/165567-3-2-0.wav,True
165567-3-3-0.wav,165567,18.388235,20.251576,2,9,3,dog_bark,1.8633409999999984,UrbanSound8K/audio/fold9/165567-3-3-0.wav,True
165567-3-4-0.wav,165567,29.347624,31.26,2,9,3,dog_bark,1.9123760000000019,UrbanSound8K/audio/fold9/165567-3-4-0.wav,True
165775-7-0-0.wav,165775,6.82896,7.36632,2,2,7,jackhammer,0.5373599999999996,UrbanSound8K/audio/fold2/165775-7-0-0.wav,True
165775-7-1-0.wav,165775,9.258278,9.650104,2,2,7,jackhammer,0.391826,UrbanSound8K/audio/fold2/165775-7-1-0.wav,True
167464-0-0-0.wav,167464,0.0,4.0,2,10,0,air_conditioner,4.0,UrbanSound8K/audio/fold10/167464-0-0-0.wav,True
167464-0-0-1.wav,167464,0.5,4.5,2,10,0,air_conditioner,4.0,UrbanSound8K/audio/fold10/167464-0-0-1.wav,True
167464-0-0-10.wav,167464,5.0,9.0,2,10,0,air_conditioner,4.0,UrbanSound8K/audio/fold10/167464-0-0-10.wav,True
167464-0-0-11.wav,167464,5.5,9.5,2,10,0,air_conditioner,4.0,UrbanSound8K/audio/fold10/167464-0-0-11.wav,True
167464-0-0-12.wav,167464,6.0,10.0,2,10,0,air_conditioner,4.0,UrbanSound8K/audio/fold10/167464-0-0-12.wav,True
167464-0-0-13.wav,167464,6.5,10.5,2,10,0,air_conditioner,4.0,UrbanSound8K/audio/fold10/167464-0-0-13.wav,True
167464-0-0-14.wav,167464,7.0,11.0,2,10,0,air_conditioner,4.0,UrbanSound8K/audio/fold10/167464-0-0-14.wav,True
167464-0-0-15.wav,167464,7.5,11.5,2,10,0,air_conditioner,4.0,UrbanSound8K/audio/fold10/167464-0-0-15.wav,True
167464-0-0-16.wav,167464,8.0,12.0,2,10,0,air_conditioner,4.0,UrbanSound8K/audio/fold10/167464-0-0-16.wav,True
167464-0-0-17.wav,167464,8.5,12.5,2,10,0,air_conditioner,4.0,UrbanSound8K/audio/fold10/167464-0-0-17.wav,True
167464-0-0-18.wav,167464,9.0,13.0,2,10,0,air_conditioner,4.0,UrbanSound8K/audio/fold10/167464-0-0-18.wav,True
167464-0-0-19.wav,167464,9.5,13.5,2,10,0,air_conditioner,4.0,UrbanSound8K/audio/fold10/167464-0-0-19.wav,True
167464-0-0-2.wav,167464,1.0,5.0,2,10,0,air_conditioner,4.0,UrbanSound8K/audio/fold10/167464-0-0-2.wav,True
167464-0-0-20.wav,167464,10.0,14.0,2,10,0,air_conditioner,4.0,UrbanSound8K/audio/fold10/167464-0-0-20.wav,True
167464-0-0-21.wav,167464,10.5,14.5,2,10,0,air_conditioner,4.0,UrbanSound8K/audio/fold10/167464-0-0-21.wav,True
167464-0-0-22.wav,167464,11.0,15.0,2,10,0,air_conditioner,4.0,UrbanSound8K/audio/fold10/167464-0-0-22.wav,True
167464-0-0-23.wav,167464,11.5,15.5,2,10,0,air_conditioner,4.0,UrbanSound8K/audio/fold10/167464-0-0-23.wav,True
167464-0-0-24.wav,167464,12.0,16.0,2,10,0,air_conditioner,4.0,UrbanSound8K/audio/fold10/167464-0-0-24.wav,True
167464-0-0-3.wav,167464,1.5,5.5,2,10,0,air_conditioner,4.0,UrbanSound8K/audio/fold10/167464-0-0-3.wav,True
167464-0-0-4.wav,167464,2.0,6.0,2,10,0,air_conditioner,4.0,UrbanSound8K/audio/fold10/167464-0-0-4.wav,True
167464-0-0-5.wav,167464,2.5,6.5,2,10,0,air_conditioner,4.0,UrbanSound8K/audio/fold10/167464-0-0-5.wav,True
167464-0-0-6.wav,167464,3.0,7.0,2,10,0,air_conditioner,4.0,UrbanSound8K/audio/fold10/167464-0-0-6.wav,True
167464-0-0-7.wav,167464,3.5,7.5,2,10,0,air_conditioner,4.0,UrbanSound8K/audio/fold10/167464-0-0-7.wav,True
167464-0-0-8.wav,167464,4.0,8.0,2,10,0,air_conditioner,4.0,UrbanSound8K/audio/fold10/167464-0-0-8.wav,True
167464-0-0-9.wav,167464,4.5,8.5,2,10,0,air_conditioner,4.0,UrbanSound8K/audio/fold10/167464-0-0-9.wav,True
168846-5-1-0.wav,168846,67.019979,71.019979,2,7,5,engine_idling,4.0,UrbanSound8K/audio/fold7/168846-5-1-0.wav,True
168846-5-1-1.wav,168846,67.519979,71.519979,2,7,5,engine_idling,4.0,UrbanSound8K/audio/fold7/168846-5-1-1.wav,True
168846-5-1-10.wav,168846,72.019979,76.019979,2,7,5,engine_idling,4.0,UrbanSound8K/audio/fold7/168846-5-1-10.wav,True
168846-5-1-11.wav,168846,72.519979,76.519979,2,7,5,engine_idling,4.0,UrbanSound8K/audio/fold7/168846-5-1-11.wav,True
168846-5-1-12.wav,168846,73.019979,77.019979,2,7,5,engine_idling,4.0,UrbanSound8K/audio/fold7/168846-5-1-12.wav,True
168846-5-1-13.wav,168846,73.519979,77.519979,2,7,5,engine_idling,4.0,UrbanSound8K/audio/fold7/168846-5-1-13.wav,True
168846-5-1-14.wav,168846,74.019979,78.019979,2,7,5,engine_idling,4.0,UrbanSound8K/audio/fold7/168846-5-1-14.wav,True
168846-5-1-2.wav,168846,68.019979,72.019979,2,7,5,engine_idling,4.0,UrbanSound8K/audio/fold7/168846-5-1-2.wav,True
168846-5-1-3.wav,168846,68.519979,72.519979,2,7,5,engine_idling,4.0,UrbanSound8K/audio/fold7/168846-5-1-3.wav,True
168846-5-1-4.wav,168846,69.019979,73.019979,2,7,5,engine_idling,4.0,UrbanSound8K/audio/fold7/168846-5-1-4.wav,True
168846-5-1-5.wav,168846,69.519979,73.519979,2,7,5,engine_idling,4.0,UrbanSound8K/audio/fold7/168846-5-1-5.wav,True
168846-5-1-6.wav,168846,70.019979,74.019979,2,7,5,engine_idling,4.0,UrbanSound8K/audio/fold7/168846-5-1-6.wav,True
168846-5-1-7.wav,168846,70.519979,74.519979,2,7,5,engine_idling,4.0,UrbanSound8K/audio/fold7/168846-5-1-7.wav,True
168846-5-1-8.wav,168846,71.019979,75.019979,2,7,5,engine_idling,4.0,UrbanSound8K/audio/fold7/168846-5-1-8.wav,True
168846-5-1-9.wav,168846,71.519979,75.519979,2,7,5,engine_idling,4.0,UrbanSound8K/audio/fold7/168846-5-1-9.wav,True
169098-7-0-0.wav,169098,0.955909,4.955909,2,2,7,jackhammer,4.0,UrbanSound8K/audio/fold2/169098-7-0-0.wav,True
169098-7-0-1.wav,169098,1.455909,5.455909,2,2,7,jackhammer,4.0,UrbanSound8K/audio/fold2/169098-7-0-1.wav,True
169098-7-0-2.wav,169098,1.955909,5.955909,2,2,7,jackhammer,4.0,UrbanSound8K/audio/fold2/169098-7-0-2.wav,True
169098-7-0-3.wav,169098,2.455909,6.455909,2,2,7,jackhammer,4.0,UrbanSound8K/audio/fold2/169098-7-0-3.wav,True
169098-7-0-4.wav,169098,2.955909,6.955909,2,2,7,jackhammer,4.0,UrbanSound8K/audio/fold2/169098-7-0-4.wav,True
169098-7-0-5.wav,169098,3.455909,7.455909,2,2,7,jackhammer,4.0,UrbanSound8K/audio/fold2/169098-7-0-5.wav,True
169098-7-0-6.wav,169098,3.955909,7.955909,2,2,7,jackhammer,4.0,UrbanSound8K/audio/fold2/169098-7-0-6.wav,True
169098-7-0-7.wav,169098,4.455909,8.455909,2,2,7,jackhammer,4.0,UrbanSound8K/audio/fold2/169098-7-0-7.wav,True
169098-7-0-8.wav,169098,4.955909,8.955909,2,2,7,jackhammer,4.0,UrbanSound8K/audio/fold2/169098-7-0-8.wav,True
169098-7-0-9.wav,169098,5.455909,9.455909,2,2,7,jackhammer,4.0,UrbanSound8K/audio/fold2/169098-7-0-9.wav,True
169098-7-1-0.wav,169098,32.848496,36.848496,2,2,7,jackhammer,4.0,UrbanSound8K/audio/fold2/169098-7-1-0.wav,True
169098-7-2-0.wav,169098,41.017169,45.017169,2,2,7,jackhammer,4.0,UrbanSound8K/audio/fold2/169098-7-2-0.wav,True
169098-7-3-0.wav,169098,50.054851,54.054851,2,2,7,jackhammer,4.0,UrbanSound8K/audio/fold2/169098-7-3-0.wav,True
169098-7-3-1.wav,169098,50.554851,54.554851,2,2,7,jackhammer,4.0,UrbanSound8K/audio/fold2/169098-7-3-1.wav,True
169098-7-4-0.wav,169098,83.511652,87.511652,2,2,7,jackhammer,4.0,UrbanSound8K/audio/fold2/169098-7-4-0.wav,True
169098-7-4-1.wav,169098,84.011652,88.011652,2,2,7,jackhammer,4.0,UrbanSound8K/audio/fold2/169098-7-4-1.wav,True
169098-7-4-10.wav,169098,88.511652,92.511652,2,2,7,jackhammer,4.0,UrbanSound8K/audio/fold2/169098-7-4-10.wav,True
169098-7-4-11.wav,169098,89.011652,93.011652,2,2,7,jackhammer,4.0,UrbanSound8K/audio/fold2/169098-7-4-11.wav,True
169098-7-4-2.wav,169098,84.511652,88.511652,2,2,7,jackhammer,4.0,UrbanSound8K/audio/fold2/169098-7-4-2.wav,True
169098-7-4-3.wav,169098,85.011652,89.011652,2,2,7,jackhammer,4.0,UrbanSound8K/audio/fold2/169098-7-4-3.wav,True
169098-7-4-4.wav,169098,85.511652,89.511652,2,2,7,jackhammer,4.0,UrbanSound8K/audio/fold2/169098-7-4-4.wav,True
169098-7-4-5.wav,169098,86.011652,90.011652,2,2,7,jackhammer,4.0,UrbanSound8K/audio/fold2/169098-7-4-5.wav,True
169098-7-4-6.wav,169098,86.511652,90.511652,2,2,7,jackhammer,4.0,UrbanSound8K/audio/fold2/169098-7-4-6.wav,True
169098-7-4-7.wav,169098,87.011652,91.011652,2,2,7,jackhammer,4.0,UrbanSound8K/audio/fold2/169098-7-4-7.wav,True
169098-7-4-8.wav,169098,87.511652,91.511652,2,2,7,jackhammer,4.0,UrbanSound8K/audio/fold2/169098-7-4-8.wav,True
169098-7-4-9.wav,169098,88.011652,92.011652,2,2,7,jackhammer,4.0,UrbanSound8K/audio/fold2/169098-7-4-9.wav,True
169466-4-0-12.wav,169466,6.0,10.0,2,4,4,drilling,4.0,UrbanSound8K/audio/fold4/169466-4-0-12.wav,True
169466-4-0-7.wav,169466,3.5,7.5,2,4,4,drilling,4.0,UrbanSound8K/audio/fold4/169466-4-0-7.wav,True
169466-4-0-8.wav,169466,4.0,8.0,2,4,4,drilling,4.0,UrbanSound8K/audio/fold4/169466-4-0-8.wav,True
169466-4-1-3.wav,169466,64.459037,68.459037,2,4,4,drilling,4.0,UrbanSound8K/audio/fold4/169466-4-1-3.wav,True
169466-4-1-5.wav,169466,65.459037,69.459037,2,4,4,drilling,4.0,UrbanSound8K/audio/fold4/169466-4-1-5.wav,True
169466-4-1-8.wav,169466,66.959037,70.959037,2,4,4,drilling,4.0,UrbanSound8K/audio/fold4/169466-4-1-8.wav,True
169466-4-2-17.wav,169466,165.640268,169.640268,2,4,4,drilling,4.0,UrbanSound8K/audio/fold4/169466-4-2-17.wav,True
169466-4-2-18.wav,169466,166.140268,170.140268,2,4,4,drilling,4.0,UrbanSound8K/audio/fold4/169466-4-2-18.wav,True
169466-4-2-2.wav,169466,158.140268,162.140268,2,4,4,drilling,4.0,UrbanSound8K/audio/fold4/169466-4-2-2.wav,True
169466-4-2-21.wav,169466,167.640268,171.640268,2,4,4,drilling,4.0,UrbanSound8K/audio/fold4/169466-4-2-21.wav,True
169466-4-2-4.wav,169466,159.140268,163.140268,2,4,4,drilling,4.0,UrbanSound8K/audio/fold4/169466-4-2-4.wav,True
169466-4-2-6.wav,169466,160.140268,164.140268,2,4,4,drilling,4.0,UrbanSound8K/audio/fold4/169466-4-2-6.wav,True
169466-4-2-8.wav,169466,161.140268,165.140268,2,4,4,drilling,4.0,UrbanSound8K/audio/fold4/169466-4-2-8.wav,True
169466-4-3-1.wav,169466,203.787355,207.787355,2,4,4,drilling,4.0,UrbanSound8K/audio/fold4/169466-4-3-1.wav,True
169466-4-3-10.wav,169466,208.287355,212.287355,2,4,4,drilling,4.0,UrbanSound8K/audio/fold4/169466-4-3-10.wav,True
169466-4-3-12.wav,169466,209.287355,213.287355,2,4,4,drilling,4.0,UrbanSound8K/audio/fold4/169466-4-3-12.wav,True
169466-4-3-14.wav,169466,210.287355,214.287355,2,4,4,drilling,4.0,UrbanSound8K/audio/fold4/169466-4-3-14.wav,True
169466-4-3-3.wav,169466,204.787355,208.787355,2,4,4,drilling,4.0,UrbanSound8K/audio/fold4/169466-4-3-3.wav,True
169466-4-3-7.wav,169466,206.787355,210.787355,2,4,4,drilling,4.0,UrbanSound8K/audio/fold4/169466-4-3-7.wav,True
169466-4-3-8.wav,169466,207.287355,211.287355,2,4,4,drilling,4.0,UrbanSound8K/audio/fold4/169466-4-3-8.wav,True
169466-4-3-9.wav,169466,207.787355,211.787355,2,4,4,drilling,4.0,UrbanSound8K/audio/fold4/169466-4-3-9.wav,True
170564-2-0-0.wav,170564,11.763036,15.763036,2,4,2,children_playing,4.0,UrbanSound8K/audio/fold4/170564-2-0-0.wav,True
170564-2-0-3.wav,170564,13.263036,17.263036,2,4,2,children_playing,4.0,UrbanSound8K/audio/fold4/170564-2-0-3.wav,True
170564-2-1-22.wav,170564,55.235644,59.235644,2,4,2,children_playing,4.0,UrbanSound8K/audio/fold4/170564-2-1-22.wav,True
170564-2-1-27.wav,170564,57.735644,61.735644,2,4,2,children_playing,4.0,UrbanSound8K/audio/fold4/170564-2-1-27.wav,True
170564-2-1-31.wav,170564,59.735644,63.735644,2,4,2,children_playing,4.0,UrbanSound8K/audio/fold4/170564-2-1-31.wav,True
170564-2-1-32.wav,170564,60.235644,64.23564400000001,2,4,2,children_playing,4.000000000000007,UrbanSound8K/audio/fold4/170564-2-1-32.wav,True
170564-2-1-34.wav,170564,61.235644,65.23564400000001,2,4,2,children_playing,4.000000000000007,UrbanSound8K/audio/fold4/170564-2-1-34.wav,True
170564-2-1-9.wav,170564,48.735644,52.735644,2,4,2,children_playing,4.0,UrbanSound8K/audio/fold4/170564-2-1-9.wav,True
17074-1-0-0.wav,17074,3.540527,4.403714,2,10,1,car_horn,0.8631869999999999,UrbanSound8K/audio/fold10/17074-1-0-0.wav,True
171184-9-0-17.wav,171184,8.5,12.5,2,7,9,street_music,4.0,UrbanSound8K/audio/fold7/171184-9-0-17.wav,True
171184-9-0-18.wav,171184,9.0,13.0,2,7,9,street_music,4.0,UrbanSound8K/audio/fold7/171184-9-0-18.wav,True
171184-9-0-19.wav,171184,9.5,13.5,2,7,9,street_music,4.0,UrbanSound8K/audio/fold7/171184-9-0-19.wav,True
171184-9-0-23.wav,171184,11.5,15.5,2,7,9,street_music,4.0,UrbanSound8K/audio/fold7/171184-9-0-23.wav,True
171184-9-0-6.wav,171184,3.0,7.0,2,7,9,street_music,4.0,UrbanSound8K/audio/fold7/171184-9-0-6.wav,True
171184-9-0-7.wav,171184,3.5,7.5,2,7,9,street_music,4.0,UrbanSound8K/audio/fold7/171184-9-0-7.wav,True
17124-1-0-0.wav,17124,0.072751,0.311441,2,10,1,car_horn,0.23869,UrbanSound8K/audio/fold10/17124-1-0-0.wav,True
171243-9-0-11.wav,171243,5.5,9.5,2,8,9,street_music,4.0,UrbanSound8K/audio/fold8/171243-9-0-11.wav,True
171243-9-0-123.wav,171243,61.5,65.5,2,8,9,street_music,4.0,UrbanSound8K/audio/fold8/171243-9-0-123.wav,True
171243-9-0-31.wav,171243,15.5,19.5,2,8,9,street_music,4.0,UrbanSound8K/audio/fold8/171243-9-0-31.wav,True
171243-9-0-49.wav,171243,24.5,28.5,2,8,9,street_music,4.0,UrbanSound8K/audio/fold8/171243-9-0-49.wav,True
171243-9-0-81.wav,171243,40.5,44.5,2,8,9,street_music,4.0,UrbanSound8K/audio/fold8/171243-9-0-81.wav,True
171243-9-0-85.wav,171243,42.5,46.5,2,8,9,street_music,4.0,UrbanSound8K/audio/fold8/171243-9-0-85.wav,True
171243-9-0-91.wav,171243,45.5,49.5,2,8,9,street_music,4.0,UrbanSound8K/audio/fold8/171243-9-0-91.wav,True
171249-1-0-0.wav,171249,6.670459,7.433059,2,4,1,car_horn,0.7626,UrbanSound8K/audio/fold4/171249-1-0-0.wav,True
171249-1-1-0.wav,171249,11.144995,11.723836,2,4,1,car_horn,0.5788410000000006,UrbanSound8K/audio/fold4/171249-1-1-0.wav,True
171249-1-2-0.wav,171249,13.294977,13.59818,2,4,1,car_horn,0.3032029999999999,UrbanSound8K/audio/fold4/171249-1-2-0.wav,True
171388-9-0-202.wav,171388,101.0,105.0,2,5,9,street_music,4.0,UrbanSound8K/audio/fold5/171388-9-0-202.wav,True
171388-9-0-225.wav,171388,112.5,116.5,2,5,9,street_music,4.0,UrbanSound8K/audio/fold5/171388-9-0-225.wav,True
171388-9-0-246.wav,171388,123.0,127.0,2,5,9,street_music,4.0,UrbanSound8K/audio/fold5/171388-9-0-246.wav,True
171388-9-0-253.wav,171388,126.5,130.5,2,5,9,street_music,4.0,UrbanSound8K/audio/fold5/171388-9-0-253.wav,True
171388-9-0-43.wav,171388,21.5,25.5,2,5,9,street_music,4.0,UrbanSound8K/audio/fold5/171388-9-0-43.wav,True
171388-9-0-88.wav,171388,44.0,48.0,2,5,9,street_music,4.0,UrbanSound8K/audio/fold5/171388-9-0-88.wav,True
171406-9-0-124.wav,171406,62.0,66.0,2,9,9,street_music,4.0,UrbanSound8K/audio/fold9/171406-9-0-124.wav,True
171406-9-0-183.wav,171406,91.5,95.5,2,9,9,street_music,4.0,UrbanSound8K/audio/fold9/171406-9-0-183.wav,True
171406-9-0-23.wav,171406,11.5,15.5,2,9,9,street_music,4.0,UrbanSound8K/audio/fold9/171406-9-0-23.wav,True
171406-9-0-57.wav,171406,28.5,32.5,2,9,9,street_music,4.0,UrbanSound8K/audio/fold9/171406-9-0-57.wav,True
171406-9-0-7.wav,171406,3.5,7.5,2,9,9,street_music,4.0,UrbanSound8K/audio/fold9/171406-9-0-7.wav,True
171406-9-0-90.wav,171406,45.0,49.0,2,9,9,street_music,4.0,UrbanSound8K/audio/fold9/171406-9-0-90.wav,True
171478-9-0-26.wav,171478,15.44083,19.44083,2,10,9,street_music,3.9999999999999982,UrbanSound8K/audio/fold10/171478-9-0-26.wav,True
171478-9-0-28.wav,171478,16.44083,20.44083,2,10,9,street_music,4.0,UrbanSound8K/audio/fold10/171478-9-0-28.wav,True
171478-9-0-38.wav,171478,21.44083,25.44083,2,10,9,street_music,4.0,UrbanSound8K/audio/fold10/171478-9-0-38.wav,True
171478-9-0-4.wav,171478,4.44083,8.44083,2,10,9,street_music,4.0,UrbanSound8K/audio/fold10/171478-9-0-4.wav,True
171478-9-0-55.wav,171478,29.94083,33.94083,2,10,9,street_music,4.0,UrbanSound8K/audio/fold10/171478-9-0-55.wav,True
171478-9-0-57.wav,171478,30.94083,34.94083,2,10,9,street_music,4.0,UrbanSound8K/audio/fold10/171478-9-0-57.wav,True
171478-9-0-58.wav,171478,31.44083,35.44083,2,10,9,street_music,4.0,UrbanSound8K/audio/fold10/171478-9-0-58.wav,True
172314-9-0-22.wav,172314,11.0,15.0,2,1,9,street_music,4.0,UrbanSound8K/audio/fold1/172314-9-0-22.wav,True
172314-9-0-40.wav,172314,20.0,24.0,2,1,9,street_music,4.0,UrbanSound8K/audio/fold1/172314-9-0-40.wav,True
172314-9-0-51.wav,172314,25.5,29.5,2,1,9,street_music,4.0,UrbanSound8K/audio/fold1/172314-9-0-51.wav,True
172314-9-0-52.wav,172314,26.0,30.0,2,1,9,street_music,4.0,UrbanSound8K/audio/fold1/172314-9-0-52.wav,True
172314-9-0-72.wav,172314,36.0,40.0,2,1,9,street_music,4.0,UrbanSound8K/audio/fold1/172314-9-0-72.wav,True
172314-9-0-80.wav,172314,40.0,44.0,2,1,9,street_music,4.0,UrbanSound8K/audio/fold1/172314-9-0-80.wav,True
172315-9-0-105.wav,172315,52.5,56.5,2,3,9,street_music,4.0,UrbanSound8K/audio/fold3/172315-9-0-105.wav,True
172315-9-0-113.wav,172315,56.5,60.5,2,3,9,street_music,4.0,UrbanSound8K/audio/fold3/172315-9-0-113.wav,True
172315-9-0-203.wav,172315,101.5,105.5,2,3,9,street_music,4.0,UrbanSound8K/audio/fold3/172315-9-0-203.wav,True
172315-9-0-211.wav,172315,105.5,109.5,2,3,9,street_music,4.0,UrbanSound8K/audio/fold3/172315-9-0-211.wav,True
172315-9-0-212.wav,172315,106.0,110.0,2,3,9,street_music,4.0,UrbanSound8K/audio/fold3/172315-9-0-212.wav,True
172315-9-0-224.wav,172315,112.0,116.0,2,3,9,street_music,4.0,UrbanSound8K/audio/fold3/172315-9-0-224.wav,True
17307-1-0-0.wav,17307,11.275117,11.336696,2,2,1,car_horn,0.06157900000000005,UrbanSound8K/audio/fold2/17307-1-0-0.wav,True
174026-3-1-0.wav,174026,9.219766,13.219766,2,4,3,dog_bark,4.0,UrbanSound8K/audio/fold4/174026-3-1-0.wav,True
174026-3-1-1.wav,174026,9.719766,13.719766,2,4,3,dog_bark,4.0,UrbanSound8K/audio/fold4/174026-3-1-1.wav,True
174026-3-1-5.wav,174026,11.719766,15.719766,2,4,3,dog_bark,4.0,UrbanSound8K/audio/fold4/174026-3-1-5.wav,True
174026-3-2-2.wav,174026,34.71608,38.71608,2,4,3,dog_bark,4.0,UrbanSound8K/audio/fold4/174026-3-2-2.wav,True
17480-2-0-11.wav,17480,5.5,9.5,2,4,2,children_playing,4.0,UrbanSound8K/audio/fold4/17480-2-0-11.wav,True
17480-2-0-24.wav,17480,12.0,16.0,2,4,2,children_playing,4.0,UrbanSound8K/audio/fold4/17480-2-0-24.wav,True
17480-2-0-25.wav,17480,12.5,16.5,2,4,2,children_playing,4.0,UrbanSound8K/audio/fold4/17480-2-0-25.wav,True
17480-2-0-30.wav,17480,15.0,19.0,2,4,2,children_playing,4.0,UrbanSound8K/audio/fold4/17480-2-0-30.wav,True
17480-2-0-35.wav,17480,17.5,21.5,2,4,2,children_playing,4.0,UrbanSound8K/audio/fold4/17480-2-0-35.wav,True
17480-2-0-5.wav,17480,2.5,6.5,2,4,2,children_playing,4.0,UrbanSound8K/audio/fold4/17480-2-0-5.wav,True
17480-2-0-6.wav,17480,3.0,7.0,2,4,2,children_playing,4.0,UrbanSound8K/audio/fold4/17480-2-0-6.wav,True
17480-2-0-9.wav,17480,4.5,8.5,2,4,2,children_playing,4.0,UrbanSound8K/audio/fold4/17480-2-0-9.wav,True
174906-2-0-10.wav,174906,5.0,9.0,2,2,2,children_playing,4.0,UrbanSound8K/audio/fold2/174906-2-0-10.wav,True
174906-2-0-11.wav,174906,5.5,9.5,2,2,2,children_playing,4.0,UrbanSound8K/audio/fold2/174906-2-0-11.wav,True
174906-2-0-14.wav,174906,7.0,11.0,2,2,2,children_playing,4.0,UrbanSound8K/audio/fold2/174906-2-0-14.wav,True
174906-2-0-18.wav,174906,9.0,13.0,2,2,2,children_playing,4.0,UrbanSound8K/audio/fold2/174906-2-0-18.wav,True
174906-2-0-20.wav,174906,10.0,14.0,2,2,2,children_playing,4.0,UrbanSound8K/audio/fold2/174906-2-0-20.wav,True
174906-2-0-21.wav,174906,10.5,14.5,2,2,2,children_playing,4.0,UrbanSound8K/audio/fold2/174906-2-0-21.wav,True
174906-2-0-6.wav,174906,3.0,7.0,2,2,2,children_playing,4.0,UrbanSound8K/audio/fold2/174906-2-0-6.wav,True
174906-2-0-8.wav,174906,4.0,8.0,2,2,2,children_playing,4.0,UrbanSound8K/audio/fold2/174906-2-0-8.wav,True
175915-3-0-0.wav,175915,3.259606,7.259606,2,9,3,dog_bark,4.0,UrbanSound8K/audio/fold9/175915-3-0-0.wav,True
175915-3-0-1.wav,175915,3.759606,7.759606,2,9,3,dog_bark,4.0,UrbanSound8K/audio/fold9/175915-3-0-1.wav,True
175915-3-0-3.wav,175915,4.759606,8.759606,2,9,3,dog_bark,4.0,UrbanSound8K/audio/fold9/175915-3-0-3.wav,True
175915-3-1-8.wav,175915,123.071504,127.071504,2,9,3,dog_bark,4.0,UrbanSound8K/audio/fold9/175915-3-1-8.wav,True
175917-3-0-3.wav,175917,1.5,5.5,2,6,3,dog_bark,4.0,UrbanSound8K/audio/fold6/175917-3-0-3.wav,True
175917-3-1-1.wav,175917,86.429353,90.429353,2,6,3,dog_bark,4.0,UrbanSound8K/audio/fold6/175917-3-1-1.wav,True
175917-3-2-2.wav,175917,114.576188,118.576188,2,6,3,dog_bark,4.0,UrbanSound8K/audio/fold6/175917-3-2-2.wav,True
175917-3-4-1.wav,175917,199.258329,203.258329,2,6,3,dog_bark,4.0,UrbanSound8K/audio/fold6/175917-3-4-1.wav,True
17615-3-0-0.wav,17615,35.115512,39.115512,2,3,3,dog_bark,4.0,UrbanSound8K/audio/fold3/17615-3-0-0.wav,True
17615-3-0-3.wav,17615,36.615512,40.615512,2,3,3,dog_bark,4.0,UrbanSound8K/audio/fold3/17615-3-0-3.wav,True
17615-3-0-4.wav,17615,37.115512,41.115512,2,3,3,dog_bark,4.0,UrbanSound8K/audio/fold3/17615-3-0-4.wav,True
17615-3-0-6.wav,17615,38.115512,42.115512,2,3,3,dog_bark,4.0,UrbanSound8K/audio/fold3/17615-3-0-6.wav,True
176631-1-0-0.wav,176631,28.32413,30.302215,2,3,1,car_horn,1.978085,UrbanSound8K/audio/fold3/176631-1-0-0.wav,True
177537-7-0-0.wav,177537,0.0,4.0,2,7,7,jackhammer,4.0,UrbanSound8K/audio/fold7/177537-7-0-0.wav,True
177537-7-0-1.wav,177537,0.5,4.5,2,7,7,jackhammer,4.0,UrbanSound8K/audio/fold7/177537-7-0-1.wav,True
177537-7-0-10.wav,177537,5.0,9.0,2,7,7,jackhammer,4.0,UrbanSound8K/audio/fold7/177537-7-0-10.wav,True
177537-7-0-11.wav,177537,5.5,9.5,2,7,7,jackhammer,4.0,UrbanSound8K/audio/fold7/177537-7-0-11.wav,True
177537-7-0-12.wav,177537,6.0,10.0,2,7,7,jackhammer,4.0,UrbanSound8K/audio/fold7/177537-7-0-12.wav,True
177537-7-0-13.wav,177537,6.5,10.5,2,7,7,jackhammer,4.0,UrbanSound8K/audio/fold7/177537-7-0-13.wav,True
177537-7-0-14.wav,177537,7.0,11.0,2,7,7,jackhammer,4.0,UrbanSound8K/audio/fold7/177537-7-0-14.wav,True
177537-7-0-15.wav,177537,7.5,11.5,2,7,7,jackhammer,4.0,UrbanSound8K/audio/fold7/177537-7-0-15.wav,True
177537-7-0-16.wav,177537,8.0,12.0,2,7,7,jackhammer,4.0,UrbanSound8K/audio/fold7/177537-7-0-16.wav,True
177537-7-0-17.wav,177537,8.5,12.5,2,7,7,jackhammer,4.0,UrbanSound8K/audio/fold7/177537-7-0-17.wav,True
177537-7-0-18.wav,177537,9.0,13.0,2,7,7,jackhammer,4.0,UrbanSound8K/audio/fold7/177537-7-0-18.wav,True
177537-7-0-19.wav,177537,9.5,13.5,2,7,7,jackhammer,4.0,UrbanSound8K/audio/fold7/177537-7-0-19.wav,True
177537-7-0-2.wav,177537,1.0,5.0,2,7,7,jackhammer,4.0,UrbanSound8K/audio/fold7/177537-7-0-2.wav,True
177537-7-0-20.wav,177537,10.0,14.0,2,7,7,jackhammer,4.0,UrbanSound8K/audio/fold7/177537-7-0-20.wav,True
177537-7-0-21.wav,177537,10.5,14.5,2,7,7,jackhammer,4.0,UrbanSound8K/audio/fold7/177537-7-0-21.wav,True
177537-7-0-22.wav,177537,11.0,15.0,2,7,7,jackhammer,4.0,UrbanSound8K/audio/fold7/177537-7-0-22.wav,True
177537-7-0-23.wav,177537,11.5,15.5,2,7,7,jackhammer,4.0,UrbanSound8K/audio/fold7/177537-7-0-23.wav,True
177537-7-0-24.wav,177537,12.0,16.0,2,7,7,jackhammer,4.0,UrbanSound8K/audio/fold7/177537-7-0-24.wav,True
177537-7-0-25.wav,177537,12.5,16.5,2,7,7,jackhammer,4.0,UrbanSound8K/audio/fold7/177537-7-0-25.wav,True
177537-7-0-26.wav,177537,13.0,17.0,2,7,7,jackhammer,4.0,UrbanSound8K/audio/fold7/177537-7-0-26.wav,True
177537-7-0-27.wav,177537,13.5,17.5,2,7,7,jackhammer,4.0,UrbanSound8K/audio/fold7/177537-7-0-27.wav,True
177537-7-0-28.wav,177537,14.0,18.0,2,7,7,jackhammer,4.0,UrbanSound8K/audio/fold7/177537-7-0-28.wav,True
177537-7-0-29.wav,177537,14.5,18.5,2,7,7,jackhammer,4.0,UrbanSound8K/audio/fold7/177537-7-0-29.wav,True
177537-7-0-3.wav,177537,1.5,5.5,2,7,7,jackhammer,4.0,UrbanSound8K/audio/fold7/177537-7-0-3.wav,True
177537-7-0-30.wav,177537,15.0,19.0,2,7,7,jackhammer,4.0,UrbanSound8K/audio/fold7/177537-7-0-30.wav,True
177537-7-0-31.wav,177537,15.5,19.5,2,7,7,jackhammer,4.0,UrbanSound8K/audio/fold7/177537-7-0-31.wav,True
177537-7-0-4.wav,177537,2.0,6.0,2,7,7,jackhammer,4.0,UrbanSound8K/audio/fold7/177537-7-0-4.wav,True
177537-7-0-5.wav,177537,2.5,6.5,2,7,7,jackhammer,4.0,UrbanSound8K/audio/fold7/177537-7-0-5.wav,True
177537-7-0-6.wav,177537,3.0,7.0,2,7,7,jackhammer,4.0,UrbanSound8K/audio/fold7/177537-7-0-6.wav,True
177537-7-0-7.wav,177537,3.5,7.5,2,7,7,jackhammer,4.0,UrbanSound8K/audio/fold7/177537-7-0-7.wav,True
177537-7-0-8.wav,177537,4.0,8.0,2,7,7,jackhammer,4.0,UrbanSound8K/audio/fold7/177537-7-0-8.wav,True
177537-7-0-9.wav,177537,4.5,8.5,2,7,7,jackhammer,4.0,UrbanSound8K/audio/fold7/177537-7-0-9.wav,True
177537-7-1-0.wav,177537,69.836679,73.836679,2,7,7,jackhammer,4.0,UrbanSound8K/audio/fold7/177537-7-1-0.wav,True
177537-7-1-1.wav,177537,70.336679,74.336679,2,7,7,jackhammer,4.0,UrbanSound8K/audio/fold7/177537-7-1-1.wav,True
177537-7-1-10.wav,177537,74.836679,78.836679,2,7,7,jackhammer,4.0,UrbanSound8K/audio/fold7/177537-7-1-10.wav,True
177537-7-1-2.wav,177537,70.836679,74.836679,2,7,7,jackhammer,4.0,UrbanSound8K/audio/fold7/177537-7-1-2.wav,True
177537-7-1-3.wav,177537,71.336679,75.336679,2,7,7,jackhammer,4.0,UrbanSound8K/audio/fold7/177537-7-1-3.wav,True
177537-7-1-4.wav,177537,71.836679,75.836679,2,7,7,jackhammer,4.0,UrbanSound8K/audio/fold7/177537-7-1-4.wav,True
177537-7-1-5.wav,177537,72.336679,76.336679,2,7,7,jackhammer,4.0,UrbanSound8K/audio/fold7/177537-7-1-5.wav,True
177537-7-1-6.wav,177537,72.836679,76.836679,2,7,7,jackhammer,4.0,UrbanSound8K/audio/fold7/177537-7-1-6.wav,True
177537-7-1-7.wav,177537,73.336679,77.336679,2,7,7,jackhammer,4.0,UrbanSound8K/audio/fold7/177537-7-1-7.wav,True
177537-7-1-8.wav,177537,73.836679,77.836679,2,7,7,jackhammer,4.0,UrbanSound8K/audio/fold7/177537-7-1-8.wav,True
177537-7-1-9.wav,177537,74.336679,78.336679,2,7,7,jackhammer,4.0,UrbanSound8K/audio/fold7/177537-7-1-9.wav,True
177537-7-2-0.wav,177537,96.379472,100.379472,2,7,7,jackhammer,4.0,UrbanSound8K/audio/fold7/177537-7-2-0.wav,True
177537-7-2-1.wav,177537,96.879472,100.879472,2,7,7,jackhammer,4.0,UrbanSound8K/audio/fold7/177537-7-2-1.wav,True
177592-5-0-0.wav,177592,0.0,4.0,2,2,5,engine_idling,4.0,UrbanSound8K/audio/fold2/177592-5-0-0.wav,True
177592-5-0-1.wav,177592,0.5,4.5,2,2,5,engine_idling,4.0,UrbanSound8K/audio/fold2/177592-5-0-1.wav,True
177592-5-0-10.wav,177592,5.0,9.0,2,2,5,engine_idling,4.0,UrbanSound8K/audio/fold2/177592-5-0-10.wav,True
177592-5-0-2.wav,177592,1.0,5.0,2,2,5,engine_idling,4.0,UrbanSound8K/audio/fold2/177592-5-0-2.wav,True
177592-5-0-3.wav,177592,1.5,5.5,2,2,5,engine_idling,4.0,UrbanSound8K/audio/fold2/177592-5-0-3.wav,True
177592-5-0-4.wav,177592,2.0,6.0,2,2,5,engine_idling,4.0,UrbanSound8K/audio/fold2/177592-5-0-4.wav,True
177592-5-0-5.wav,177592,2.5,6.5,2,2,5,engine_idling,4.0,UrbanSound8K/audio/fold2/177592-5-0-5.wav,True
177592-5-0-6.wav,177592,3.0,7.0,2,2,5,engine_idling,4.0,UrbanSound8K/audio/fold2/177592-5-0-6.wav,True
177592-5-0-7.wav,177592,3.5,7.5,2,2,5,engine_idling,4.0,UrbanSound8K/audio/fold2/177592-5-0-7.wav,True
177592-5-0-8.wav,177592,4.0,8.0,2,2,5,engine_idling,4.0,UrbanSound8K/audio/fold2/177592-5-0-8.wav,True
177592-5-0-9.wav,177592,4.5,8.5,2,2,5,engine_idling,4.0,UrbanSound8K/audio/fold2/177592-5-0-9.wav,True
177620-3-0-20.wav,177620,11.664997,15.664997,2,9,3,dog_bark,4.0,UrbanSound8K/audio/fold9/177620-3-0-20.wav,True
177620-3-0-21.wav,177620,12.164997,16.164997,2,9,3,dog_bark,4.0,UrbanSound8K/audio/fold9/177620-3-0-21.wav,True
177620-3-0-25.wav,177620,14.164997,18.164997,2,9,3,dog_bark,4.0,UrbanSound8K/audio/fold9/177620-3-0-25.wav,True
177620-3-0-8.wav,177620,5.664997,9.664997,2,9,3,dog_bark,4.0,UrbanSound8K/audio/fold9/177620-3-0-8.wav,True
177621-0-0-0.wav,177621,0.0,4.0,2,1,0,air_conditioner,4.0,UrbanSound8K/audio/fold1/177621-0-0-0.wav,True
177621-0-0-100.wav,177621,50.0,54.0,2,1,0,air_conditioner,4.0,UrbanSound8K/audio/fold1/177621-0-0-100.wav,True
177621-0-0-104.wav,177621,52.0,56.0,2,1,0,air_conditioner,4.0,UrbanSound8K/audio/fold1/177621-0-0-104.wav,True
177621-0-0-105.wav,177621,52.5,56.5,2,1,0,air_conditioner,4.0,UrbanSound8K/audio/fold1/177621-0-0-105.wav,True
177621-0-0-109.wav,177621,54.5,58.5,2,1,0,air_conditioner,4.0,UrbanSound8K/audio/fold1/177621-0-0-109.wav,True
177621-0-0-117.wav,177621,58.5,62.5,2,1,0,air_conditioner,4.0,UrbanSound8K/audio/fold1/177621-0-0-117.wav,True
177621-0-0-120.wav,177621,60.0,64.0,2,1,0,air_conditioner,4.0,UrbanSound8K/audio/fold1/177621-0-0-120.wav,True
177621-0-0-126.wav,177621,63.0,67.0,2,1,0,air_conditioner,4.0,UrbanSound8K/audio/fold1/177621-0-0-126.wav,True
177621-0-0-127.wav,177621,63.5,67.5,2,1,0,air_conditioner,4.0,UrbanSound8K/audio/fold1/177621-0-0-127.wav,True
177621-0-0-128.wav,177621,64.0,68.0,2,1,0,air_conditioner,4.0,UrbanSound8K/audio/fold1/177621-0-0-128.wav,True
177621-0-0-145.wav,177621,72.5,76.5,2,1,0,air_conditioner,4.0,UrbanSound8K/audio/fold1/177621-0-0-145.wav,True
177621-0-0-147.wav,177621,73.5,77.5,2,1,0,air_conditioner,4.0,UrbanSound8K/audio/fold1/177621-0-0-147.wav,True
177621-0-0-2.wav,177621,1.0,5.0,2,1,0,air_conditioner,4.0,UrbanSound8K/audio/fold1/177621-0-0-2.wav,True
177621-0-0-27.wav,177621,13.5,17.5,2,1,0,air_conditioner,4.0,UrbanSound8K/audio/fold1/177621-0-0-27.wav,True
177621-0-0-31.wav,177621,15.5,19.5,2,1,0,air_conditioner,4.0,UrbanSound8K/audio/fold1/177621-0-0-31.wav,True
177621-0-0-35.wav,177621,17.5,21.5,2,1,0,air_conditioner,4.0,UrbanSound8K/audio/fold1/177621-0-0-35.wav,True
177621-0-0-46.wav,177621,23.0,27.0,2,1,0,air_conditioner,4.0,UrbanSound8K/audio/fold1/177621-0-0-46.wav,True
177621-0-0-47.wav,177621,23.5,27.5,2,1,0,air_conditioner,4.0,UrbanSound8K/audio/fold1/177621-0-0-47.wav,True
177621-0-0-48.wav,177621,24.0,28.0,2,1,0,air_conditioner,4.0,UrbanSound8K/audio/fold1/177621-0-0-48.wav,True
177621-0-0-54.wav,177621,27.0,31.0,2,1,0,air_conditioner,4.0,UrbanSound8K/audio/fold1/177621-0-0-54.wav,True
177621-0-0-57.wav,177621,28.5,32.5,2,1,0,air_conditioner,4.0,UrbanSound8K/audio/fold1/177621-0-0-57.wav,True
177621-0-0-80.wav,177621,40.0,44.0,2,1,0,air_conditioner,4.0,UrbanSound8K/audio/fold1/177621-0-0-80.wav,True
177621-0-0-88.wav,177621,44.0,48.0,2,1,0,air_conditioner,4.0,UrbanSound8K/audio/fold1/177621-0-0-88.wav,True
177621-0-0-91.wav,177621,45.5,49.5,2,1,0,air_conditioner,4.0,UrbanSound8K/audio/fold1/177621-0-0-91.wav,True
177621-0-0-93.wav,177621,46.5,50.5,2,1,0,air_conditioner,4.0,UrbanSound8K/audio/fold1/177621-0-0-93.wav,True
177726-0-0-1.wav,177726,0.5,4.5,2,8,0,air_conditioner,4.0,UrbanSound8K/audio/fold8/177726-0-0-1.wav,True
177726-0-0-10.wav,177726,5.0,9.0,2,8,0,air_conditioner,4.0,UrbanSound8K/audio/fold8/177726-0-0-10.wav,True
177726-0-0-11.wav,177726,5.5,9.5,2,8,0,air_conditioner,4.0,UrbanSound8K/audio/fold8/177726-0-0-11.wav,True
177726-0-0-12.wav,177726,6.0,10.0,2,8,0,air_conditioner,4.0,UrbanSound8K/audio/fold8/177726-0-0-12.wav,True
177726-0-0-13.wav,177726,6.5,10.5,2,8,0,air_conditioner,4.0,UrbanSound8K/audio/fold8/177726-0-0-13.wav,True
177726-0-0-14.wav,177726,7.0,11.0,2,8,0,air_conditioner,4.0,UrbanSound8K/audio/fold8/177726-0-0-14.wav,True
177726-0-0-15.wav,177726,7.5,11.5,2,8,0,air_conditioner,4.0,UrbanSound8K/audio/fold8/177726-0-0-15.wav,True
177726-0-0-17.wav,177726,8.5,12.5,2,8,0,air_conditioner,4.0,UrbanSound8K/audio/fold8/177726-0-0-17.wav,True
177726-0-0-18.wav,177726,9.0,13.0,2,8,0,air_conditioner,4.0,UrbanSound8K/audio/fold8/177726-0-0-18.wav,True
177726-0-0-19.wav,177726,9.5,13.5,2,8,0,air_conditioner,4.0,UrbanSound8K/audio/fold8/177726-0-0-19.wav,True
177726-0-0-2.wav,177726,1.0,5.0,2,8,0,air_conditioner,4.0,UrbanSound8K/audio/fold8/177726-0-0-2.wav,True
177726-0-0-21.wav,177726,10.5,14.5,2,8,0,air_conditioner,4.0,UrbanSound8K/audio/fold8/177726-0-0-21.wav,True
177726-0-0-22.wav,177726,11.0,15.0,2,8,0,air_conditioner,4.0,UrbanSound8K/audio/fold8/177726-0-0-22.wav,True
177726-0-0-23.wav,177726,11.5,15.5,2,8,0,air_conditioner,4.0,UrbanSound8K/audio/fold8/177726-0-0-23.wav,True
177726-0-0-25.wav,177726,12.5,16.5,2,8,0,air_conditioner,4.0,UrbanSound8K/audio/fold8/177726-0-0-25.wav,True
177726-0-0-26.wav,177726,13.0,17.0,2,8,0,air_conditioner,4.0,UrbanSound8K/audio/fold8/177726-0-0-26.wav,True
177726-0-0-27.wav,177726,13.5,17.5,2,8,0,air_conditioner,4.0,UrbanSound8K/audio/fold8/177726-0-0-27.wav,True
177726-0-0-28.wav,177726,14.0,18.0,2,8,0,air_conditioner,4.0,UrbanSound8K/audio/fold8/177726-0-0-28.wav,True
177726-0-0-29.wav,177726,14.5,18.5,2,8,0,air_conditioner,4.0,UrbanSound8K/audio/fold8/177726-0-0-29.wav,True
177726-0-0-3.wav,177726,1.5,5.5,2,8,0,air_conditioner,4.0,UrbanSound8K/audio/fold8/177726-0-0-3.wav,True
177726-0-0-30.wav,177726,15.0,19.0,2,8,0,air_conditioner,4.0,UrbanSound8K/audio/fold8/177726-0-0-30.wav,True
177726-0-0-31.wav,177726,15.5,19.5,2,8,0,air_conditioner,4.0,UrbanSound8K/audio/fold8/177726-0-0-31.wav,True
177726-0-0-32.wav,177726,16.0,20.0,2,8,0,air_conditioner,4.0,UrbanSound8K/audio/fold8/177726-0-0-32.wav,True
177726-0-0-33.wav,177726,16.5,20.5,2,8,0,air_conditioner,4.0,UrbanSound8K/audio/fold8/177726-0-0-33.wav,True
177726-0-0-34.wav,177726,17.0,21.0,2,8,0,air_conditioner,4.0,UrbanSound8K/audio/fold8/177726-0-0-34.wav,True
177726-0-0-36.wav,177726,18.0,22.0,2,8,0,air_conditioner,4.0,UrbanSound8K/audio/fold8/177726-0-0-36.wav,True
177726-0-0-37.wav,177726,18.5,22.5,2,8,0,air_conditioner,4.0,UrbanSound8K/audio/fold8/177726-0-0-37.wav,True
177726-0-0-5.wav,177726,2.5,6.5,2,8,0,air_conditioner,4.0,UrbanSound8K/audio/fold8/177726-0-0-5.wav,True
177726-0-0-6.wav,177726,3.0,7.0,2,8,0,air_conditioner,4.0,UrbanSound8K/audio/fold8/177726-0-0-6.wav,True
177726-0-0-7.wav,177726,3.5,7.5,2,8,0,air_conditioner,4.0,UrbanSound8K/audio/fold8/177726-0-0-7.wav,True
177726-0-0-8.wav,177726,4.0,8.0,2,8,0,air_conditioner,4.0,UrbanSound8K/audio/fold8/177726-0-0-8.wav,True
177726-0-0-9.wav,177726,4.5,8.5,2,8,0,air_conditioner,4.0,UrbanSound8K/audio/fold8/177726-0-0-9.wav,True
177729-0-0-1.wav,177729,0.5,4.5,2,7,0,air_conditioner,4.0,UrbanSound8K/audio/fold7/177729-0-0-1.wav,True
177729-0-0-106.wav,177729,53.0,57.0,2,7,0,air_conditioner,4.0,UrbanSound8K/audio/fold7/177729-0-0-106.wav,True
177729-0-0-108.wav,177729,54.0,58.0,2,7,0,air_conditioner,4.0,UrbanSound8K/audio/fold7/177729-0-0-108.wav,True
177729-0-0-111.wav,177729,55.5,59.5,2,7,0,air_conditioner,4.0,UrbanSound8K/audio/fold7/177729-0-0-111.wav,True
177729-0-0-120.wav,177729,60.0,64.0,2,7,0,air_conditioner,4.0,UrbanSound8K/audio/fold7/177729-0-0-120.wav,True
177729-0-0-128.wav,177729,64.0,68.0,2,7,0,air_conditioner,4.0,UrbanSound8K/audio/fold7/177729-0-0-128.wav,True
177729-0-0-20.wav,177729,10.0,14.0,2,7,0,air_conditioner,4.0,UrbanSound8K/audio/fold7/177729-0-0-20.wav,True
177729-0-0-22.wav,177729,11.0,15.0,2,7,0,air_conditioner,4.0,UrbanSound8K/audio/fold7/177729-0-0-22.wav,True
177729-0-0-27.wav,177729,13.5,17.5,2,7,0,air_conditioner,4.0,UrbanSound8K/audio/fold7/177729-0-0-27.wav,True
177729-0-0-28.wav,177729,14.0,18.0,2,7,0,air_conditioner,4.0,UrbanSound8K/audio/fold7/177729-0-0-28.wav,True
177729-0-0-3.wav,177729,1.5,5.5,2,7,0,air_conditioner,4.0,UrbanSound8K/audio/fold7/177729-0-0-3.wav,True
177729-0-0-38.wav,177729,19.0,23.0,2,7,0,air_conditioner,4.0,UrbanSound8K/audio/fold7/177729-0-0-38.wav,True
177729-0-0-40.wav,177729,20.0,24.0,2,7,0,air_conditioner,4.0,UrbanSound8K/audio/fold7/177729-0-0-40.wav,True
177729-0-0-42.wav,177729,21.0,25.0,2,7,0,air_conditioner,4.0,UrbanSound8K/audio/fold7/177729-0-0-42.wav,True
177729-0-0-50.wav,177729,25.0,29.0,2,7,0,air_conditioner,4.0,UrbanSound8K/audio/fold7/177729-0-0-50.wav,True
177729-0-0-51.wav,177729,25.5,29.5,2,7,0,air_conditioner,4.0,UrbanSound8K/audio/fold7/177729-0-0-51.wav,True
177729-0-0-53.wav,177729,26.5,30.5,2,7,0,air_conditioner,4.0,UrbanSound8K/audio/fold7/177729-0-0-53.wav,True
177729-0-0-58.wav,177729,29.0,33.0,2,7,0,air_conditioner,4.0,UrbanSound8K/audio/fold7/177729-0-0-58.wav,True
177729-0-0-63.wav,177729,31.5,35.5,2,7,0,air_conditioner,4.0,UrbanSound8K/audio/fold7/177729-0-0-63.wav,True
177729-0-0-67.wav,177729,33.5,37.5,2,7,0,air_conditioner,4.0,UrbanSound8K/audio/fold7/177729-0-0-67.wav,True
177729-0-0-68.wav,177729,34.0,38.0,2,7,0,air_conditioner,4.0,UrbanSound8K/audio/fold7/177729-0-0-68.wav,True
177729-0-0-69.wav,177729,34.5,38.5,2,7,0,air_conditioner,4.0,UrbanSound8K/audio/fold7/177729-0-0-69.wav,True
177729-0-0-73.wav,177729,36.5,40.5,2,7,0,air_conditioner,4.0,UrbanSound8K/audio/fold7/177729-0-0-73.wav,True
177729-0-0-74.wav,177729,37.0,41.0,2,7,0,air_conditioner,4.0,UrbanSound8K/audio/fold7/177729-0-0-74.wav,True
177729-0-0-80.wav,177729,40.0,44.0,2,7,0,air_conditioner,4.0,UrbanSound8K/audio/fold7/177729-0-0-80.wav,True
177729-0-0-82.wav,177729,41.0,45.0,2,7,0,air_conditioner,4.0,UrbanSound8K/audio/fold7/177729-0-0-82.wav,True
177729-0-0-83.wav,177729,41.5,45.5,2,7,0,air_conditioner,4.0,UrbanSound8K/audio/fold7/177729-0-0-83.wav,True
177729-0-0-89.wav,177729,44.5,48.5,2,7,0,air_conditioner,4.0,UrbanSound8K/audio/fold7/177729-0-0-89.wav,True
177729-0-0-91.wav,177729,45.5,49.5,2,7,0,air_conditioner,4.0,UrbanSound8K/audio/fold7/177729-0-0-91.wav,True
177729-0-0-97.wav,177729,48.5,52.5,2,7,0,air_conditioner,4.0,UrbanSound8K/audio/fold7/177729-0-0-97.wav,True
177729-0-0-98.wav,177729,49.0,53.0,2,7,0,air_conditioner,4.0,UrbanSound8K/audio/fold7/177729-0-0-98.wav,True
177742-0-0-10.wav,177742,5.0,9.0,2,3,0,air_conditioner,4.0,UrbanSound8K/audio/fold3/177742-0-0-10.wav,True
177742-0-0-102.wav,177742,51.0,55.0,2,3,0,air_conditioner,4.0,UrbanSound8K/audio/fold3/177742-0-0-102.wav,True
177742-0-0-111.wav,177742,55.5,59.5,2,3,0,air_conditioner,4.0,UrbanSound8K/audio/fold3/177742-0-0-111.wav,True
177742-0-0-149.wav,177742,74.5,78.5,2,3,0,air_conditioner,4.0,UrbanSound8K/audio/fold3/177742-0-0-149.wav,True
177742-0-0-161.wav,177742,80.5,84.5,2,3,0,air_conditioner,4.0,UrbanSound8K/audio/fold3/177742-0-0-161.wav,True
177742-0-0-164.wav,177742,82.0,86.0,2,3,0,air_conditioner,4.0,UrbanSound8K/audio/fold3/177742-0-0-164.wav,True
177742-0-0-165.wav,177742,82.5,86.5,2,3,0,air_conditioner,4.0,UrbanSound8K/audio/fold3/177742-0-0-165.wav,True
177742-0-0-17.wav,177742,8.5,12.5,2,3,0,air_conditioner,4.0,UrbanSound8K/audio/fold3/177742-0-0-17.wav,True
177742-0-0-178.wav,177742,89.0,93.0,2,3,0,air_conditioner,4.0,UrbanSound8K/audio/fold3/177742-0-0-178.wav,True
177742-0-0-196.wav,177742,98.0,102.0,2,3,0,air_conditioner,4.0,UrbanSound8K/audio/fold3/177742-0-0-196.wav,True
177742-0-0-202.wav,177742,101.0,105.0,2,3,0,air_conditioner,4.0,UrbanSound8K/audio/fold3/177742-0-0-202.wav,True
177742-0-0-203.wav,177742,101.5,105.5,2,3,0,air_conditioner,4.0,UrbanSound8K/audio/fold3/177742-0-0-203.wav,True
177742-0-0-204.wav,177742,102.0,106.0,2,3,0,air_conditioner,4.0,UrbanSound8K/audio/fold3/177742-0-0-204.wav,True
177742-0-0-205.wav,177742,102.5,106.5,2,3,0,air_conditioner,4.0,UrbanSound8K/audio/fold3/177742-0-0-205.wav,True
177742-0-0-211.wav,177742,105.5,109.5,2,3,0,air_conditioner,4.0,UrbanSound8K/audio/fold3/177742-0-0-211.wav,True
177742-0-0-214.wav,177742,107.0,111.0,2,3,0,air_conditioner,4.0,UrbanSound8K/audio/fold3/177742-0-0-214.wav,True
177742-0-0-3.wav,177742,1.5,5.5,2,3,0,air_conditioner,4.0,UrbanSound8K/audio/fold3/177742-0-0-3.wav,True
177742-0-0-36.wav,177742,18.0,22.0,2,3,0,air_conditioner,4.0,UrbanSound8K/audio/fold3/177742-0-0-36.wav,True
177742-0-0-49.wav,177742,24.5,28.5,2,3,0,air_conditioner,4.0,UrbanSound8K/audio/fold3/177742-0-0-49.wav,True
177742-0-0-58.wav,177742,29.0,33.0,2,3,0,air_conditioner,4.0,UrbanSound8K/audio/fold3/177742-0-0-58.wav,True
177742-0-0-67.wav,177742,33.5,37.5,2,3,0,air_conditioner,4.0,UrbanSound8K/audio/fold3/177742-0-0-67.wav,True
177742-0-0-73.wav,177742,36.5,40.5,2,3,0,air_conditioner,4.0,UrbanSound8K/audio/fold3/177742-0-0-73.wav,True
177742-0-0-84.wav,177742,42.0,46.0,2,3,0,air_conditioner,4.0,UrbanSound8K/audio/fold3/177742-0-0-84.wav,True
177742-0-0-99.wav,177742,49.5,53.5,2,3,0,air_conditioner,4.0,UrbanSound8K/audio/fold3/177742-0-0-99.wav,True
178115-1-0-0.wav,178115,2.807855,3.269359,2,7,1,car_horn,0.46150400000000014,UrbanSound8K/audio/fold7/178115-1-0-0.wav,True
178118-3-0-0.wav,178118,0.0,0.723588,2,9,3,dog_bark,0.723588,UrbanSound8K/audio/fold9/178118-3-0-0.wav,True
178118-3-1-0.wav,178118,3.373941,4.131185,2,9,3,dog_bark,0.7572440000000005,UrbanSound8K/audio/fold9/178118-3-1-0.wav,True
178118-3-2-0.wav,178118,7.420988,8.523199,2,9,3,dog_bark,1.1022109999999996,UrbanSound8K/audio/fold9/178118-3-2-0.wav,True
178686-0-0-1.wav,178686,0.5,4.5,2,5,0,air_conditioner,4.0,UrbanSound8K/audio/fold5/178686-0-0-1.wav,True
178686-0-0-11.wav,178686,5.5,9.5,2,5,0,air_conditioner,4.0,UrbanSound8K/audio/fold5/178686-0-0-11.wav,True
178686-0-0-12.wav,178686,6.0,10.0,2,5,0,air_conditioner,4.0,UrbanSound8K/audio/fold5/178686-0-0-12.wav,True
178686-0-0-14.wav,178686,7.0,11.0,2,5,0,air_conditioner,4.0,UrbanSound8K/audio/fold5/178686-0-0-14.wav,True
178686-0-0-15.wav,178686,7.5,11.5,2,5,0,air_conditioner,4.0,UrbanSound8K/audio/fold5/178686-0-0-15.wav,True
178686-0-0-16.wav,178686,8.0,12.0,2,5,0,air_conditioner,4.0,UrbanSound8K/audio/fold5/178686-0-0-16.wav,True
178686-0-0-17.wav,178686,8.5,12.5,2,5,0,air_conditioner,4.0,UrbanSound8K/audio/fold5/178686-0-0-17.wav,True
178686-0-0-18.wav,178686,9.0,13.0,2,5,0,air_conditioner,4.0,UrbanSound8K/audio/fold5/178686-0-0-18.wav,True
178686-0-0-19.wav,178686,9.5,13.5,2,5,0,air_conditioner,4.0,UrbanSound8K/audio/fold5/178686-0-0-19.wav,True
178686-0-0-2.wav,178686,1.0,5.0,2,5,0,air_conditioner,4.0,UrbanSound8K/audio/fold5/178686-0-0-2.wav,True
178686-0-0-21.wav,178686,10.5,14.5,2,5,0,air_conditioner,4.0,UrbanSound8K/audio/fold5/178686-0-0-21.wav,True
178686-0-0-23.wav,178686,11.5,15.5,2,5,0,air_conditioner,4.0,UrbanSound8K/audio/fold5/178686-0-0-23.wav,True
178686-0-0-3.wav,178686,1.5,5.5,2,5,0,air_conditioner,4.0,UrbanSound8K/audio/fold5/178686-0-0-3.wav,True
178686-0-0-31.wav,178686,15.5,19.5,2,5,0,air_conditioner,4.0,UrbanSound8K/audio/fold5/178686-0-0-31.wav,True
178686-0-0-33.wav,178686,16.5,20.5,2,5,0,air_conditioner,4.0,UrbanSound8K/audio/fold5/178686-0-0-33.wav,True
178686-0-0-34.wav,178686,17.0,21.0,2,5,0,air_conditioner,4.0,UrbanSound8K/audio/fold5/178686-0-0-34.wav,True
178686-0-0-38.wav,178686,19.0,23.0,2,5,0,air_conditioner,4.0,UrbanSound8K/audio/fold5/178686-0-0-38.wav,True
178686-0-0-39.wav,178686,19.5,23.5,2,5,0,air_conditioner,4.0,UrbanSound8K/audio/fold5/178686-0-0-39.wav,True
178686-0-0-42.wav,178686,21.0,25.0,2,5,0,air_conditioner,4.0,UrbanSound8K/audio/fold5/178686-0-0-42.wav,True
178686-0-0-43.wav,178686,21.5,25.5,2,5,0,air_conditioner,4.0,UrbanSound8K/audio/fold5/178686-0-0-43.wav,True
178686-0-0-44.wav,178686,22.0,26.0,2,5,0,air_conditioner,4.0,UrbanSound8K/audio/fold5/178686-0-0-44.wav,True
178686-0-0-45.wav,178686,22.5,26.5,2,5,0,air_conditioner,4.0,UrbanSound8K/audio/fold5/178686-0-0-45.wav,True
178686-0-0-46.wav,178686,23.0,27.0,2,5,0,air_conditioner,4.0,UrbanSound8K/audio/fold5/178686-0-0-46.wav,True
178686-0-0-53.wav,178686,26.5,30.5,2,5,0,air_conditioner,4.0,UrbanSound8K/audio/fold5/178686-0-0-53.wav,True
178686-0-0-55.wav,178686,27.5,31.5,2,5,0,air_conditioner,4.0,UrbanSound8K/audio/fold5/178686-0-0-55.wav,True
178686-0-0-57.wav,178686,28.5,32.5,2,5,0,air_conditioner,4.0,UrbanSound8K/audio/fold5/178686-0-0-57.wav,True
178686-0-0-6.wav,178686,3.0,7.0,2,5,0,air_conditioner,4.0,UrbanSound8K/audio/fold5/178686-0-0-6.wav,True
178686-0-0-60.wav,178686,30.0,34.0,2,5,0,air_conditioner,4.0,UrbanSound8K/audio/fold5/178686-0-0-60.wav,True
178686-0-0-63.wav,178686,31.5,35.5,2,5,0,air_conditioner,4.0,UrbanSound8K/audio/fold5/178686-0-0-63.wav,True
178686-0-0-64.wav,178686,32.0,36.0,2,5,0,air_conditioner,4.0,UrbanSound8K/audio/fold5/178686-0-0-64.wav,True
178686-0-0-65.wav,178686,32.5,36.5,2,5,0,air_conditioner,4.0,UrbanSound8K/audio/fold5/178686-0-0-65.wav,True
178686-0-0-66.wav,178686,33.0,37.0,2,5,0,air_conditioner,4.0,UrbanSound8K/audio/fold5/178686-0-0-66.wav,True
178686-0-0-67.wav,178686,33.5,37.5,2,5,0,air_conditioner,4.0,UrbanSound8K/audio/fold5/178686-0-0-67.wav,True
178686-0-0-68.wav,178686,34.0,38.0,2,5,0,air_conditioner,4.0,UrbanSound8K/audio/fold5/178686-0-0-68.wav,True
178686-0-0-7.wav,178686,3.5,7.5,2,5,0,air_conditioner,4.0,UrbanSound8K/audio/fold5/178686-0-0-7.wav,True
178686-0-0-72.wav,178686,36.0,40.0,2,5,0,air_conditioner,4.0,UrbanSound8K/audio/fold5/178686-0-0-72.wav,True
178686-0-0-8.wav,178686,4.0,8.0,2,5,0,air_conditioner,4.0,UrbanSound8K/audio/fold5/178686-0-0-8.wav,True
178686-0-0-9.wav,178686,4.5,8.5,2,5,0,air_conditioner,4.0,UrbanSound8K/audio/fold5/178686-0-0-9.wav,True
179039-9-0-22.wav,179039,45.725979,49.725979,2,8,9,street_music,4.0,UrbanSound8K/audio/fold8/179039-9-0-22.wav,True
179039-9-0-23.wav,179039,46.225979,50.225979,2,8,9,street_music,4.0,UrbanSound8K/audio/fold8/179039-9-0-23.wav,True
179039-9-0-30.wav,179039,49.725979,53.725979,2,8,9,street_music,4.0,UrbanSound8K/audio/fold8/179039-9-0-30.wav,True
179039-9-0-38.wav,179039,53.725979,57.725979,2,8,9,street_music,4.0,UrbanSound8K/audio/fold8/179039-9-0-38.wav,True
179039-9-0-4.wav,179039,36.725979,40.725979,2,8,9,street_music,4.0,UrbanSound8K/audio/fold8/179039-9-0-4.wav,True
179039-9-0-40.wav,179039,54.725979,58.725979,2,8,9,street_music,4.0,UrbanSound8K/audio/fold8/179039-9-0-40.wav,True
17913-4-1-0.wav,17913,8.462876,9.512387,2,1,4,drilling,1.0495110000000007,UrbanSound8K/audio/fold1/17913-4-1-0.wav,True
179865-1-0-0.wav,179865,0.315169,1.648178,2,3,1,car_horn,1.3330089999999999,UrbanSound8K/audio/fold3/179865-1-0-0.wav,True
180057-9-0-11.wav,180057,5.5,9.5,2,3,9,street_music,4.0,UrbanSound8K/audio/fold3/180057-9-0-11.wav,True
180057-9-0-20.wav,180057,10.0,14.0,2,3,9,street_music,4.0,UrbanSound8K/audio/fold3/180057-9-0-20.wav,True
180057-9-0-34.wav,180057,17.0,21.0,2,3,9,street_music,4.0,UrbanSound8K/audio/fold3/180057-9-0-34.wav,True
180057-9-0-36.wav,180057,18.0,22.0,2,3,9,street_music,4.0,UrbanSound8K/audio/fold3/180057-9-0-36.wav,True
180057-9-0-5.wav,180057,2.5,6.5,2,3,9,street_music,4.0,UrbanSound8K/audio/fold3/180057-9-0-5.wav,True
180057-9-0-7.wav,180057,3.5,7.5,2,3,9,street_music,4.0,UrbanSound8K/audio/fold3/180057-9-0-7.wav,True
180156-1-0-0.wav,180156,4.837396,7.194528,2,9,1,car_horn,2.357132,UrbanSound8K/audio/fold9/180156-1-0-0.wav,True
180156-1-1-0.wav,180156,9.639612,11.064445,2,9,1,car_horn,1.4248329999999996,UrbanSound8K/audio/fold9/180156-1-1-0.wav,True
180156-1-10-0.wav,180156,28.654977,30.114991,2,9,1,car_horn,1.460014000000001,UrbanSound8K/audio/fold9/180156-1-10-0.wav,True
180156-1-11-0.wav,180156,31.029699,31.645367,2,9,1,car_horn,0.6156679999999994,UrbanSound8K/audio/fold9/180156-1-11-0.wav,True
180156-1-12-0.wav,180156,37.221566,37.432653,2,9,1,car_horn,0.21108699999999914,UrbanSound8K/audio/fold9/180156-1-12-0.wav,True
180156-1-2-0.wav,180156,11.345893,11.627342,2,9,1,car_horn,0.2814490000000003,UrbanSound8K/audio/fold9/180156-1-2-0.wav,True
180156-1-3-0.wav,180156,11.856019,12.454097,2,9,1,car_horn,0.598078000000001,UrbanSound8K/audio/fold9/180156-1-3-0.wav,True
180156-1-4-0.wav,180156,13.386395,14.600142,2,9,1,car_horn,1.2137469999999997,UrbanSound8K/audio/fold9/180156-1-4-0.wav,True
180156-1-5-0.wav,180156,15.796298,17.414627,2,9,1,car_horn,1.6183289999999992,UrbanSound8K/audio/fold9/180156-1-5-0.wav,True
180156-1-6-0.wav,180156,17.977524,21.882622,2,9,1,car_horn,3.9050980000000024,UrbanSound8K/audio/fold9/180156-1-6-0.wav,True
180156-1-7-0.wav,180156,23.747218,23.993486,2,9,1,car_horn,0.2462680000000006,UrbanSound8K/audio/fold9/180156-1-7-0.wav,True
180156-1-8-0.wav,180156,25.488681,26.086759,2,9,1,car_horn,0.598078000000001,UrbanSound8K/audio/fold9/180156-1-8-0.wav,True
180156-1-9-0.wav,180156,26.403389,26.755199,2,9,1,car_horn,0.3518100000000004,UrbanSound8K/audio/fold9/180156-1-9-0.wav,True
180937-4-0-11.wav,180937,5.5,9.5,2,9,4,drilling,4.0,UrbanSound8K/audio/fold9/180937-4-0-11.wav,True
180937-4-0-13.wav,180937,6.5,10.5,2,9,4,drilling,4.0,UrbanSound8K/audio/fold9/180937-4-0-13.wav,True
180937-4-0-14.wav,180937,7.0,11.0,2,9,4,drilling,4.0,UrbanSound8K/audio/fold9/180937-4-0-14.wav,True
180937-4-0-19.wav,180937,9.5,13.5,2,9,4,drilling,4.0,UrbanSound8K/audio/fold9/180937-4-0-19.wav,True
180937-4-0-20.wav,180937,10.0,14.0,2,9,4,drilling,4.0,UrbanSound8K/audio/fold9/180937-4-0-20.wav,True
180937-4-1-12.wav,180937,309.481213,313.481213,2,9,4,drilling,4.0,UrbanSound8K/audio/fold9/180937-4-1-12.wav,True
180937-4-1-20.wav,180937,313.481213,317.481213,2,9,4,drilling,4.0,UrbanSound8K/audio/fold9/180937-4-1-20.wav,True
180937-4-1-27.wav,180937,316.981213,320.981213,2,9,4,drilling,4.0,UrbanSound8K/audio/fold9/180937-4-1-27.wav,True
180937-4-1-30.wav,180937,318.481213,322.481213,2,9,4,drilling,4.0,UrbanSound8K/audio/fold9/180937-4-1-30.wav,True
180937-4-1-46.wav,180937,326.481213,330.481213,2,9,4,drilling,4.0,UrbanSound8K/audio/fold9/180937-4-1-46.wav,True
180937-4-1-47.wav,180937,326.981213,330.981213,2,9,4,drilling,4.0,UrbanSound8K/audio/fold9/180937-4-1-47.wav,True
180937-4-1-54.wav,180937,330.481213,334.481213,2,9,4,drilling,4.0,UrbanSound8K/audio/fold9/180937-4-1-54.wav,True
180937-4-2-1.wav,180937,490.081285,494.081285,2,9,4,drilling,4.0,UrbanSound8K/audio/fold9/180937-4-2-1.wav,True
180937-4-2-2.wav,180937,490.581285,494.581285,2,9,4,drilling,4.0,UrbanSound8K/audio/fold9/180937-4-2-2.wav,True
180937-7-3-0.wav,180937,304.584561,308.584561,2,1,7,jackhammer,4.0,UrbanSound8K/audio/fold1/180937-7-3-0.wav,True
180937-7-3-1.wav,180937,305.084561,309.084561,2,1,7,jackhammer,4.0,UrbanSound8K/audio/fold1/180937-7-3-1.wav,True
180937-7-3-10.wav,180937,309.584561,313.584561,2,1,7,jackhammer,4.0,UrbanSound8K/audio/fold1/180937-7-3-10.wav,True
180937-7-3-11.wav,180937,310.084561,314.084561,2,1,7,jackhammer,4.0,UrbanSound8K/audio/fold1/180937-7-3-11.wav,True
180937-7-3-12.wav,180937,310.584561,314.584561,2,1,7,jackhammer,4.0,UrbanSound8K/audio/fold1/180937-7-3-12.wav,True
180937-7-3-13.wav,180937,311.084561,315.084561,2,1,7,jackhammer,4.0,UrbanSound8K/audio/fold1/180937-7-3-13.wav,True
180937-7-3-14.wav,180937,311.584561,315.584561,2,1,7,jackhammer,4.0,UrbanSound8K/audio/fold1/180937-7-3-14.wav,True
180937-7-3-15.wav,180937,312.084561,316.084561,2,1,7,jackhammer,4.0,UrbanSound8K/audio/fold1/180937-7-3-15.wav,True
180937-7-3-17.wav,180937,313.084561,317.084561,2,1,7,jackhammer,4.0,UrbanSound8K/audio/fold1/180937-7-3-17.wav,True
180937-7-3-18.wav,180937,313.584561,317.584561,2,1,7,jackhammer,4.0,UrbanSound8K/audio/fold1/180937-7-3-18.wav,True
180937-7-3-19.wav,180937,314.084561,318.084561,2,1,7,jackhammer,4.0,UrbanSound8K/audio/fold1/180937-7-3-19.wav,True
180937-7-3-2.wav,180937,305.584561,309.584561,2,1,7,jackhammer,4.0,UrbanSound8K/audio/fold1/180937-7-3-2.wav,True
180937-7-3-20.wav,180937,314.584561,318.584561,2,1,7,jackhammer,4.0,UrbanSound8K/audio/fold1/180937-7-3-20.wav,True
180937-7-3-21.wav,180937,315.084561,319.084561,2,1,7,jackhammer,4.0,UrbanSound8K/audio/fold1/180937-7-3-21.wav,True
180937-7-3-22.wav,180937,315.584561,319.584561,2,1,7,jackhammer,4.0,UrbanSound8K/audio/fold1/180937-7-3-22.wav,True
180937-7-3-23.wav,180937,316.084561,320.084561,2,1,7,jackhammer,4.0,UrbanSound8K/audio/fold1/180937-7-3-23.wav,True
180937-7-3-24.wav,180937,316.584561,320.584561,2,1,7,jackhammer,4.0,UrbanSound8K/audio/fold1/180937-7-3-24.wav,True
180937-7-3-26.wav,180937,317.584561,321.584561,2,1,7,jackhammer,4.0,UrbanSound8K/audio/fold1/180937-7-3-26.wav,True
180937-7-3-27.wav,180937,318.084561,322.084561,2,1,7,jackhammer,4.0,UrbanSound8K/audio/fold1/180937-7-3-27.wav,True
180937-7-3-28.wav,180937,318.584561,322.584561,2,1,7,jackhammer,4.0,UrbanSound8K/audio/fold1/180937-7-3-28.wav,True
180937-7-3-29.wav,180937,319.084561,323.084561,2,1,7,jackhammer,4.0,UrbanSound8K/audio/fold1/180937-7-3-29.wav,True
180937-7-3-3.wav,180937,306.084561,310.084561,2,1,7,jackhammer,4.0,UrbanSound8K/audio/fold1/180937-7-3-3.wav,True
180937-7-3-30.wav,180937,319.584561,323.584561,2,1,7,jackhammer,4.0,UrbanSound8K/audio/fold1/180937-7-3-30.wav,True
180937-7-3-31.wav,180937,320.084561,324.084561,2,1,7,jackhammer,4.0,UrbanSound8K/audio/fold1/180937-7-3-31.wav,True
180937-7-3-32.wav,180937,320.584561,324.584561,2,1,7,jackhammer,4.0,UrbanSound8K/audio/fold1/180937-7-3-32.wav,True
180937-7-3-33.wav,180937,321.084561,325.084561,2,1,7,jackhammer,4.0,UrbanSound8K/audio/fold1/180937-7-3-33.wav,True
180937-7-3-4.wav,180937,306.584561,310.584561,2,1,7,jackhammer,4.0,UrbanSound8K/audio/fold1/180937-7-3-4.wav,True
180937-7-3-5.wav,180937,307.084561,311.084561,2,1,7,jackhammer,4.0,UrbanSound8K/audio/fold1/180937-7-3-5.wav,True
180937-7-3-6.wav,180937,307.584561,311.584561,2,1,7,jackhammer,4.0,UrbanSound8K/audio/fold1/180937-7-3-6.wav,True
180937-7-3-7.wav,180937,308.084561,312.084561,2,1,7,jackhammer,4.0,UrbanSound8K/audio/fold1/180937-7-3-7.wav,True
180937-7-3-8.wav,180937,308.584561,312.584561,2,1,7,jackhammer,4.0,UrbanSound8K/audio/fold1/180937-7-3-8.wav,True
180937-7-3-9.wav,180937,309.084561,313.084561,2,1,7,jackhammer,4.0,UrbanSound8K/audio/fold1/180937-7-3-9.wav,True
180937-7-4-0.wav,180937,463.203523,467.203523,2,1,7,jackhammer,4.0,UrbanSound8K/audio/fold1/180937-7-4-0.wav,True
180937-7-4-10.wav,180937,468.203523,472.203523,2,1,7,jackhammer,4.0,UrbanSound8K/audio/fold1/180937-7-4-10.wav,True
180937-7-4-11.wav,180937,468.703523,472.703523,2,1,7,jackhammer,4.0,UrbanSound8K/audio/fold1/180937-7-4-11.wav,True
180937-7-4-12.wav,180937,469.203523,473.203523,2,1,7,jackhammer,4.0,UrbanSound8K/audio/fold1/180937-7-4-12.wav,True
180937-7-4-13.wav,180937,469.703523,473.703523,2,1,7,jackhammer,4.0,UrbanSound8K/audio/fold1/180937-7-4-13.wav,True
180937-7-4-14.wav,180937,470.203523,474.203523,2,1,7,jackhammer,4.0,UrbanSound8K/audio/fold1/180937-7-4-14.wav,True
180937-7-4-2.wav,180937,464.203523,468.203523,2,1,7,jackhammer,4.0,UrbanSound8K/audio/fold1/180937-7-4-2.wav,True
180937-7-4-3.wav,180937,464.703523,468.703523,2,1,7,jackhammer,4.0,UrbanSound8K/audio/fold1/180937-7-4-3.wav,True
180937-7-4-4.wav,180937,465.203523,469.203523,2,1,7,jackhammer,4.0,UrbanSound8K/audio/fold1/180937-7-4-4.wav,True
180937-7-4-5.wav,180937,465.703523,469.703523,2,1,7,jackhammer,4.0,UrbanSound8K/audio/fold1/180937-7-4-5.wav,True
180937-7-4-6.wav,180937,466.203523,470.203523,2,1,7,jackhammer,4.0,UrbanSound8K/audio/fold1/180937-7-4-6.wav,True
180937-7-4-7.wav,180937,466.703523,470.703523,2,1,7,jackhammer,4.0,UrbanSound8K/audio/fold1/180937-7-4-7.wav,True
180937-7-4-8.wav,180937,467.203523,471.203523,2,1,7,jackhammer,4.0,UrbanSound8K/audio/fold1/180937-7-4-8.wav,True
180937-7-4-9.wav,180937,467.703523,471.703523,2,1,7,jackhammer,4.0,UrbanSound8K/audio/fold1/180937-7-4-9.wav,True
183894-1-5-0.wav,183894,98.082239,98.955375,2,7,1,car_horn,0.8731360000000024,UrbanSound8K/audio/fold7/183894-1-5-0.wav,True
183894-1-6-0.wav,183894,102.156872,103.321053,2,7,1,car_horn,1.1641809999999992,UrbanSound8K/audio/fold7/183894-1-6-0.wav,True
183894-1-7-0.wav,183894,124.494593,127.186761,2,7,1,car_horn,2.6921680000000094,UrbanSound8K/audio/fold7/183894-1-7-0.wav,True
183894-1-8-0.wav,183894,133.225949,134.317369,2,7,1,car_horn,1.0914199999999994,UrbanSound8K/audio/fold7/183894-1-8-0.wav,True
183894-1-9-0.wav,183894,135.699834,137.373344,2,7,1,car_horn,1.6735099999999932,UrbanSound8K/audio/fold7/183894-1-9-0.wav,True
183989-3-1-18.wav,183989,80.176471,84.176471,2,4,3,dog_bark,4.0,UrbanSound8K/audio/fold4/183989-3-1-18.wav,True
183989-3-1-21.wav,183989,81.676471,85.676471,2,4,3,dog_bark,4.0,UrbanSound8K/audio/fold4/183989-3-1-21.wav,True
183989-3-1-23.wav,183989,82.676471,86.676471,2,4,3,dog_bark,4.0,UrbanSound8K/audio/fold4/183989-3-1-23.wav,True
183989-3-1-25.wav,183989,83.676471,87.676471,2,4,3,dog_bark,4.0,UrbanSound8K/audio/fold4/183989-3-1-25.wav,True
184355-1-0-0.wav,184355,4.08756,4.750408,2,1,1,car_horn,0.6628480000000003,UrbanSound8K/audio/fold1/184355-1-0-0.wav,True
18453-3-0-0.wav,18453,9.13085,9.937155,2,2,3,dog_bark,0.806305,UrbanSound8K/audio/fold2/18453-3-0-0.wav,True
184623-8-1-0.wav,184623,12.064884,16.064884,2,3,8,siren,4.0,UrbanSound8K/audio/fold3/184623-8-1-0.wav,True
184805-0-0-101.wav,184805,50.5,54.5,2,6,0,air_conditioner,4.0,UrbanSound8K/audio/fold6/184805-0-0-101.wav,True
184805-0-0-103.wav,184805,51.5,55.5,2,6,0,air_conditioner,4.0,UrbanSound8K/audio/fold6/184805-0-0-103.wav,True
184805-0-0-104.wav,184805,52.0,56.0,2,6,0,air_conditioner,4.0,UrbanSound8K/audio/fold6/184805-0-0-104.wav,True
184805-0-0-112.wav,184805,56.0,60.0,2,6,0,air_conditioner,4.0,UrbanSound8K/audio/fold6/184805-0-0-112.wav,True
184805-0-0-121.wav,184805,60.5,64.5,2,6,0,air_conditioner,4.0,UrbanSound8K/audio/fold6/184805-0-0-121.wav,True
184805-0-0-13.wav,184805,6.5,10.5,2,6,0,air_conditioner,4.0,UrbanSound8K/audio/fold6/184805-0-0-13.wav,True
184805-0-0-16.wav,184805,8.0,12.0,2,6,0,air_conditioner,4.0,UrbanSound8K/audio/fold6/184805-0-0-16.wav,True
184805-0-0-2.wav,184805,1.0,5.0,2,6,0,air_conditioner,4.0,UrbanSound8K/audio/fold6/184805-0-0-2.wav,True
184805-0-0-27.wav,184805,13.5,17.5,2,6,0,air_conditioner,4.0,UrbanSound8K/audio/fold6/184805-0-0-27.wav,True
184805-0-0-32.wav,184805,16.0,20.0,2,6,0,air_conditioner,4.0,UrbanSound8K/audio/fold6/184805-0-0-32.wav,True
184805-0-0-34.wav,184805,17.0,21.0,2,6,0,air_conditioner,4.0,UrbanSound8K/audio/fold6/184805-0-0-34.wav,True
184805-0-0-4.wav,184805,2.0,6.0,2,6,0,air_conditioner,4.0,UrbanSound8K/audio/fold6/184805-0-0-4.wav,True
184805-0-0-40.wav,184805,20.0,24.0,2,6,0,air_conditioner,4.0,UrbanSound8K/audio/fold6/184805-0-0-40.wav,True
184805-0-0-45.wav,184805,22.5,26.5,2,6,0,air_conditioner,4.0,UrbanSound8K/audio/fold6/184805-0-0-45.wav,True
184805-0-0-47.wav,184805,23.5,27.5,2,6,0,air_conditioner,4.0,UrbanSound8K/audio/fold6/184805-0-0-47.wav,True
184805-0-0-48.wav,184805,24.0,28.0,2,6,0,air_conditioner,4.0,UrbanSound8K/audio/fold6/184805-0-0-48.wav,True
184805-0-0-49.wav,184805,24.5,28.5,2,6,0,air_conditioner,4.0,UrbanSound8K/audio/fold6/184805-0-0-49.wav,True
184805-0-0-5.wav,184805,2.5,6.5,2,6,0,air_conditioner,4.0,UrbanSound8K/audio/fold6/184805-0-0-5.wav,True
184805-0-0-51.wav,184805,25.5,29.5,2,6,0,air_conditioner,4.0,UrbanSound8K/audio/fold6/184805-0-0-51.wav,True
184805-0-0-54.wav,184805,27.0,31.0,2,6,0,air_conditioner,4.0,UrbanSound8K/audio/fold6/184805-0-0-54.wav,True
184805-0-0-57.wav,184805,28.5,32.5,2,6,0,air_conditioner,4.0,UrbanSound8K/audio/fold6/184805-0-0-57.wav,True
184805-0-0-58.wav,184805,29.0,33.0,2,6,0,air_conditioner,4.0,UrbanSound8K/audio/fold6/184805-0-0-58.wav,True
184805-0-0-61.wav,184805,30.5,34.5,2,6,0,air_conditioner,4.0,UrbanSound8K/audio/fold6/184805-0-0-61.wav,True
184805-0-0-63.wav,184805,31.5,35.5,2,6,0,air_conditioner,4.0,UrbanSound8K/audio/fold6/184805-0-0-63.wav,True
184805-0-0-64.wav,184805,32.0,36.0,2,6,0,air_conditioner,4.0,UrbanSound8K/audio/fold6/184805-0-0-64.wav,True
184805-0-0-74.wav,184805,37.0,41.0,2,6,0,air_conditioner,4.0,UrbanSound8K/audio/fold6/184805-0-0-74.wav,True
184805-0-0-75.wav,184805,37.5,41.5,2,6,0,air_conditioner,4.0,UrbanSound8K/audio/fold6/184805-0-0-75.wav,True
184805-0-0-77.wav,184805,38.5,42.5,2,6,0,air_conditioner,4.0,UrbanSound8K/audio/fold6/184805-0-0-77.wav,True
184805-0-0-81.wav,184805,40.5,44.5,2,6,0,air_conditioner,4.0,UrbanSound8K/audio/fold6/184805-0-0-81.wav,True
184805-0-0-82.wav,184805,41.0,45.0,2,6,0,air_conditioner,4.0,UrbanSound8K/audio/fold6/184805-0-0-82.wav,True
184805-0-0-88.wav,184805,44.0,48.0,2,6,0,air_conditioner,4.0,UrbanSound8K/audio/fold6/184805-0-0-88.wav,True
184805-0-0-90.wav,184805,45.0,49.0,2,6,0,air_conditioner,4.0,UrbanSound8K/audio/fold6/184805-0-0-90.wav,True
184805-0-0-99.wav,184805,49.5,53.5,2,6,0,air_conditioner,4.0,UrbanSound8K/audio/fold6/184805-0-0-99.wav,True
185373-9-0-21.wav,185373,10.5,14.5,2,3,9,street_music,4.0,UrbanSound8K/audio/fold3/185373-9-0-21.wav,True
185373-9-0-6.wav,185373,3.0,7.0,2,3,9,street_music,4.0,UrbanSound8K/audio/fold3/185373-9-0-6.wav,True
185373-9-1-17.wav,185373,138.293638,142.293638,2,3,9,street_music,4.0,UrbanSound8K/audio/fold3/185373-9-1-17.wav,True
185373-9-1-46.wav,185373,152.793638,156.793638,2,3,9,street_music,4.0,UrbanSound8K/audio/fold3/185373-9-1-46.wav,True
185373-9-1-7.wav,185373,133.293638,137.293638,2,3,9,street_music,4.0,UrbanSound8K/audio/fold3/185373-9-1-7.wav,True
185373-9-1-70.wav,185373,164.793638,168.793638,2,3,9,street_music,4.0,UrbanSound8K/audio/fold3/185373-9-1-70.wav,True
185375-9-0-23.wav,185375,11.5,15.5,2,3,9,street_music,4.0,UrbanSound8K/audio/fold3/185375-9-0-23.wav,True
185375-9-0-26.wav,185375,13.0,17.0,2,3,9,street_music,4.0,UrbanSound8K/audio/fold3/185375-9-0-26.wav,True
185375-9-0-33.wav,185375,16.5,20.5,2,3,9,street_music,4.0,UrbanSound8K/audio/fold3/185375-9-0-33.wav,True
185375-9-0-60.wav,185375,30.0,34.0,2,3,9,street_music,4.0,UrbanSound8K/audio/fold3/185375-9-0-60.wav,True
185375-9-0-61.wav,185375,30.5,34.5,2,3,9,street_music,4.0,UrbanSound8K/audio/fold3/185375-9-0-61.wav,True
185375-9-0-84.wav,185375,42.0,46.0,2,3,9,street_music,4.0,UrbanSound8K/audio/fold3/185375-9-0-84.wav,True
185436-1-0-0.wav,185436,18.261502,19.677122,2,5,1,car_horn,1.4156200000000005,UrbanSound8K/audio/fold5/185436-1-0-0.wav,True
185436-1-1-0.wav,185436,84.795657,85.786591,2,5,1,car_horn,0.9909339999999958,UrbanSound8K/audio/fold5/185436-1-1-0.wav,True
185436-1-2-0.wav,185436,97.394678,99.942794,2,5,1,car_horn,2.5481160000000074,UrbanSound8K/audio/fold5/185436-1-2-0.wav,True
185436-1-3-0.wav,185436,161.946964,164.636643,2,5,1,car_horn,2.689678999999984,UrbanSound8K/audio/fold5/185436-1-3-0.wav,True
185436-1-4-0.wav,185436,191.391867,195.214042,2,5,1,car_horn,3.8221750000000156,UrbanSound8K/audio/fold5/185436-1-4-0.wav,True
185436-1-5-0.wav,185436,225.508316,226.923937,2,5,1,car_horn,1.4156209999999874,UrbanSound8K/audio/fold5/185436-1-5-0.wav,True
185436-1-6-0.wav,185436,235.134535,238.107337,2,5,1,car_horn,2.9728020000000015,UrbanSound8K/audio/fold5/185436-1-6-0.wav,True
185436-1-7-0.wav,185436,249.998548,251.272606,2,5,1,car_horn,1.2740579999999966,UrbanSound8K/audio/fold5/185436-1-7-0.wav,True
185800-4-1-0.wav,185800,7.019837,8.327131,2,2,4,drilling,1.3072939999999997,UrbanSound8K/audio/fold2/185800-4-1-0.wav,True
185800-4-2-0.wav,185800,9.14007,13.14007,2,2,4,drilling,4.0,UrbanSound8K/audio/fold2/185800-4-2-0.wav,True
185800-4-2-1.wav,185800,9.64007,13.64007,2,2,4,drilling,4.0,UrbanSound8K/audio/fold2/185800-4-2-1.wav,True
185800-4-2-2.wav,185800,10.14007,14.14007,2,2,4,drilling,4.0,UrbanSound8K/audio/fold2/185800-4-2-2.wav,True
185801-4-0-0.wav,185801,0.088953,4.088953,2,3,4,drilling,4.0,UrbanSound8K/audio/fold3/185801-4-0-0.wav,True
185801-4-0-1.wav,185801,0.5889530000000001,4.588953,2,3,4,drilling,4.0,UrbanSound8K/audio/fold3/185801-4-0-1.wav,True
185801-4-0-2.wav,185801,1.088953,5.088953,2,3,4,drilling,4.0,UrbanSound8K/audio/fold3/185801-4-0-2.wav,True
18581-3-0-0.wav,18581,40.693758,44.693758,2,2,3,dog_bark,4.0,UrbanSound8K/audio/fold2/18581-3-0-0.wav,True
18581-3-0-5.wav,18581,43.193758,47.193758,2,2,3,dog_bark,4.0,UrbanSound8K/audio/fold2/18581-3-0-5.wav,True
18581-3-1-1.wav,18581,64.21059,68.21059,2,2,3,dog_bark,4.0,UrbanSound8K/audio/fold2/18581-3-1-1.wav,True
18581-3-1-3.wav,18581,65.21059,69.21059,2,2,3,dog_bark,4.0,UrbanSound8K/audio/fold2/18581-3-1-3.wav,True
18594-1-2-0.wav,18594,43.782548,43.982489,2,3,1,car_horn,0.1999410000000026,UrbanSound8K/audio/fold3/18594-1-2-0.wav,True
186336-9-0-0.wav,186336,10.288126,14.288126,2,3,9,street_music,4.0,UrbanSound8K/audio/fold3/186336-9-0-0.wav,True
186336-9-0-1.wav,186336,10.788126,14.788126,2,3,9,street_music,4.0,UrbanSound8K/audio/fold3/186336-9-0-1.wav,True
186336-9-0-2.wav,186336,11.288126,15.288126,2,3,9,street_music,4.0,UrbanSound8K/audio/fold3/186336-9-0-2.wav,True
186336-9-0-3.wav,186336,11.788126,15.788126,2,3,9,street_music,4.0,UrbanSound8K/audio/fold3/186336-9-0-3.wav,True
186336-9-0-4.wav,186336,12.288126,16.288126,2,3,9,street_music,3.9999999999999982,UrbanSound8K/audio/fold3/186336-9-0-4.wav,True
186339-9-0-1.wav,186339,0.5,4.5,2,3,9,street_music,4.0,UrbanSound8K/audio/fold3/186339-9-0-1.wav,True
186339-9-0-12.wav,186339,6.0,10.0,2,3,9,street_music,4.0,UrbanSound8K/audio/fold3/186339-9-0-12.wav,True
186339-9-0-17.wav,186339,8.5,12.5,2,3,9,street_music,4.0,UrbanSound8K/audio/fold3/186339-9-0-17.wav,True
186339-9-0-18.wav,186339,9.0,13.0,2,3,9,street_music,4.0,UrbanSound8K/audio/fold3/186339-9-0-18.wav,True
186339-9-0-3.wav,186339,1.5,5.5,2,3,9,street_music,4.0,UrbanSound8K/audio/fold3/186339-9-0-3.wav,True
186339-9-0-7.wav,186339,3.5,7.5,2,3,9,street_music,4.0,UrbanSound8K/audio/fold3/186339-9-0-7.wav,True
187075-5-0-0.wav,187075,3.446779,7.446778999999999,2,9,5,engine_idling,3.9999999999999996,UrbanSound8K/audio/fold9/187075-5-0-0.wav,True
187075-5-0-1.wav,187075,3.946779,7.946778999999999,2,9,5,engine_idling,3.9999999999999996,UrbanSound8K/audio/fold9/187075-5-0-1.wav,True
187075-5-0-2.wav,187075,4.446778999999999,8.446779,2,9,5,engine_idling,4.0,UrbanSound8K/audio/fold9/187075-5-0-2.wav,True
187075-5-0-3.wav,187075,4.946778999999999,8.946779,2,9,5,engine_idling,4.0,UrbanSound8K/audio/fold9/187075-5-0-3.wav,True
187075-5-0-4.wav,187075,5.446778999999999,9.446779,2,9,5,engine_idling,4.0,UrbanSound8K/audio/fold9/187075-5-0-4.wav,True
187075-5-0-5.wav,187075,5.946778999999999,9.946779,2,9,5,engine_idling,4.0,UrbanSound8K/audio/fold9/187075-5-0-5.wav,True
187075-5-0-6.wav,187075,6.446778999999999,10.446779,2,9,5,engine_idling,4.0,UrbanSound8K/audio/fold9/187075-5-0-6.wav,True
187075-5-0-7.wav,187075,6.946778999999999,10.946779,2,9,5,engine_idling,4.0,UrbanSound8K/audio/fold9/187075-5-0-7.wav,True
187075-5-0-8.wav,187075,7.446778999999999,11.446779,2,9,5,engine_idling,4.0,UrbanSound8K/audio/fold9/187075-5-0-8.wav,True
187356-1-0-0.wav,187356,20.664779,21.032153,2,4,1,car_horn,0.36737400000000164,UrbanSound8K/audio/fold4/187356-1-0-0.wav,True
187356-1-1-0.wav,187356,23.052709,24.338518,2,4,1,car_horn,1.2858090000000004,UrbanSound8K/audio/fold4/187356-1-1-0.wav,True
187356-1-2-0.wav,187356,28.471474,32.471474,2,4,1,car_horn,4.0,UrbanSound8K/audio/fold4/187356-1-2-0.wav,True
187356-1-3-0.wav,187356,37.058838,40.548889,2,4,1,car_horn,3.490051000000001,UrbanSound8K/audio/fold4/187356-1-3-0.wav,True
187356-1-4-0.wav,187356,48.998488,52.998488,2,4,1,car_horn,4.0,UrbanSound8K/audio/fold4/187356-1-4-0.wav,True
187356-1-5-0.wav,187356,64.42819,67.045729,2,4,1,car_horn,2.6175389999999936,UrbanSound8K/audio/fold4/187356-1-5-0.wav,True
187356-1-6-0.wav,187356,79.720127,81.419231,2,4,1,car_horn,1.6991039999999913,UrbanSound8K/audio/fold4/187356-1-6-0.wav,True
187920-7-2-0.wav,187920,30.660677,32.096921,2,5,7,jackhammer,1.436244000000002,UrbanSound8K/audio/fold5/187920-7-2-0.wav,True
188004-8-0-0.wav,188004,0.0,4.0,2,6,8,siren,4.0,UrbanSound8K/audio/fold6/188004-8-0-0.wav,True
188004-8-0-1.wav,188004,0.5,4.5,2,6,8,siren,4.0,UrbanSound8K/audio/fold6/188004-8-0-1.wav,True
188004-8-0-2.wav,188004,1.0,5.0,2,6,8,siren,4.0,UrbanSound8K/audio/fold6/188004-8-0-2.wav,True
188824-7-0-0.wav,188824,0.0,1.373335,2,3,7,jackhammer,1.373335,UrbanSound8K/audio/fold3/188824-7-0-0.wav,True
188824-7-1-0.wav,188824,1.87273,3.183641,2,3,7,jackhammer,1.3109110000000002,UrbanSound8K/audio/fold3/188824-7-1-0.wav,True
188824-7-10-0.wav,188824,53.185535,54.1219,2,3,7,jackhammer,0.936364999999995,UrbanSound8K/audio/fold3/188824-7-10-0.wav,True
188824-7-11-0.wav,188824,55.307963,56.494025,2,3,7,jackhammer,1.1860619999999997,UrbanSound8K/audio/fold3/188824-7-11-0.wav,True
188824-7-12-0.wav,188824,59.864939,63.485551,2,3,7,jackhammer,3.6206120000000013,UrbanSound8K/audio/fold3/188824-7-12-0.wav,True
188824-7-2-0.wav,188824,3.683036,4.74425,2,3,7,jackhammer,1.061214,UrbanSound8K/audio/fold3/188824-7-2-0.wav,True
188824-7-3-0.wav,188824,5.680615,6.492131,2,3,7,jackhammer,0.8115159999999992,UrbanSound8K/audio/fold3/188824-7-3-0.wav,True
188824-7-4-0.wav,188824,6.991526,8.240012,2,3,7,jackhammer,1.2484859999999998,UrbanSound8K/audio/fold3/188824-7-4-0.wav,True
188824-7-5-0.wav,188824,8.240012,9.613348,2,3,7,jackhammer,1.3733360000000001,UrbanSound8K/audio/fold3/188824-7-5-0.wav,True
188824-7-6-0.wav,188824,10.549713,11.423654,2,3,7,jackhammer,0.8739410000000003,UrbanSound8K/audio/fold3/188824-7-6-0.wav,True
188824-7-7-0.wav,188824,25.9061,28.278225,2,3,7,jackhammer,2.3721250000000005,UrbanSound8K/audio/fold3/188824-7-7-0.wav,True
188824-7-8-0.wav,188824,29.277014,30.775198,2,3,7,jackhammer,1.4981839999999984,UrbanSound8K/audio/fold3/188824-7-8-0.wav,True
188824-7-9-0.wav,188824,31.399441,35.399441,2,3,7,jackhammer,4.0000000000000036,UrbanSound8K/audio/fold3/188824-7-9-0.wav,True
18933-1-0-0.wav,18933,25.639242,25.944262,2,6,1,car_horn,0.30501999999999896,UrbanSound8K/audio/fold6/18933-1-0-0.wav,True
189846-3-0-0.wav,189846,13.241992,14.358787,2,8,3,dog_bark,1.1167949999999998,UrbanSound8K/audio/fold8/189846-3-0-0.wav,True
189846-3-1-0.wav,189846,17.230544,18.586652,2,8,3,dog_bark,1.3561080000000025,UrbanSound8K/audio/fold8/189846-3-1-0.wav,True
189846-3-3-0.wav,189846,26.404213,27.32158,2,8,3,dog_bark,0.9173670000000023,UrbanSound8K/audio/fold8/189846-3-3-0.wav,True
189846-3-4-0.wav,189846,28.159176,28.956887,2,8,3,dog_bark,0.7977109999999996,UrbanSound8K/audio/fold8/189846-3-4-0.wav,True
19007-4-0-0.wav,19007,0.0,4.0,2,5,4,drilling,4.0,UrbanSound8K/audio/fold5/19007-4-0-0.wav,True
190680-3-1-0.wav,190680,5.960838,7.49752,2,6,3,dog_bark,1.5366819999999999,UrbanSound8K/audio/fold6/190680-3-1-0.wav,True
190680-3-4-0.wav,190680,21.352441,25.352441,2,6,3,dog_bark,4.0,UrbanSound8K/audio/fold6/190680-3-4-0.wav,True
190680-3-6-0.wav,190680,36.24834,40.24834,2,6,3,dog_bark,4.0,UrbanSound8K/audio/fold6/190680-3-6-0.wav,True
190996-3-0-0.wav,190996,12.510494,16.510494,2,8,3,dog_bark,4.000000000000002,UrbanSound8K/audio/fold8/190996-3-0-0.wav,True
190996-3-0-1.wav,190996,13.010494,17.010494,2,8,3,dog_bark,4.000000000000002,UrbanSound8K/audio/fold8/190996-3-0-1.wav,True
190996-3-0-8.wav,190996,16.510494,20.510494,2,8,3,dog_bark,4.0,UrbanSound8K/audio/fold8/190996-3-0-8.wav,True
19218-3-0-0.wav,19218,55.750425,59.750425,2,2,3,dog_bark,4.0,UrbanSound8K/audio/fold2/19218-3-0-0.wav,True
193697-2-0-103.wav,193697,51.5,55.5,2,6,2,children_playing,4.0,UrbanSound8K/audio/fold6/193697-2-0-103.wav,True
193697-2-0-107.wav,193697,53.5,57.5,2,6,2,children_playing,4.0,UrbanSound8K/audio/fold6/193697-2-0-107.wav,True
193697-2-0-110.wav,193697,55.0,59.0,2,6,2,children_playing,4.0,UrbanSound8K/audio/fold6/193697-2-0-110.wav,True
193697-2-0-135.wav,193697,67.5,71.5,2,6,2,children_playing,4.0,UrbanSound8K/audio/fold6/193697-2-0-135.wav,True
193697-2-0-5.wav,193697,2.5,6.5,2,6,2,children_playing,4.0,UrbanSound8K/audio/fold6/193697-2-0-5.wav,True
193697-2-0-90.wav,193697,45.0,49.0,2,6,2,children_playing,4.0,UrbanSound8K/audio/fold6/193697-2-0-90.wav,True
193697-2-0-99.wav,193697,49.5,53.5,2,6,2,children_playing,4.0,UrbanSound8K/audio/fold6/193697-2-0-99.wav,True
193698-2-0-112.wav,193698,56.0,60.0,2,1,2,children_playing,4.0,UrbanSound8K/audio/fold1/193698-2-0-112.wav,True
193698-2-0-113.wav,193698,56.5,60.5,2,1,2,children_playing,4.0,UrbanSound8K/audio/fold1/193698-2-0-113.wav,True
193698-2-0-114.wav,193698,57.0,61.0,2,1,2,children_playing,4.0,UrbanSound8K/audio/fold1/193698-2-0-114.wav,True
193698-2-0-140.wav,193698,70.0,74.0,2,1,2,children_playing,4.0,UrbanSound8K/audio/fold1/193698-2-0-140.wav,True
193698-2-0-42.wav,193698,21.0,25.0,2,1,2,children_playing,4.0,UrbanSound8K/audio/fold1/193698-2-0-42.wav,True
193698-2-0-58.wav,193698,29.0,33.0,2,1,2,children_playing,4.0,UrbanSound8K/audio/fold1/193698-2-0-58.wav,True
193698-2-0-64.wav,193698,32.0,36.0,2,1,2,children_playing,4.0,UrbanSound8K/audio/fold1/193698-2-0-64.wav,True
193698-2-0-89.wav,193698,44.5,48.5,2,1,2,children_playing,4.0,UrbanSound8K/audio/fold1/193698-2-0-89.wav,True
193699-2-0-109.wav,193699,54.5,58.5,2,8,2,children_playing,4.0,UrbanSound8K/audio/fold8/193699-2-0-109.wav,True
193699-2-0-3.wav,193699,1.5,5.5,2,8,2,children_playing,4.0,UrbanSound8K/audio/fold8/193699-2-0-3.wav,True
193699-2-0-32.wav,193699,16.0,20.0,2,8,2,children_playing,4.0,UrbanSound8K/audio/fold8/193699-2-0-32.wav,True
193699-2-0-33.wav,193699,16.5,20.5,2,8,2,children_playing,4.0,UrbanSound8K/audio/fold8/193699-2-0-33.wav,True
193699-2-0-46.wav,193699,23.0,27.0,2,8,2,children_playing,4.0,UrbanSound8K/audio/fold8/193699-2-0-46.wav,True
193699-2-0-54.wav,193699,27.0,31.0,2,8,2,children_playing,4.0,UrbanSound8K/audio/fold8/193699-2-0-54.wav,True
193699-2-0-62.wav,193699,31.0,35.0,2,8,2,children_playing,4.0,UrbanSound8K/audio/fold8/193699-2-0-62.wav,True
193699-2-0-69.wav,193699,34.5,38.5,2,8,2,children_playing,4.0,UrbanSound8K/audio/fold8/193699-2-0-69.wav,True
194310-9-0-15.wav,194310,7.5,11.5,2,9,9,street_music,4.0,UrbanSound8K/audio/fold9/194310-9-0-15.wav,True
194310-9-0-3.wav,194310,1.5,5.5,2,9,9,street_music,4.0,UrbanSound8K/audio/fold9/194310-9-0-3.wav,True
194310-9-0-35.wav,194310,17.5,21.5,2,9,9,street_music,4.0,UrbanSound8K/audio/fold9/194310-9-0-35.wav,True
194310-9-0-7.wav,194310,3.5,7.5,2,9,9,street_music,4.0,UrbanSound8K/audio/fold9/194310-9-0-7.wav,True
194310-9-0-73.wav,194310,36.5,40.5,2,9,9,street_music,4.0,UrbanSound8K/audio/fold9/194310-9-0-73.wav,True
194310-9-0-8.wav,194310,4.0,8.0,2,9,9,street_music,4.0,UrbanSound8K/audio/fold9/194310-9-0-8.wav,True
194458-9-0-2.wav,194458,1.0,5.0,2,4,9,street_music,4.0,UrbanSound8K/audio/fold4/194458-9-0-2.wav,True
194458-9-0-34.wav,194458,17.0,21.0,2,4,9,street_music,4.0,UrbanSound8K/audio/fold4/194458-9-0-34.wav,True
194458-9-1-122.wav,194458,163.261507,167.261507,2,4,9,street_music,4.0,UrbanSound8K/audio/fold4/194458-9-1-122.wav,True
194458-9-1-75.wav,194458,139.761507,143.761507,2,4,9,street_music,4.0,UrbanSound8K/audio/fold4/194458-9-1-75.wav,True
194458-9-1-91.wav,194458,147.761507,151.761507,2,4,9,street_music,4.0,UrbanSound8K/audio/fold4/194458-9-1-91.wav,True
194753-3-0-0.wav,194753,0.0,0.752941,2,6,3,dog_bark,0.752941,UrbanSound8K/audio/fold6/194753-3-0-0.wav,True
194753-3-1-0.wav,194753,2.917647,4.729412,2,6,3,dog_bark,1.8117649999999998,UrbanSound8K/audio/fold6/194753-3-1-0.wav,True
194753-3-2-0.wav,194753,8.235294,9.2,2,6,3,dog_bark,0.9647059999999996,UrbanSound8K/audio/fold6/194753-3-2-0.wav,True
194753-3-3-0.wav,194753,13.105882,13.858824,2,6,3,dog_bark,0.7529420000000009,UrbanSound8K/audio/fold6/194753-3-3-0.wav,True
19496-3-0-0.wav,19496,32.082004,36.082004,2,3,3,dog_bark,4.0,UrbanSound8K/audio/fold3/19496-3-0-0.wav,True
19496-3-1-0.wav,19496,41.420638,45.420638,2,3,3,dog_bark,4.0,UrbanSound8K/audio/fold3/19496-3-1-0.wav,True
19496-3-1-1.wav,19496,41.920638,45.920638,2,3,3,dog_bark,4.0,UrbanSound8K/audio/fold3/19496-3-1-1.wav,True
19503-3-0-0.wav,19503,0.126733,4.087129,2,5,3,dog_bark,3.960396,UrbanSound8K/audio/fold5/19503-3-0-0.wav,True
19503-3-1-0.wav,19503,19.152475,21.544554,2,5,3,dog_bark,2.3920790000000025,UrbanSound8K/audio/fold5/19503-3-1-0.wav,True
19503-3-2-0.wav,19503,23.112871,23.809901,2,5,3,dog_bark,0.6970300000000016,UrbanSound8K/audio/fold5/19503-3-2-0.wav,True
195969-0-0-1.wav,195969,283.98561,287.98561,2,4,0,air_conditioner,4.0,UrbanSound8K/audio/fold4/195969-0-0-1.wav,True
195969-0-0-10.wav,195969,288.48561,292.48561,2,4,0,air_conditioner,4.0,UrbanSound8K/audio/fold4/195969-0-0-10.wav,True
195969-0-0-12.wav,195969,289.48561,293.48561,2,4,0,air_conditioner,4.0,UrbanSound8K/audio/fold4/195969-0-0-12.wav,True
195969-0-0-13.wav,195969,289.98561,293.98561,2,4,0,air_conditioner,4.0,UrbanSound8K/audio/fold4/195969-0-0-13.wav,True
195969-0-0-14.wav,195969,290.48561,294.48561,2,4,0,air_conditioner,4.0,UrbanSound8K/audio/fold4/195969-0-0-14.wav,True
195969-0-0-15.wav,195969,290.98561,294.98561,2,4,0,air_conditioner,4.0,UrbanSound8K/audio/fold4/195969-0-0-15.wav,True
195969-0-0-17.wav,195969,291.98561,295.98561,2,4,0,air_conditioner,4.0,UrbanSound8K/audio/fold4/195969-0-0-17.wav,True
195969-0-0-18.wav,195969,292.48561,296.48561,2,4,0,air_conditioner,4.0,UrbanSound8K/audio/fold4/195969-0-0-18.wav,True
195969-0-0-19.wav,195969,292.98561,296.98561,2,4,0,air_conditioner,4.0,UrbanSound8K/audio/fold4/195969-0-0-19.wav,True
195969-0-0-2.wav,195969,284.48561,288.48561,2,4,0,air_conditioner,4.0,UrbanSound8K/audio/fold4/195969-0-0-2.wav,True
195969-0-0-20.wav,195969,293.48561,297.48561,2,4,0,air_conditioner,4.0,UrbanSound8K/audio/fold4/195969-0-0-20.wav,True
195969-0-0-21.wav,195969,293.98561,297.98561,2,4,0,air_conditioner,4.0,UrbanSound8K/audio/fold4/195969-0-0-21.wav,True
195969-0-0-22.wav,195969,294.48561,298.48561,2,4,0,air_conditioner,4.0,UrbanSound8K/audio/fold4/195969-0-0-22.wav,True
195969-0-0-24.wav,195969,295.48561,299.48561,2,4,0,air_conditioner,4.0,UrbanSound8K/audio/fold4/195969-0-0-24.wav,True
195969-0-0-25.wav,195969,295.98561,299.98561,2,4,0,air_conditioner,4.0,UrbanSound8K/audio/fold4/195969-0-0-25.wav,True
195969-0-0-26.wav,195969,296.48561,300.48561,2,4,0,air_conditioner,4.0,UrbanSound8K/audio/fold4/195969-0-0-26.wav,True
195969-0-0-28.wav,195969,297.48561,301.48561,2,4,0,air_conditioner,4.0,UrbanSound8K/audio/fold4/195969-0-0-28.wav,True
195969-0-0-4.wav,195969,285.48561,289.48561,2,4,0,air_conditioner,4.0,UrbanSound8K/audio/fold4/195969-0-0-4.wav,True
195969-0-0-5.wav,195969,285.98561,289.98561,2,4,0,air_conditioner,4.0,UrbanSound8K/audio/fold4/195969-0-0-5.wav,True
195969-0-0-6.wav,195969,286.48561,290.48561,2,4,0,air_conditioner,4.0,UrbanSound8K/audio/fold4/195969-0-0-6.wav,True
195969-0-0-7.wav,195969,286.98561,290.98561,2,4,0,air_conditioner,4.0,UrbanSound8K/audio/fold4/195969-0-0-7.wav,True
195969-0-0-8.wav,195969,287.48561,291.48561,2,4,0,air_conditioner,4.0,UrbanSound8K/audio/fold4/195969-0-0-8.wav,True
195969-0-0-9.wav,195969,287.98561,291.98561,2,4,0,air_conditioner,4.0,UrbanSound8K/audio/fold4/195969-0-0-9.wav,True
197075-3-1-1.wav,197075,16.753779,20.753779,2,6,3,dog_bark,4.0,UrbanSound8K/audio/fold6/197075-3-1-1.wav,True
197075-3-4-1.wav,197075,46.566409,50.566409,2,6,3,dog_bark,4.0,UrbanSound8K/audio/fold6/197075-3-4-1.wav,True
197075-3-6-0.wav,197075,63.920301,67.920301,2,6,3,dog_bark,3.999999999999993,UrbanSound8K/audio/fold6/197075-3-6-0.wav,True
197075-3-7-5.wav,197075,77.031576,81.031576,2,6,3,dog_bark,4.0,UrbanSound8K/audio/fold6/197075-3-7-5.wav,True
20015-3-0-12.wav,20015,29.26305,33.26305,2,5,3,dog_bark,4.0,UrbanSound8K/audio/fold5/20015-3-0-12.wav,True
20015-3-0-14.wav,20015,30.26305,34.26305,2,5,3,dog_bark,4.0,UrbanSound8K/audio/fold5/20015-3-0-14.wav,True
20015-3-0-19.wav,20015,32.76305,36.76305,2,5,3,dog_bark,4.0,UrbanSound8K/audio/fold5/20015-3-0-19.wav,True
20015-3-0-4.wav,20015,25.26305,29.26305,2,5,3,dog_bark,4.0,UrbanSound8K/audio/fold5/20015-3-0-4.wav,True
203355-3-0-0.wav,203355,42.985765,44.114,2,6,3,dog_bark,1.1282349999999965,UrbanSound8K/audio/fold6/203355-3-0-0.wav,True
203355-3-1-0.wav,203355,47.291863,48.250863,2,6,3,dog_bark,0.9590000000000032,UrbanSound8K/audio/fold6/203355-3-1-0.wav,True
203356-3-0-0.wav,203356,37.465647,41.465647,2,1,3,dog_bark,4.0,UrbanSound8K/audio/fold1/203356-3-0-0.wav,True
203356-3-0-1.wav,203356,37.965647,41.965647,2,1,3,dog_bark,4.0,UrbanSound8K/audio/fold1/203356-3-0-1.wav,True
203356-3-0-2.wav,203356,38.465647,42.465647,2,1,3,dog_bark,4.0,UrbanSound8K/audio/fold1/203356-3-0-2.wav,True
203356-3-0-3.wav,203356,38.965647,42.965647,2,1,3,dog_bark,4.0,UrbanSound8K/audio/fold1/203356-3-0-3.wav,True
203440-3-0-0.wav,203440,23.509202,27.509202,2,1,3,dog_bark,4.0,UrbanSound8K/audio/fold1/203440-3-0-0.wav,True
203440-3-0-1.wav,203440,24.009202,28.009202,2,1,3,dog_bark,4.0,UrbanSound8K/audio/fold1/203440-3-0-1.wav,True
203440-3-0-5.wav,203440,26.009202,30.009202,2,1,3,dog_bark,4.0,UrbanSound8K/audio/fold1/203440-3-0-5.wav,True
203440-3-0-6.wav,203440,26.509202,30.509202,2,1,3,dog_bark,4.0,UrbanSound8K/audio/fold1/203440-3-0-6.wav,True
203516-3-0-0.wav,203516,7.554407,9.492609,2,5,3,dog_bark,1.9382019999999995,UrbanSound8K/audio/fold5/203516-3-0-0.wav,True
203654-9-0-15.wav,203654,7.5,11.5,2,5,9,street_music,4.0,UrbanSound8K/audio/fold5/203654-9-0-15.wav,True
203654-9-0-28.wav,203654,14.0,18.0,2,5,9,street_music,4.0,UrbanSound8K/audio/fold5/203654-9-0-28.wav,True
203654-9-0-39.wav,203654,19.5,23.5,2,5,9,street_music,4.0,UrbanSound8K/audio/fold5/203654-9-0-39.wav,True
203654-9-0-42.wav,203654,21.0,25.0,2,5,9,street_music,4.0,UrbanSound8K/audio/fold5/203654-9-0-42.wav,True
203654-9-0-60.wav,203654,30.0,34.0,2,5,9,street_music,4.0,UrbanSound8K/audio/fold5/203654-9-0-60.wav,True
203654-9-0-8.wav,203654,4.0,8.0,2,5,9,street_music,4.0,UrbanSound8K/audio/fold5/203654-9-0-8.wav,True
203913-8-1-0.wav,203913,42.137646,46.137646,2,5,8,siren,4.0,UrbanSound8K/audio/fold5/203913-8-1-0.wav,True
203913-8-1-1.wav,203913,42.637646,46.637646,2,5,8,siren,4.0,UrbanSound8K/audio/fold5/203913-8-1-1.wav,True
203913-8-1-2.wav,203913,43.137646,47.137646,2,5,8,siren,4.0,UrbanSound8K/audio/fold5/203913-8-1-2.wav,True
203913-8-1-3.wav,203913,43.637646,47.637646,2,5,8,siren,4.0,UrbanSound8K/audio/fold5/203913-8-1-3.wav,True
203913-8-1-4.wav,203913,44.137646,48.137646,2,5,8,siren,4.0,UrbanSound8K/audio/fold5/203913-8-1-4.wav,True
203913-8-1-5.wav,203913,44.637646,48.637646,2,5,8,siren,4.0,UrbanSound8K/audio/fold5/203913-8-1-5.wav,True
203929-7-1-0.wav,203929,34.862871,38.862871,2,2,7,jackhammer,4.0,UrbanSound8K/audio/fold2/203929-7-1-0.wav,True
203929-7-1-1.wav,203929,35.362871,39.362871,2,2,7,jackhammer,4.0,UrbanSound8K/audio/fold2/203929-7-1-1.wav,True
203929-7-1-2.wav,203929,35.862871,39.862871,2,2,7,jackhammer,4.0,UrbanSound8K/audio/fold2/203929-7-1-2.wav,True
203929-7-1-3.wav,203929,36.362871,40.362871,2,2,7,jackhammer,4.0,UrbanSound8K/audio/fold2/203929-7-1-3.wav,True
203929-7-1-6.wav,203929,37.862871,41.862871,2,2,7,jackhammer,4.0,UrbanSound8K/audio/fold2/203929-7-1-6.wav,True
203929-7-1-7.wav,203929,38.362871,42.362871,2,2,7,jackhammer,4.0,UrbanSound8K/audio/fold2/203929-7-1-7.wav,True
203929-7-1-8.wav,203929,38.862871,42.862871,2,2,7,jackhammer,4.0,UrbanSound8K/audio/fold2/203929-7-1-8.wav,True
203929-7-10-0.wav,203929,511.592356,515.592356,2,2,7,jackhammer,4.0,UrbanSound8K/audio/fold2/203929-7-10-0.wav,True
203929-7-10-1.wav,203929,512.092356,516.092356,2,2,7,jackhammer,4.0,UrbanSound8K/audio/fold2/203929-7-10-1.wav,True
203929-7-10-2.wav,203929,512.592356,516.592356,2,2,7,jackhammer,4.0,UrbanSound8K/audio/fold2/203929-7-10-2.wav,True
203929-7-2-0.wav,203929,80.265679,84.265679,2,2,7,jackhammer,4.0,UrbanSound8K/audio/fold2/203929-7-2-0.wav,True
203929-7-2-11.wav,203929,85.765679,89.765679,2,2,7,jackhammer,4.0,UrbanSound8K/audio/fold2/203929-7-2-11.wav,True
203929-7-2-2.wav,203929,81.265679,85.265679,2,2,7,jackhammer,4.0,UrbanSound8K/audio/fold2/203929-7-2-2.wav,True
203929-7-2-3.wav,203929,81.765679,85.765679,2,2,7,jackhammer,4.0,UrbanSound8K/audio/fold2/203929-7-2-3.wav,True
203929-7-2-5.wav,203929,82.765679,86.765679,2,2,7,jackhammer,4.0,UrbanSound8K/audio/fold2/203929-7-2-5.wav,True
203929-7-2-6.wav,203929,83.265679,87.265679,2,2,7,jackhammer,4.0,UrbanSound8K/audio/fold2/203929-7-2-6.wav,True
203929-7-2-8.wav,203929,84.265679,88.265679,2,2,7,jackhammer,4.0,UrbanSound8K/audio/fold2/203929-7-2-8.wav,True
203929-7-2-9.wav,203929,84.765679,88.765679,2,2,7,jackhammer,4.0,UrbanSound8K/audio/fold2/203929-7-2-9.wav,True
203929-7-3-1.wav,203929,110.763963,114.763963,2,2,7,jackhammer,4.0,UrbanSound8K/audio/fold2/203929-7-3-1.wav,True
203929-7-3-10.wav,203929,115.263963,119.263963,2,2,7,jackhammer,4.0,UrbanSound8K/audio/fold2/203929-7-3-10.wav,True
203929-7-3-2.wav,203929,111.263963,115.263963,2,2,7,jackhammer,4.0,UrbanSound8K/audio/fold2/203929-7-3-2.wav,True
203929-7-3-3.wav,203929,111.763963,115.763963,2,2,7,jackhammer,4.0,UrbanSound8K/audio/fold2/203929-7-3-3.wav,True
203929-7-3-5.wav,203929,112.763963,116.763963,2,2,7,jackhammer,4.0,UrbanSound8K/audio/fold2/203929-7-3-5.wav,True
203929-7-3-9.wav,203929,114.763963,118.763963,2,2,7,jackhammer,4.0,UrbanSound8K/audio/fold2/203929-7-3-9.wav,True
203929-7-4-0.wav,203929,139.451482,143.451482,2,2,7,jackhammer,4.0,UrbanSound8K/audio/fold2/203929-7-4-0.wav,True
203929-7-4-1.wav,203929,139.951482,143.951482,2,2,7,jackhammer,4.0,UrbanSound8K/audio/fold2/203929-7-4-1.wav,True
203929-7-4-10.wav,203929,144.451482,148.451482,2,2,7,jackhammer,4.0,UrbanSound8K/audio/fold2/203929-7-4-10.wav,True
203929-7-4-11.wav,203929,144.951482,148.951482,2,2,7,jackhammer,4.0,UrbanSound8K/audio/fold2/203929-7-4-11.wav,True
203929-7-4-12.wav,203929,145.451482,149.451482,2,2,7,jackhammer,4.0,UrbanSound8K/audio/fold2/203929-7-4-12.wav,True
203929-7-4-2.wav,203929,140.451482,144.451482,2,2,7,jackhammer,4.0,UrbanSound8K/audio/fold2/203929-7-4-2.wav,True
203929-7-4-4.wav,203929,141.451482,145.451482,2,2,7,jackhammer,4.0,UrbanSound8K/audio/fold2/203929-7-4-4.wav,True
203929-7-4-6.wav,203929,142.451482,146.451482,2,2,7,jackhammer,4.0,UrbanSound8K/audio/fold2/203929-7-4-6.wav,True
203929-7-4-7.wav,203929,142.951482,146.951482,2,2,7,jackhammer,4.0,UrbanSound8K/audio/fold2/203929-7-4-7.wav,True
203929-7-4-8.wav,203929,143.451482,147.451482,2,2,7,jackhammer,4.0,UrbanSound8K/audio/fold2/203929-7-4-8.wav,True
203929-7-5-0.wav,203929,171.882059,175.882059,2,2,7,jackhammer,4.0,UrbanSound8K/audio/fold2/203929-7-5-0.wav,True
203929-7-5-1.wav,203929,172.382059,176.382059,2,2,7,jackhammer,4.0,UrbanSound8K/audio/fold2/203929-7-5-1.wav,True
203929-7-5-10.wav,203929,176.882059,180.882059,2,2,7,jackhammer,4.0,UrbanSound8K/audio/fold2/203929-7-5-10.wav,True
203929-7-5-11.wav,203929,177.382059,181.382059,2,2,7,jackhammer,4.0,UrbanSound8K/audio/fold2/203929-7-5-11.wav,True
203929-7-5-6.wav,203929,174.882059,178.882059,2,2,7,jackhammer,4.0,UrbanSound8K/audio/fold2/203929-7-5-6.wav,True
203929-7-5-7.wav,203929,175.382059,179.382059,2,2,7,jackhammer,4.0,UrbanSound8K/audio/fold2/203929-7-5-7.wav,True
203929-7-6-1.wav,203929,209.271841,213.271841,2,2,7,jackhammer,4.0,UrbanSound8K/audio/fold2/203929-7-6-1.wav,True
203929-7-6-10.wav,203929,213.771841,217.771841,2,2,7,jackhammer,4.0,UrbanSound8K/audio/fold2/203929-7-6-10.wav,True
203929-7-6-11.wav,203929,214.271841,218.271841,2,2,7,jackhammer,4.0,UrbanSound8K/audio/fold2/203929-7-6-11.wav,True
203929-7-6-2.wav,203929,209.771841,213.771841,2,2,7,jackhammer,4.0,UrbanSound8K/audio/fold2/203929-7-6-2.wav,True
203929-7-6-3.wav,203929,210.271841,214.271841,2,2,7,jackhammer,4.0,UrbanSound8K/audio/fold2/203929-7-6-3.wav,True
203929-7-6-8.wav,203929,212.771841,216.771841,2,2,7,jackhammer,4.0,UrbanSound8K/audio/fold2/203929-7-6-8.wav,True
203929-7-6-9.wav,203929,213.271841,217.271841,2,2,7,jackhammer,4.0,UrbanSound8K/audio/fold2/203929-7-6-9.wav,True
203929-7-7-0.wav,203929,300.388222,304.388222,2,2,7,jackhammer,4.0,UrbanSound8K/audio/fold2/203929-7-7-0.wav,True
203929-7-7-10.wav,203929,305.388222,309.388222,2,2,7,jackhammer,4.0,UrbanSound8K/audio/fold2/203929-7-7-10.wav,True
203929-7-7-12.wav,203929,306.388222,310.388222,2,2,7,jackhammer,4.0,UrbanSound8K/audio/fold2/203929-7-7-12.wav,True
203929-7-7-13.wav,203929,306.888222,310.888222,2,2,7,jackhammer,4.0,UrbanSound8K/audio/fold2/203929-7-7-13.wav,True
203929-7-7-14.wav,203929,307.388222,311.388222,2,2,7,jackhammer,4.0,UrbanSound8K/audio/fold2/203929-7-7-14.wav,True
203929-7-7-15.wav,203929,307.888222,311.888222,2,2,7,jackhammer,4.0,UrbanSound8K/audio/fold2/203929-7-7-15.wav,True
203929-7-7-16.wav,203929,308.388222,312.388222,2,2,7,jackhammer,4.0,UrbanSound8K/audio/fold2/203929-7-7-16.wav,True
203929-7-7-2.wav,203929,301.388222,305.388222,2,2,7,jackhammer,4.0,UrbanSound8K/audio/fold2/203929-7-7-2.wav,True
203929-7-7-3.wav,203929,301.888222,305.888222,2,2,7,jackhammer,4.0,UrbanSound8K/audio/fold2/203929-7-7-3.wav,True
203929-7-7-4.wav,203929,302.388222,306.388222,2,2,7,jackhammer,4.0,UrbanSound8K/audio/fold2/203929-7-7-4.wav,True
203929-7-7-9.wav,203929,304.888222,308.888222,2,2,7,jackhammer,4.0,UrbanSound8K/audio/fold2/203929-7-7-9.wav,True
203929-7-8-0.wav,203929,347.007176,351.007176,2,2,7,jackhammer,4.0,UrbanSound8K/audio/fold2/203929-7-8-0.wav,True
203929-7-9-0.wav,203929,355.520203,359.520203,2,2,7,jackhammer,4.0,UrbanSound8K/audio/fold2/203929-7-9-0.wav,True
203929-7-9-11.wav,203929,361.020203,365.020203,2,2,7,jackhammer,4.0,UrbanSound8K/audio/fold2/203929-7-9-11.wav,True
203929-7-9-12.wav,203929,361.520203,365.520203,2,2,7,jackhammer,4.0,UrbanSound8K/audio/fold2/203929-7-9-12.wav,True
203929-7-9-15.wav,203929,363.020203,367.020203,2,2,7,jackhammer,4.0,UrbanSound8K/audio/fold2/203929-7-9-15.wav,True
203929-7-9-17.wav,203929,364.020203,368.020203,2,2,7,jackhammer,4.0,UrbanSound8K/audio/fold2/203929-7-9-17.wav,True
203929-7-9-18.wav,203929,364.520203,368.520203,2,2,7,jackhammer,4.0,UrbanSound8K/audio/fold2/203929-7-9-18.wav,True
203929-7-9-19.wav,203929,365.020203,369.020203,2,2,7,jackhammer,4.0,UrbanSound8K/audio/fold2/203929-7-9-19.wav,True
203929-7-9-20.wav,203929,365.520203,369.520203,2,2,7,jackhammer,4.0,UrbanSound8K/audio/fold2/203929-7-9-20.wav,True
203929-7-9-24.wav,203929,367.520203,371.520203,2,2,7,jackhammer,4.0,UrbanSound8K/audio/fold2/203929-7-9-24.wav,True
203929-7-9-4.wav,203929,357.520203,361.520203,2,2,7,jackhammer,4.0,UrbanSound8K/audio/fold2/203929-7-9-4.wav,True
203929-7-9-6.wav,203929,358.520203,362.520203,2,2,7,jackhammer,4.0,UrbanSound8K/audio/fold2/203929-7-9-6.wav,True
203929-7-9-8.wav,203929,359.520203,363.520203,2,2,7,jackhammer,4.0,UrbanSound8K/audio/fold2/203929-7-9-8.wav,True
203929-7-9-9.wav,203929,360.020203,364.020203,2,2,7,jackhammer,4.0,UrbanSound8K/audio/fold2/203929-7-9-9.wav,True
204408-2-0-19.wav,204408,9.5,13.5,2,5,2,children_playing,4.0,UrbanSound8K/audio/fold5/204408-2-0-19.wav,True
204408-2-0-2.wav,204408,1.0,5.0,2,5,2,children_playing,4.0,UrbanSound8K/audio/fold5/204408-2-0-2.wav,True
204408-2-0-21.wav,204408,10.5,14.5,2,5,2,children_playing,4.0,UrbanSound8K/audio/fold5/204408-2-0-21.wav,True
204408-2-0-36.wav,204408,18.0,22.0,2,5,2,children_playing,4.0,UrbanSound8K/audio/fold5/204408-2-0-36.wav,True
204408-2-0-54.wav,204408,27.0,31.0,2,5,2,children_playing,4.0,UrbanSound8K/audio/fold5/204408-2-0-54.wav,True
204408-2-0-8.wav,204408,4.0,8.0,2,5,2,children_playing,4.0,UrbanSound8K/audio/fold5/204408-2-0-8.wav,True
204408-2-0-83.wav,204408,41.5,45.5,2,5,2,children_playing,4.0,UrbanSound8K/audio/fold5/204408-2-0-83.wav,True
204408-2-0-9.wav,204408,4.5,8.5,2,5,2,children_playing,4.0,UrbanSound8K/audio/fold5/204408-2-0-9.wav,True
204765-1-0-0.wav,204765,24.327782,26.496128,2,4,1,car_horn,2.1683459999999997,UrbanSound8K/audio/fold4/204765-1-0-0.wav,True
204919-3-0-0.wav,204919,3.974607,6.064957,2,6,3,dog_bark,2.09035,UrbanSound8K/audio/fold6/204919-3-0-0.wav,True
204919-3-1-0.wav,204919,10.451745,14.451745,2,6,3,dog_bark,4.0,UrbanSound8K/audio/fold6/204919-3-1-0.wav,True
204919-3-3-0.wav,204919,25.525812,26.497383,2,6,3,dog_bark,0.9715710000000009,UrbanSound8K/audio/fold6/204919-3-3-0.wav,True
204919-3-4-0.wav,204919,33.062846,34.093299,2,6,3,dog_bark,1.0304530000000014,UrbanSound8K/audio/fold6/204919-3-4-0.wav,True
20571-3-0-0.wav,20571,11.239642,14.185956,2,10,3,dog_bark,2.946313999999999,UrbanSound8K/audio/fold10/20571-3-0-0.wav,True
20571-3-1-0.wav,20571,73.985218,77.985218,2,10,3,dog_bark,4.0,UrbanSound8K/audio/fold10/20571-3-1-0.wav,True
206037-2-0-11.wav,206037,5.5,9.5,2,4,2,children_playing,4.0,UrbanSound8K/audio/fold4/206037-2-0-11.wav,True
206037-2-0-21.wav,206037,10.5,14.5,2,4,2,children_playing,4.0,UrbanSound8K/audio/fold4/206037-2-0-21.wav,True
206037-2-0-22.wav,206037,11.0,15.0,2,4,2,children_playing,4.0,UrbanSound8K/audio/fold4/206037-2-0-22.wav,True
206037-2-0-25.wav,206037,12.5,16.5,2,4,2,children_playing,4.0,UrbanSound8K/audio/fold4/206037-2-0-25.wav,True
206037-2-0-3.wav,206037,1.5,5.5,2,4,2,children_playing,4.0,UrbanSound8K/audio/fold4/206037-2-0-3.wav,True
206037-2-0-38.wav,206037,19.0,23.0,2,4,2,children_playing,4.0,UrbanSound8K/audio/fold4/206037-2-0-38.wav,True
206037-2-0-4.wav,206037,2.0,6.0,2,4,2,children_playing,4.0,UrbanSound8K/audio/fold4/206037-2-0-4.wav,True
206037-2-0-40.wav,206037,20.0,24.0,2,4,2,children_playing,4.0,UrbanSound8K/audio/fold4/206037-2-0-40.wav,True
207213-2-0-109.wav,207213,54.5,58.5,2,10,2,children_playing,4.0,UrbanSound8K/audio/fold10/207213-2-0-109.wav,True
207213-2-0-130.wav,207213,65.0,69.0,2,10,2,children_playing,4.0,UrbanSound8K/audio/fold10/207213-2-0-130.wav,True
207213-2-0-134.wav,207213,67.0,71.0,2,10,2,children_playing,4.0,UrbanSound8K/audio/fold10/207213-2-0-134.wav,True
207213-2-0-41.wav,207213,20.5,24.5,2,10,2,children_playing,4.0,UrbanSound8K/audio/fold10/207213-2-0-41.wav,True
207213-2-0-52.wav,207213,26.0,30.0,2,10,2,children_playing,4.0,UrbanSound8K/audio/fold10/207213-2-0-52.wav,True
207213-2-0-73.wav,207213,36.5,40.5,2,10,2,children_playing,4.0,UrbanSound8K/audio/fold10/207213-2-0-73.wav,True
207213-2-0-81.wav,207213,40.5,44.5,2,10,2,children_playing,4.0,UrbanSound8K/audio/fold10/207213-2-0-81.wav,True
207213-2-0-85.wav,207213,42.5,46.5,2,10,2,children_playing,4.0,UrbanSound8K/audio/fold10/207213-2-0-85.wav,True
207214-2-0-126.wav,207214,63.0,67.0,2,8,2,children_playing,4.0,UrbanSound8K/audio/fold8/207214-2-0-126.wav,True
207214-2-0-26.wav,207214,13.0,17.0,2,8,2,children_playing,4.0,UrbanSound8K/audio/fold8/207214-2-0-26.wav,True
207214-2-0-3.wav,207214,1.5,5.5,2,8,2,children_playing,4.0,UrbanSound8K/audio/fold8/207214-2-0-3.wav,True
207214-2-0-31.wav,207214,15.5,19.5,2,8,2,children_playing,4.0,UrbanSound8K/audio/fold8/207214-2-0-31.wav,True
207214-2-0-54.wav,207214,27.0,31.0,2,8,2,children_playing,4.0,UrbanSound8K/audio/fold8/207214-2-0-54.wav,True
207214-2-0-62.wav,207214,31.0,35.0,2,8,2,children_playing,4.0,UrbanSound8K/audio/fold8/207214-2-0-62.wav,True
207214-2-0-63.wav,207214,31.5,35.5,2,8,2,children_playing,4.0,UrbanSound8K/audio/fold8/207214-2-0-63.wav,True
207214-2-0-68.wav,207214,34.0,38.0,2,8,2,children_playing,4.0,UrbanSound8K/audio/fold8/207214-2-0-68.wav,True
207216-2-0-112.wav,207216,60.554455,64.55445499999999,2,7,2,children_playing,3.999999999999993,UrbanSound8K/audio/fold7/207216-2-0-112.wav,True
207216-2-0-119.wav,207216,64.054455,68.054455,2,7,2,children_playing,4.0,UrbanSound8K/audio/fold7/207216-2-0-119.wav,True
207216-2-0-128.wav,207216,68.554455,72.554455,2,7,2,children_playing,4.0,UrbanSound8K/audio/fold7/207216-2-0-128.wav,True
207216-2-0-130.wav,207216,69.554455,73.554455,2,7,2,children_playing,4.0,UrbanSound8K/audio/fold7/207216-2-0-130.wav,True
207216-2-0-137.wav,207216,73.054455,77.054455,2,7,2,children_playing,4.0,UrbanSound8K/audio/fold7/207216-2-0-137.wav,True
207216-2-0-22.wav,207216,15.554455,19.554455,2,7,2,children_playing,4.0,UrbanSound8K/audio/fold7/207216-2-0-22.wav,True
207216-2-0-43.wav,207216,26.054455,30.054455,2,7,2,children_playing,4.0,UrbanSound8K/audio/fold7/207216-2-0-43.wav,True
207216-2-0-66.wav,207216,37.554455,41.554455,2,7,2,children_playing,4.0,UrbanSound8K/audio/fold7/207216-2-0-66.wav,True
20841-3-2-0.wav,20841,7.756822,8.584532,2,3,3,dog_bark,0.8277099999999997,UrbanSound8K/audio/fold3/20841-3-2-0.wav,True
20841-3-3-0.wav,20841,10.831172,11.989966,2,3,3,dog_bark,1.1587940000000003,UrbanSound8K/audio/fold3/20841-3-3-0.wav,True
20841-3-4-0.wav,20841,15.560942,16.719735,2,3,3,dog_bark,1.1587929999999993,UrbanSound8K/audio/fold3/20841-3-4-0.wav,True
20841-3-6-0.wav,20841,29.608358,30.223228,2,3,3,dog_bark,0.6148699999999998,UrbanSound8K/audio/fold3/20841-3-6-0.wav,True
208652-8-0-0.wav,208652,0.0,4.0,2,10,8,siren,4.0,UrbanSound8K/audio/fold10/208652-8-0-0.wav,True
208652-8-2-0.wav,208652,10.163433,11.651236,2,10,8,siren,1.4878030000000013,UrbanSound8K/audio/fold10/208652-8-2-0.wav,True
208652-8-4-0.wav,208652,16.713631,18.356011,2,10,8,siren,1.6423799999999993,UrbanSound8K/audio/fold10/208652-8-4-0.wav,True
208652-8-6-0.wav,208652,20.771275,22.297723,2,10,8,siren,1.526448000000002,UrbanSound8K/audio/fold10/208652-8-6-0.wav,True
209992-5-1-4.wav,209992,44.137425,48.137425,2,7,5,engine_idling,4.0,UrbanSound8K/audio/fold7/209992-5-1-4.wav,True
209992-5-1-7.wav,209992,45.637425,49.637425,2,7,5,engine_idling,4.0,UrbanSound8K/audio/fold7/209992-5-1-7.wav,True
209992-5-4-1.wav,209992,543.538647,547.538647,2,7,5,engine_idling,4.0,UrbanSound8K/audio/fold7/209992-5-4-1.wav,True
209992-5-4-15.wav,209992,550.538647,554.538647,2,7,5,engine_idling,4.0,UrbanSound8K/audio/fold7/209992-5-4-15.wav,True
209992-5-4-17.wav,209992,551.538647,555.538647,2,7,5,engine_idling,4.0,UrbanSound8K/audio/fold7/209992-5-4-17.wav,True
209992-5-4-3.wav,209992,544.538647,548.538647,2,7,5,engine_idling,4.0,UrbanSound8K/audio/fold7/209992-5-4-3.wav,True
22601-8-0-0.wav,22601,0.0,4.0,2,3,8,siren,4.0,UrbanSound8K/audio/fold3/22601-8-0-0.wav,True
22601-8-0-1.wav,22601,0.5,4.5,2,3,8,siren,4.0,UrbanSound8K/audio/fold3/22601-8-0-1.wav,True
22601-8-0-10.wav,22601,5.0,9.0,2,3,8,siren,4.0,UrbanSound8K/audio/fold3/22601-8-0-10.wav,True
22601-8-0-11.wav,22601,5.5,9.5,2,3,8,siren,4.0,UrbanSound8K/audio/fold3/22601-8-0-11.wav,True
22601-8-0-12.wav,22601,6.0,10.0,2,3,8,siren,4.0,UrbanSound8K/audio/fold3/22601-8-0-12.wav,True
22601-8-0-13.wav,22601,6.5,10.5,2,3,8,siren,4.0,UrbanSound8K/audio/fold3/22601-8-0-13.wav,True
22601-8-0-14.wav,22601,7.0,11.0,2,3,8,siren,4.0,UrbanSound8K/audio/fold3/22601-8-0-14.wav,True
22601-8-0-15.wav,22601,7.5,11.5,2,3,8,siren,4.0,UrbanSound8K/audio/fold3/22601-8-0-15.wav,True
22601-8-0-16.wav,22601,8.0,12.0,2,3,8,siren,4.0,UrbanSound8K/audio/fold3/22601-8-0-16.wav,True
22601-8-0-17.wav,22601,8.5,12.5,2,3,8,siren,4.0,UrbanSound8K/audio/fold3/22601-8-0-17.wav,True
22601-8-0-18.wav,22601,9.0,13.0,2,3,8,siren,4.0,UrbanSound8K/audio/fold3/22601-8-0-18.wav,True
22601-8-0-19.wav,22601,9.5,13.5,2,3,8,siren,4.0,UrbanSound8K/audio/fold3/22601-8-0-19.wav,True
22601-8-0-2.wav,22601,1.0,5.0,2,3,8,siren,4.0,UrbanSound8K/audio/fold3/22601-8-0-2.wav,True
22601-8-0-20.wav,22601,10.0,14.0,2,3,8,siren,4.0,UrbanSound8K/audio/fold3/22601-8-0-20.wav,True
22601-8-0-21.wav,22601,10.5,14.5,2,3,8,siren,4.0,UrbanSound8K/audio/fold3/22601-8-0-21.wav,True
22601-8-0-22.wav,22601,11.0,15.0,2,3,8,siren,4.0,UrbanSound8K/audio/fold3/22601-8-0-22.wav,True
22601-8-0-23.wav,22601,11.5,15.5,2,3,8,siren,4.0,UrbanSound8K/audio/fold3/22601-8-0-23.wav,True
22601-8-0-24.wav,22601,12.0,16.0,2,3,8,siren,4.0,UrbanSound8K/audio/fold3/22601-8-0-24.wav,True
22601-8-0-25.wav,22601,12.5,16.5,2,3,8,siren,4.0,UrbanSound8K/audio/fold3/22601-8-0-25.wav,True
22601-8-0-26.wav,22601,13.0,17.0,2,3,8,siren,4.0,UrbanSound8K/audio/fold3/22601-8-0-26.wav,True
22601-8-0-27.wav,22601,13.5,17.5,2,3,8,siren,4.0,UrbanSound8K/audio/fold3/22601-8-0-27.wav,True
22601-8-0-28.wav,22601,14.0,18.0,2,3,8,siren,4.0,UrbanSound8K/audio/fold3/22601-8-0-28.wav,True
22601-8-0-29.wav,22601,14.5,18.5,2,3,8,siren,4.0,UrbanSound8K/audio/fold3/22601-8-0-29.wav,True
22601-8-0-3.wav,22601,1.5,5.5,2,3,8,siren,4.0,UrbanSound8K/audio/fold3/22601-8-0-3.wav,True
22601-8-0-30.wav,22601,15.0,19.0,2,3,8,siren,4.0,UrbanSound8K/audio/fold3/22601-8-0-30.wav,True
22601-8-0-31.wav,22601,15.5,19.5,2,3,8,siren,4.0,UrbanSound8K/audio/fold3/22601-8-0-31.wav,True
22601-8-0-32.wav,22601,16.0,20.0,2,3,8,siren,4.0,UrbanSound8K/audio/fold3/22601-8-0-32.wav,True
22601-8-0-33.wav,22601,16.5,20.5,2,3,8,siren,4.0,UrbanSound8K/audio/fold3/22601-8-0-33.wav,True
22601-8-0-34.wav,22601,17.0,21.0,2,3,8,siren,4.0,UrbanSound8K/audio/fold3/22601-8-0-34.wav,True
22601-8-0-35.wav,22601,17.5,21.5,2,3,8,siren,4.0,UrbanSound8K/audio/fold3/22601-8-0-35.wav,True
22601-8-0-36.wav,22601,18.0,22.0,2,3,8,siren,4.0,UrbanSound8K/audio/fold3/22601-8-0-36.wav,True
22601-8-0-37.wav,22601,18.5,22.5,2,3,8,siren,4.0,UrbanSound8K/audio/fold3/22601-8-0-37.wav,True
22601-8-0-38.wav,22601,19.0,23.0,2,3,8,siren,4.0,UrbanSound8K/audio/fold3/22601-8-0-38.wav,True
22601-8-0-39.wav,22601,19.5,23.5,2,3,8,siren,4.0,UrbanSound8K/audio/fold3/22601-8-0-39.wav,True
22601-8-0-4.wav,22601,2.0,6.0,2,3,8,siren,4.0,UrbanSound8K/audio/fold3/22601-8-0-4.wav,True
22601-8-0-40.wav,22601,20.0,24.0,2,3,8,siren,4.0,UrbanSound8K/audio/fold3/22601-8-0-40.wav,True
22601-8-0-41.wav,22601,20.5,24.5,2,3,8,siren,4.0,UrbanSound8K/audio/fold3/22601-8-0-41.wav,True
22601-8-0-42.wav,22601,21.0,25.0,2,3,8,siren,4.0,UrbanSound8K/audio/fold3/22601-8-0-42.wav,True
22601-8-0-43.wav,22601,21.5,25.5,2,3,8,siren,4.0,UrbanSound8K/audio/fold3/22601-8-0-43.wav,True
22601-8-0-44.wav,22601,22.0,26.0,2,3,8,siren,4.0,UrbanSound8K/audio/fold3/22601-8-0-44.wav,True
22601-8-0-45.wav,22601,22.5,26.5,2,3,8,siren,4.0,UrbanSound8K/audio/fold3/22601-8-0-45.wav,True
22601-8-0-46.wav,22601,23.0,27.0,2,3,8,siren,4.0,UrbanSound8K/audio/fold3/22601-8-0-46.wav,True
22601-8-0-47.wav,22601,23.5,27.5,2,3,8,siren,4.0,UrbanSound8K/audio/fold3/22601-8-0-47.wav,True
22601-8-0-48.wav,22601,24.0,28.0,2,3,8,siren,4.0,UrbanSound8K/audio/fold3/22601-8-0-48.wav,True
22601-8-0-49.wav,22601,24.5,28.5,2,3,8,siren,4.0,UrbanSound8K/audio/fold3/22601-8-0-49.wav,True
22601-8-0-5.wav,22601,2.5,6.5,2,3,8,siren,4.0,UrbanSound8K/audio/fold3/22601-8-0-5.wav,True
22601-8-0-50.wav,22601,25.0,29.0,2,3,8,siren,4.0,UrbanSound8K/audio/fold3/22601-8-0-50.wav,True
22601-8-0-51.wav,22601,25.5,29.5,2,3,8,siren,4.0,UrbanSound8K/audio/fold3/22601-8-0-51.wav,True
22601-8-0-52.wav,22601,26.0,30.0,2,3,8,siren,4.0,UrbanSound8K/audio/fold3/22601-8-0-52.wav,True
22601-8-0-53.wav,22601,26.5,30.5,2,3,8,siren,4.0,UrbanSound8K/audio/fold3/22601-8-0-53.wav,True
22601-8-0-54.wav,22601,27.0,31.0,2,3,8,siren,4.0,UrbanSound8K/audio/fold3/22601-8-0-54.wav,True
22601-8-0-6.wav,22601,3.0,7.0,2,3,8,siren,4.0,UrbanSound8K/audio/fold3/22601-8-0-6.wav,True
22601-8-0-7.wav,22601,3.5,7.5,2,3,8,siren,4.0,UrbanSound8K/audio/fold3/22601-8-0-7.wav,True
22601-8-0-8.wav,22601,4.0,8.0,2,3,8,siren,4.0,UrbanSound8K/audio/fold3/22601-8-0-8.wav,True
22601-8-0-9.wav,22601,4.5,8.5,2,3,8,siren,4.0,UrbanSound8K/audio/fold3/22601-8-0-9.wav,True
22883-7-62-0.wav,22883,377.27388,378.679276,2,4,7,jackhammer,1.405395999999996,UrbanSound8K/audio/fold4/22883-7-62-0.wav,True
22883-7-63-0.wav,22883,380.234181,382.297421,2,4,7,jackhammer,2.0632400000000075,UrbanSound8K/audio/fold4/22883-7-63-0.wav,True
22973-3-0-0.wav,22973,0.14222,4.14222,2,10,3,dog_bark,4.0,UrbanSound8K/audio/fold10/22973-3-0-0.wav,True
22973-3-0-1.wav,22973,0.64222,4.64222,2,10,3,dog_bark,4.0,UrbanSound8K/audio/fold10/22973-3-0-1.wav,True
22973-3-0-2.wav,22973,1.14222,5.14222,2,10,3,dog_bark,4.0,UrbanSound8K/audio/fold10/22973-3-0-2.wav,True
23131-3-0-0.wav,23131,23.681362,24.78992,2,2,3,dog_bark,1.1085579999999986,UrbanSound8K/audio/fold2/23131-3-0-0.wav,True
23131-3-2-0.wav,23131,29.690066,30.396972,2,2,3,dog_bark,0.706906,UrbanSound8K/audio/fold2/23131-3-2-0.wav,True
23131-3-4-0.wav,23131,41.386153,41.996663,2,2,3,dog_bark,0.6105099999999979,UrbanSound8K/audio/fold2/23131-3-4-0.wav,True
23131-3-5-0.wav,23131,46.993205,47.619781,2,2,3,dog_bark,0.626576,UrbanSound8K/audio/fold2/23131-3-5-0.wav,True
23161-6-0-0.wav,23161,58.366645,58.635605,2,4,6,gun_shot,0.26895999999999987,UrbanSound8K/audio/fold4/23161-6-0-0.wav,True
23161-6-1-0.wav,23161,59.265667,59.581943,2,4,6,gun_shot,0.316276000000002,UrbanSound8K/audio/fold4/23161-6-1-0.wav,True
24347-8-0-0.wav,24347,4.120371,8.120370999999999,2,4,8,siren,3.999999999999999,UrbanSound8K/audio/fold4/24347-8-0-0.wav,True
24347-8-0-1.wav,24347,4.620371,8.620370999999999,2,4,8,siren,3.999999999999999,UrbanSound8K/audio/fold4/24347-8-0-1.wav,True
24347-8-0-10.wav,24347,9.120371,13.120371,2,4,8,siren,4.0,UrbanSound8K/audio/fold4/24347-8-0-10.wav,True
24347-8-0-11.wav,24347,9.620371,13.620371,2,4,8,siren,4.0,UrbanSound8K/audio/fold4/24347-8-0-11.wav,True
24347-8-0-12.wav,24347,10.120371,14.120371,2,4,8,siren,4.0,UrbanSound8K/audio/fold4/24347-8-0-12.wav,True
24347-8-0-13.wav,24347,10.620371,14.620371,2,4,8,siren,4.0,UrbanSound8K/audio/fold4/24347-8-0-13.wav,True
24347-8-0-14.wav,24347,11.120371,15.120371,2,4,8,siren,4.0,UrbanSound8K/audio/fold4/24347-8-0-14.wav,True
24347-8-0-15.wav,24347,11.620371,15.620371,2,4,8,siren,4.0,UrbanSound8K/audio/fold4/24347-8-0-15.wav,True
24347-8-0-16.wav,24347,12.120371,16.120371,2,4,8,siren,3.9999999999999982,UrbanSound8K/audio/fold4/24347-8-0-16.wav,True
24347-8-0-17.wav,24347,12.620371,16.620371,2,4,8,siren,3.9999999999999982,UrbanSound8K/audio/fold4/24347-8-0-17.wav,True
24347-8-0-18.wav,24347,13.120371,17.120371,2,4,8,siren,3.9999999999999982,UrbanSound8K/audio/fold4/24347-8-0-18.wav,True
24347-8-0-19.wav,24347,13.620371,17.620371,2,4,8,siren,3.9999999999999982,UrbanSound8K/audio/fold4/24347-8-0-19.wav,True
24347-8-0-2.wav,24347,5.120371,9.120371,2,4,8,siren,4.000000000000001,UrbanSound8K/audio/fold4/24347-8-0-2.wav,True
24347-8-0-20.wav,24347,14.120371,18.120371,2,4,8,siren,3.9999999999999982,UrbanSound8K/audio/fold4/24347-8-0-20.wav,True
24347-8-0-21.wav,24347,14.620371,18.620371,2,4,8,siren,3.9999999999999982,UrbanSound8K/audio/fold4/24347-8-0-21.wav,True
24347-8-0-22.wav,24347,15.120371,19.120371,2,4,8,siren,3.9999999999999982,UrbanSound8K/audio/fold4/24347-8-0-22.wav,True
24347-8-0-23.wav,24347,15.620371,19.620371,2,4,8,siren,3.9999999999999982,UrbanSound8K/audio/fold4/24347-8-0-23.wav,True
24347-8-0-24.wav,24347,16.120371,20.120371,2,4,8,siren,4.0,UrbanSound8K/audio/fold4/24347-8-0-24.wav,True
24347-8-0-25.wav,24347,16.620371,20.620371,2,4,8,siren,4.0,UrbanSound8K/audio/fold4/24347-8-0-25.wav,True
24347-8-0-26.wav,24347,17.120371,21.120371,2,4,8,siren,4.0,UrbanSound8K/audio/fold4/24347-8-0-26.wav,True
24347-8-0-27.wav,24347,17.620371,21.620371,2,4,8,siren,4.0,UrbanSound8K/audio/fold4/24347-8-0-27.wav,True
24347-8-0-28.wav,24347,18.120371,22.120371,2,4,8,siren,4.0,UrbanSound8K/audio/fold4/24347-8-0-28.wav,True
24347-8-0-29.wav,24347,18.620371,22.620371,2,4,8,siren,4.0,UrbanSound8K/audio/fold4/24347-8-0-29.wav,True
24347-8-0-3.wav,24347,5.620371,9.620371,2,4,8,siren,4.000000000000001,UrbanSound8K/audio/fold4/24347-8-0-3.wav,True
24347-8-0-30.wav,24347,19.120371,23.120371,2,4,8,siren,4.0,UrbanSound8K/audio/fold4/24347-8-0-30.wav,True
24347-8-0-31.wav,24347,19.620371,23.620371,2,4,8,siren,4.0,UrbanSound8K/audio/fold4/24347-8-0-31.wav,True
24347-8-0-32.wav,24347,20.120371,24.120371,2,4,8,siren,4.0,UrbanSound8K/audio/fold4/24347-8-0-32.wav,True
24347-8-0-33.wav,24347,20.620371,24.620371,2,4,8,siren,4.0,UrbanSound8K/audio/fold4/24347-8-0-33.wav,True
24347-8-0-34.wav,24347,21.120371,25.120371,2,4,8,siren,4.0,UrbanSound8K/audio/fold4/24347-8-0-34.wav,True
24347-8-0-35.wav,24347,21.620371,25.620371,2,4,8,siren,4.0,UrbanSound8K/audio/fold4/24347-8-0-35.wav,True
24347-8-0-36.wav,24347,22.120371,26.120371,2,4,8,siren,4.0,UrbanSound8K/audio/fold4/24347-8-0-36.wav,True
24347-8-0-37.wav,24347,22.620371,26.620371,2,4,8,siren,4.0,UrbanSound8K/audio/fold4/24347-8-0-37.wav,True
24347-8-0-38.wav,24347,23.120371,27.120371,2,4,8,siren,4.0,UrbanSound8K/audio/fold4/24347-8-0-38.wav,True
24347-8-0-39.wav,24347,23.620371,27.620371,2,4,8,siren,4.0,UrbanSound8K/audio/fold4/24347-8-0-39.wav,True
24347-8-0-4.wav,24347,6.120371,10.120371,2,4,8,siren,4.000000000000001,UrbanSound8K/audio/fold4/24347-8-0-4.wav,True
24347-8-0-40.wav,24347,24.120371,28.120371,2,4,8,siren,4.0,UrbanSound8K/audio/fold4/24347-8-0-40.wav,True
24347-8-0-41.wav,24347,24.620371,28.620371,2,4,8,siren,4.0,UrbanSound8K/audio/fold4/24347-8-0-41.wav,True
24347-8-0-42.wav,24347,25.120371,29.120371,2,4,8,siren,4.0,UrbanSound8K/audio/fold4/24347-8-0-42.wav,True
24347-8-0-43.wav,24347,25.620371,29.620371,2,4,8,siren,4.0,UrbanSound8K/audio/fold4/24347-8-0-43.wav,True
24347-8-0-44.wav,24347,26.120371,30.120371,2,4,8,siren,4.0,UrbanSound8K/audio/fold4/24347-8-0-44.wav,True
24347-8-0-45.wav,24347,26.620371,30.620371,2,4,8,siren,4.0,UrbanSound8K/audio/fold4/24347-8-0-45.wav,True
24347-8-0-46.wav,24347,27.120371,31.120371,2,4,8,siren,4.0,UrbanSound8K/audio/fold4/24347-8-0-46.wav,True
24347-8-0-47.wav,24347,27.620371,31.620371,2,4,8,siren,4.0,UrbanSound8K/audio/fold4/24347-8-0-47.wav,True
24347-8-0-48.wav,24347,28.120371,32.120371,2,4,8,siren,4.0,UrbanSound8K/audio/fold4/24347-8-0-48.wav,True
24347-8-0-49.wav,24347,28.620371,32.620371,2,4,8,siren,4.0,UrbanSound8K/audio/fold4/24347-8-0-49.wav,True
24347-8-0-5.wav,24347,6.620371,10.620371,2,4,8,siren,4.000000000000001,UrbanSound8K/audio/fold4/24347-8-0-5.wav,True
24347-8-0-50.wav,24347,29.120371,33.120371,2,4,8,siren,4.0,UrbanSound8K/audio/fold4/24347-8-0-50.wav,True
24347-8-0-51.wav,24347,29.620371,33.620371,2,4,8,siren,4.0,UrbanSound8K/audio/fold4/24347-8-0-51.wav,True
24347-8-0-52.wav,24347,30.120371,34.120371,2,4,8,siren,4.0,UrbanSound8K/audio/fold4/24347-8-0-52.wav,True
24347-8-0-53.wav,24347,30.620371,34.620371,2,4,8,siren,4.0,UrbanSound8K/audio/fold4/24347-8-0-53.wav,True
24347-8-0-54.wav,24347,31.120371,35.120371,2,4,8,siren,4.0,UrbanSound8K/audio/fold4/24347-8-0-54.wav,True
24347-8-0-55.wav,24347,31.620371,35.620371,2,4,8,siren,4.0,UrbanSound8K/audio/fold4/24347-8-0-55.wav,True
24347-8-0-56.wav,24347,32.120371,36.120371,2,4,8,siren,4.0,UrbanSound8K/audio/fold4/24347-8-0-56.wav,True
24347-8-0-57.wav,24347,32.620371,36.620371,2,4,8,siren,4.0,UrbanSound8K/audio/fold4/24347-8-0-57.wav,True
24347-8-0-58.wav,24347,33.120371,37.120371,2,4,8,siren,4.0,UrbanSound8K/audio/fold4/24347-8-0-58.wav,True
24347-8-0-59.wav,24347,33.620371,37.620371,2,4,8,siren,4.0,UrbanSound8K/audio/fold4/24347-8-0-59.wav,True
24347-8-0-6.wav,24347,7.120371,11.120371,2,4,8,siren,4.000000000000001,UrbanSound8K/audio/fold4/24347-8-0-6.wav,True
24347-8-0-60.wav,24347,34.120371,38.120371,2,4,8,siren,4.0,UrbanSound8K/audio/fold4/24347-8-0-60.wav,True
24347-8-0-61.wav,24347,34.620371,38.620371,2,4,8,siren,4.0,UrbanSound8K/audio/fold4/24347-8-0-61.wav,True
24347-8-0-62.wav,24347,35.120371,39.120371,2,4,8,siren,4.0,UrbanSound8K/audio/fold4/24347-8-0-62.wav,True
24347-8-0-63.wav,24347,35.620371,39.620371,2,4,8,siren,4.0,UrbanSound8K/audio/fold4/24347-8-0-63.wav,True
24347-8-0-64.wav,24347,36.120371,40.120371,2,4,8,siren,4.0,UrbanSound8K/audio/fold4/24347-8-0-64.wav,True
24347-8-0-65.wav,24347,36.620371,40.620371,2,4,8,siren,4.0,UrbanSound8K/audio/fold4/24347-8-0-65.wav,True
24347-8-0-66.wav,24347,37.120371,41.120371,2,4,8,siren,4.0,UrbanSound8K/audio/fold4/24347-8-0-66.wav,True
24347-8-0-67.wav,24347,37.620371,41.620371,2,4,8,siren,4.0,UrbanSound8K/audio/fold4/24347-8-0-67.wav,True
24347-8-0-68.wav,24347,38.120371,42.120371,2,4,8,siren,4.0,UrbanSound8K/audio/fold4/24347-8-0-68.wav,True
24347-8-0-69.wav,24347,38.620371,42.620371,2,4,8,siren,4.0,UrbanSound8K/audio/fold4/24347-8-0-69.wav,True
24347-8-0-7.wav,24347,7.620371,11.620371,2,4,8,siren,4.000000000000001,UrbanSound8K/audio/fold4/24347-8-0-7.wav,True
24347-8-0-70.wav,24347,39.120371,43.120371,2,4,8,siren,4.0,UrbanSound8K/audio/fold4/24347-8-0-70.wav,True
24347-8-0-71.wav,24347,39.620371,43.620371,2,4,8,siren,4.0,UrbanSound8K/audio/fold4/24347-8-0-71.wav,True
24347-8-0-72.wav,24347,40.120371,44.120371,2,4,8,siren,4.0,UrbanSound8K/audio/fold4/24347-8-0-72.wav,True
24347-8-0-73.wav,24347,40.620371,44.620371,2,4,8,siren,4.0,UrbanSound8K/audio/fold4/24347-8-0-73.wav,True
24347-8-0-74.wav,24347,41.120371,45.120371,2,4,8,siren,4.0,UrbanSound8K/audio/fold4/24347-8-0-74.wav,True
24347-8-0-75.wav,24347,41.620371,45.620371,2,4,8,siren,4.0,UrbanSound8K/audio/fold4/24347-8-0-75.wav,True
24347-8-0-76.wav,24347,42.120371,46.120371,2,4,8,siren,4.0,UrbanSound8K/audio/fold4/24347-8-0-76.wav,True
24347-8-0-77.wav,24347,42.620371,46.620371,2,4,8,siren,4.0,UrbanSound8K/audio/fold4/24347-8-0-77.wav,True
24347-8-0-78.wav,24347,43.120371,47.120371,2,4,8,siren,4.0,UrbanSound8K/audio/fold4/24347-8-0-78.wav,True
24347-8-0-79.wav,24347,43.620371,47.620371,2,4,8,siren,4.0,UrbanSound8K/audio/fold4/24347-8-0-79.wav,True
24347-8-0-8.wav,24347,8.120370999999999,12.120371,2,4,8,siren,4.000000000000002,UrbanSound8K/audio/fold4/24347-8-0-8.wav,True
24347-8-0-80.wav,24347,44.120371,48.120371,2,4,8,siren,4.0,UrbanSound8K/audio/fold4/24347-8-0-80.wav,True
24347-8-0-81.wav,24347,44.620371,48.620371,2,4,8,siren,4.0,UrbanSound8K/audio/fold4/24347-8-0-81.wav,True
24347-8-0-82.wav,24347,45.120371,49.120371,2,4,8,siren,4.0,UrbanSound8K/audio/fold4/24347-8-0-82.wav,True
24347-8-0-83.wav,24347,45.620371,49.620371,2,4,8,siren,4.0,UrbanSound8K/audio/fold4/24347-8-0-83.wav,True
24347-8-0-84.wav,24347,46.120371,50.120371,2,4,8,siren,4.0,UrbanSound8K/audio/fold4/24347-8-0-84.wav,True
24347-8-0-85.wav,24347,46.620371,50.620371,2,4,8,siren,4.0,UrbanSound8K/audio/fold4/24347-8-0-85.wav,True
24347-8-0-86.wav,24347,47.120371,51.120371,2,4,8,siren,4.0,UrbanSound8K/audio/fold4/24347-8-0-86.wav,True
24347-8-0-87.wav,24347,47.620371,51.620371,2,4,8,siren,4.0,UrbanSound8K/audio/fold4/24347-8-0-87.wav,True
24347-8-0-88.wav,24347,48.120371,52.120371,2,4,8,siren,4.0,UrbanSound8K/audio/fold4/24347-8-0-88.wav,True
24347-8-0-89.wav,24347,48.620371,52.620371,2,4,8,siren,4.0,UrbanSound8K/audio/fold4/24347-8-0-89.wav,True
24347-8-0-9.wav,24347,8.620370999999999,12.620371,2,4,8,siren,4.000000000000002,UrbanSound8K/audio/fold4/24347-8-0-9.wav,True
24347-8-0-90.wav,24347,49.120371,53.120371,2,4,8,siren,4.0,UrbanSound8K/audio/fold4/24347-8-0-90.wav,True
24347-8-0-91.wav,24347,49.620371,53.620371,2,4,8,siren,4.0,UrbanSound8K/audio/fold4/24347-8-0-91.wav,True
24347-8-0-92.wav,24347,50.120371,54.120371,2,4,8,siren,4.0,UrbanSound8K/audio/fold4/24347-8-0-92.wav,True
24347-8-0-93.wav,24347,50.620371,54.620371,2,4,8,siren,4.0,UrbanSound8K/audio/fold4/24347-8-0-93.wav,True
24347-8-0-94.wav,24347,51.120371,55.120371,2,4,8,siren,4.0,UrbanSound8K/audio/fold4/24347-8-0-94.wav,True
24347-8-0-95.wav,24347,51.620371,55.620371,2,4,8,siren,4.0,UrbanSound8K/audio/fold4/24347-8-0-95.wav,True
24347-8-0-96.wav,24347,52.120371,56.120371,2,4,8,siren,4.0,UrbanSound8K/audio/fold4/24347-8-0-96.wav,True
24347-8-0-97.wav,24347,52.620371,56.620371,2,4,8,siren,4.0,UrbanSound8K/audio/fold4/24347-8-0-97.wav,True
24347-8-0-98.wav,24347,53.120371,57.120371,2,4,8,siren,4.0,UrbanSound8K/audio/fold4/24347-8-0-98.wav,True
24347-8-0-99.wav,24347,53.620371,57.620371,2,4,8,siren,4.0,UrbanSound8K/audio/fold4/24347-8-0-99.wav,True
24631-6-0-0.wav,24631,9.230523,9.486839,2,7,6,gun_shot,0.256316,UrbanSound8K/audio/fold7/24631-6-0-0.wav,True
24632-6-0-0.wav,24632,26.769969,27.264824,2,4,6,gun_shot,0.49485500000000116,UrbanSound8K/audio/fold4/24632-6-0-0.wav,True
24632-6-1-0.wav,24632,29.012176,29.292025,2,4,6,gun_shot,0.2798489999999987,UrbanSound8K/audio/fold4/24632-6-1-0.wav,True
24652-6-0-0.wav,24652,43.452133,43.932788,2,4,6,gun_shot,0.4806549999999987,UrbanSound8K/audio/fold4/24652-6-0-0.wav,True
25037-6-0-0.wav,25037,0.031984,1.365476,2,10,6,gun_shot,1.333492,UrbanSound8K/audio/fold10/25037-6-0-0.wav,True
25037-6-1-0.wav,25037,1.377778,2.703889,2,10,6,gun_shot,1.3261110000000003,UrbanSound8K/audio/fold10/25037-6-1-0.wav,True
26177-1-0-0.wav,26177,0.0,0.246102,2,5,1,car_horn,0.246102,UrbanSound8K/audio/fold5/26177-1-0-0.wav,True
26177-1-2-0.wav,26177,2.164053,3.670195,2,5,1,car_horn,1.506142,UrbanSound8K/audio/fold5/26177-1-2-0.wav,True
26255-3-0-0.wav,26255,0.7081,0.957431,2,10,3,dog_bark,0.24933100000000008,UrbanSound8K/audio/fold10/26255-3-0-0.wav,True
26255-3-13-1.wav,26255,110.784129,114.784129,2,10,3,dog_bark,4.0,UrbanSound8K/audio/fold10/26255-3-13-1.wav,True
26255-3-6-0.wav,26255,27.82535,28.543424,2,10,3,dog_bark,0.7180740000000014,UrbanSound8K/audio/fold10/26255-3-6-0.wav,True
26255-3-8-0.wav,26255,39.66359,40.252012,2,10,3,dog_bark,0.5884220000000013,UrbanSound8K/audio/fold10/26255-3-8-0.wav,True
26256-3-4-0.wav,26256,30.938363,34.938362999999995,2,4,3,dog_bark,3.9999999999999964,UrbanSound8K/audio/fold4/26256-3-4-0.wav,True
26256-3-5-22.wav,26256,60.861421,64.861421,2,4,3,dog_bark,4.000000000000007,UrbanSound8K/audio/fold4/26256-3-5-22.wav,True
26256-3-6-6.wav,26256,149.360644,153.360644,2,4,3,dog_bark,4.0,UrbanSound8K/audio/fold4/26256-3-6-6.wav,True
26256-3-7-36.wav,26256,194.168648,198.168648,2,4,3,dog_bark,4.0,UrbanSound8K/audio/fold4/26256-3-7-36.wav,True
27068-1-0-0.wav,27068,26.451322,26.667696,2,9,1,car_horn,0.2163739999999983,UrbanSound8K/audio/fold9/27068-1-0-0.wav,True
27070-2-0-0.wav,27070,0.0,4.0,2,10,2,children_playing,4.0,UrbanSound8K/audio/fold10/27070-2-0-0.wav,True
27070-2-0-2.wav,27070,1.0,5.0,2,10,2,children_playing,4.0,UrbanSound8K/audio/fold10/27070-2-0-2.wav,True
27070-2-0-3.wav,27070,1.5,5.5,2,10,2,children_playing,4.0,UrbanSound8K/audio/fold10/27070-2-0-3.wav,True
27070-2-0-4.wav,27070,2.0,6.0,2,10,2,children_playing,4.0,UrbanSound8K/audio/fold10/27070-2-0-4.wav,True
27070-2-0-5.wav,27070,2.5,6.5,2,10,2,children_playing,4.0,UrbanSound8K/audio/fold10/27070-2-0-5.wav,True
27070-2-0-7.wav,27070,3.5,7.5,2,10,2,children_playing,4.0,UrbanSound8K/audio/fold10/27070-2-0-7.wav,True
27070-2-0-8.wav,27070,4.0,8.0,2,10,2,children_playing,4.0,UrbanSound8K/audio/fold10/27070-2-0-8.wav,True
27349-3-0-2.wav,27349,1.0,5.0,2,2,3,dog_bark,4.0,UrbanSound8K/audio/fold2/27349-3-0-2.wav,True
27349-3-0-6.wav,27349,3.0,7.0,2,2,3,dog_bark,4.0,UrbanSound8K/audio/fold2/27349-3-0-6.wav,True
27349-3-1-2.wav,27349,27.345256,31.345256,2,2,3,dog_bark,4.0,UrbanSound8K/audio/fold2/27349-3-1-2.wav,True
27349-3-2-1.wav,27349,41.980366,45.980366,2,2,3,dog_bark,4.0,UrbanSound8K/audio/fold2/27349-3-2-1.wav,True
28426-8-0-0.wav,28426,1.227678,4.249656,2,5,8,siren,3.021978,UrbanSound8K/audio/fold5/28426-8-0-0.wav,True
28426-8-1-0.wav,28426,5.382897,8.390346,2,5,8,siren,3.0074489999999994,UrbanSound8K/audio/fold5/28426-8-1-0.wav,True
28426-8-2-0.wav,28426,10.765795,14.38345,2,5,8,siren,3.617654999999999,UrbanSound8K/audio/fold5/28426-8-2-0.wav,True
28808-1-1-0.wav,28808,27.28857,31.28857,2,10,1,car_horn,4.0,UrbanSound8K/audio/fold10/28808-1-1-0.wav,True
28808-1-1-1.wav,28808,27.78857,31.78857,2,10,1,car_horn,4.0,UrbanSound8K/audio/fold10/28808-1-1-1.wav,True
29932-1-0-0.wav,29932,181.725228,183.563489,2,6,1,car_horn,1.838261000000017,UrbanSound8K/audio/fold6/29932-1-0-0.wav,True
29932-1-1-0.wav,29932,280.466103,281.910451,2,6,1,car_horn,1.4443480000000477,UrbanSound8K/audio/fold6/29932-1-1-0.wav,True
29936-3-0-0.wav,29936,2.321813,5.075963,2,8,3,dog_bark,2.7541499999999997,UrbanSound8K/audio/fold8/29936-3-0-0.wav,True
29936-3-1-0.wav,29936,7.862139,10.071864,2,8,3,dog_bark,2.2097249999999997,UrbanSound8K/audio/fold8/29936-3-1-0.wav,True
29936-3-2-0.wav,29936,10.936539,13.11424,2,8,3,dog_bark,2.1777010000000008,UrbanSound8K/audio/fold8/29936-3-2-0.wav,True
29936-3-3-0.wav,29936,16.941228,19.022853,2,8,3,dog_bark,2.0816250000000025,UrbanSound8K/audio/fold8/29936-3-3-0.wav,True
29937-3-0-14.wav,29937,7.0,11.0,2,5,3,dog_bark,4.0,UrbanSound8K/audio/fold5/29937-3-0-14.wav,True
29937-3-0-4.wav,29937,2.0,6.0,2,5,3,dog_bark,4.0,UrbanSound8K/audio/fold5/29937-3-0-4.wav,True
29937-3-0-6.wav,29937,3.0,7.0,2,5,3,dog_bark,4.0,UrbanSound8K/audio/fold5/29937-3-0-6.wav,True
29937-3-0-8.wav,29937,4.0,8.0,2,5,3,dog_bark,4.0,UrbanSound8K/audio/fold5/29937-3-0-8.wav,True
30823-8-0-0.wav,30823,7.167619,11.167619,2,1,8,siren,4.0,UrbanSound8K/audio/fold1/30823-8-0-0.wav,True
30832-3-1-0.wav,30832,11.085712,12.093504,2,4,3,dog_bark,1.0077920000000002,UrbanSound8K/audio/fold4/30832-3-1-0.wav,True
30832-3-12-0.wav,30832,294.716176,296.038903,2,4,3,dog_bark,1.3227269999999862,UrbanSound8K/audio/fold4/30832-3-12-0.wav,True
30832-3-5-1.wav,30832,44.968823,48.968823,2,4,3,dog_bark,4.0,UrbanSound8K/audio/fold4/30832-3-5-1.wav,True
30832-3-7-0.wav,30832,129.564261,131.705819,2,4,3,dog_bark,2.1415580000000034,UrbanSound8K/audio/fold4/30832-3-7-0.wav,True
31150-2-0-1.wav,31150,0.5,4.5,2,5,2,children_playing,4.0,UrbanSound8K/audio/fold5/31150-2-0-1.wav,True
31150-2-0-14.wav,31150,7.0,11.0,2,5,2,children_playing,4.0,UrbanSound8K/audio/fold5/31150-2-0-14.wav,True
31150-2-0-17.wav,31150,8.5,12.5,2,5,2,children_playing,4.0,UrbanSound8K/audio/fold5/31150-2-0-17.wav,True
31150-2-0-2.wav,31150,1.0,5.0,2,5,2,children_playing,4.0,UrbanSound8K/audio/fold5/31150-2-0-2.wav,True
31150-2-0-24.wav,31150,12.0,16.0,2,5,2,children_playing,4.0,UrbanSound8K/audio/fold5/31150-2-0-24.wav,True
31150-2-0-34.wav,31150,17.0,21.0,2,5,2,children_playing,4.0,UrbanSound8K/audio/fold5/31150-2-0-34.wav,True
31150-2-0-6.wav,31150,3.0,7.0,2,5,2,children_playing,4.0,UrbanSound8K/audio/fold5/31150-2-0-6.wav,True
31323-3-0-1.wav,31323,0.992016,4.992016,2,1,3,dog_bark,3.9999999999999996,UrbanSound8K/audio/fold1/31323-3-0-1.wav,True
31323-3-0-2.wav,31323,1.492016,5.492016,2,1,3,dog_bark,3.9999999999999996,UrbanSound8K/audio/fold1/31323-3-0-2.wav,True
31323-3-0-20.wav,31323,10.492016,14.492016,2,1,3,dog_bark,4.0,UrbanSound8K/audio/fold1/31323-3-0-20.wav,True
31323-3-0-22.wav,31323,11.492016,15.492016,2,1,3,dog_bark,4.0,UrbanSound8K/audio/fold1/31323-3-0-22.wav,True
31973-9-0-43.wav,31973,21.5,25.5,2,6,9,street_music,4.0,UrbanSound8K/audio/fold6/31973-9-0-43.wav,True
31973-9-0-51.wav,31973,25.5,29.5,2,6,9,street_music,4.0,UrbanSound8K/audio/fold6/31973-9-0-51.wav,True
31973-9-0-56.wav,31973,28.0,32.0,2,6,9,street_music,4.0,UrbanSound8K/audio/fold6/31973-9-0-56.wav,True
31973-9-0-57.wav,31973,28.5,32.5,2,6,9,street_music,4.0,UrbanSound8K/audio/fold6/31973-9-0-57.wav,True
31973-9-0-64.wav,31973,32.0,36.0,2,6,9,street_music,4.0,UrbanSound8K/audio/fold6/31973-9-0-64.wav,True
31973-9-0-71.wav,31973,35.5,39.5,2,6,9,street_music,4.0,UrbanSound8K/audio/fold6/31973-9-0-71.wav,True
33696-3-0-0.wav,33696,5.538044,8.307066,2,3,3,dog_bark,2.7690220000000005,UrbanSound8K/audio/fold3/33696-3-0-0.wav,True
33696-3-4-0.wav,33696,69.289945,73.289945,2,3,3,dog_bark,4.0,UrbanSound8K/audio/fold3/33696-3-4-0.wav,True
33696-3-4-1.wav,33696,69.789945,73.789945,2,3,3,dog_bark,4.0,UrbanSound8K/audio/fold3/33696-3-4-1.wav,True
33696-3-6-1.wav,33696,88.593536,92.593536,2,3,3,dog_bark,4.0,UrbanSound8K/audio/fold3/33696-3-6-1.wav,True
34050-7-0-0.wav,34050,3.131274,6.629274,2,10,7,jackhammer,3.4979999999999998,UrbanSound8K/audio/fold10/34050-7-0-0.wav,True
34050-7-1-0.wav,34050,8.180807,9.563081,2,10,7,jackhammer,1.3822740000000007,UrbanSound8K/audio/fold10/34050-7-1-0.wav,True
34050-7-2-0.wav,34050,11.481339,12.920033,2,10,7,jackhammer,1.438694,UrbanSound8K/audio/fold10/34050-7-2-0.wav,True
34050-7-3-0.wav,34050,15.035758,16.925807,2,10,7,jackhammer,1.8900489999999994,UrbanSound8K/audio/fold10/34050-7-3-0.wav,True
34050-7-4-0.wav,34050,19.718565,22.342065,2,10,7,jackhammer,2.6235,UrbanSound8K/audio/fold10/34050-7-4-0.wav,True
34050-7-5-0.wav,34050,24.457791,26.658146,2,10,7,jackhammer,2.2003549999999983,UrbanSound8K/audio/fold10/34050-7-5-0.wav,True
34050-7-6-0.wav,34050,29.309855,33.309855,2,10,7,jackhammer,4.0,UrbanSound8K/audio/fold10/34050-7-6-0.wav,True
34056-2-0-2.wav,34056,1.0,5.0,2,4,2,children_playing,4.0,UrbanSound8K/audio/fold4/34056-2-0-2.wav,True
34056-2-0-22.wav,34056,11.0,15.0,2,4,2,children_playing,4.0,UrbanSound8K/audio/fold4/34056-2-0-22.wav,True
34056-2-0-40.wav,34056,20.0,24.0,2,4,2,children_playing,4.0,UrbanSound8K/audio/fold4/34056-2-0-40.wav,True
34056-2-0-42.wav,34056,21.0,25.0,2,4,2,children_playing,4.0,UrbanSound8K/audio/fold4/34056-2-0-42.wav,True
34056-2-0-48.wav,34056,24.0,28.0,2,4,2,children_playing,4.0,UrbanSound8K/audio/fold4/34056-2-0-48.wav,True
34056-2-0-61.wav,34056,30.5,34.5,2,4,2,children_playing,4.0,UrbanSound8K/audio/fold4/34056-2-0-61.wav,True
34056-2-0-80.wav,34056,40.0,44.0,2,4,2,children_playing,4.0,UrbanSound8K/audio/fold4/34056-2-0-80.wav,True
34241-1-0-0.wav,34241,0.693691,1.988582,2,7,1,car_horn,1.2948910000000002,UrbanSound8K/audio/fold7/34241-1-0-0.wav,True
34241-1-1-0.wav,34241,3.653441,5.08707,2,7,1,car_horn,1.4336289999999998,UrbanSound8K/audio/fold7/34241-1-1-0.wav,True
34871-3-11-0.wav,34871,113.63217,115.3221,2,7,3,dog_bark,1.689930000000004,UrbanSound8K/audio/fold7/34871-3-11-0.wav,True
34871-3-9-0.wav,34871,64.342534,68.342534,2,7,3,dog_bark,4.0,UrbanSound8K/audio/fold7/34871-3-9-0.wav,True
34952-8-0-0.wav,34952,0.0,4.0,2,6,8,siren,4.0,UrbanSound8K/audio/fold6/34952-8-0-0.wav,True
34952-8-0-1.wav,34952,0.5,4.5,2,6,8,siren,4.0,UrbanSound8K/audio/fold6/34952-8-0-1.wav,True
34952-8-0-2.wav,34952,1.0,5.0,2,6,8,siren,4.0,UrbanSound8K/audio/fold6/34952-8-0-2.wav,True
34952-8-0-3.wav,34952,1.5,5.5,2,6,8,siren,4.0,UrbanSound8K/audio/fold6/34952-8-0-3.wav,True
34952-8-0-4.wav,34952,2.0,6.0,2,6,8,siren,4.0,UrbanSound8K/audio/fold6/34952-8-0-4.wav,True
34952-8-0-5.wav,34952,2.5,6.5,2,6,8,siren,4.0,UrbanSound8K/audio/fold6/34952-8-0-5.wav,True
34952-8-0-6.wav,34952,3.0,7.0,2,6,8,siren,4.0,UrbanSound8K/audio/fold6/34952-8-0-6.wav,True
34952-8-0-7.wav,34952,3.5,7.5,2,6,8,siren,4.0,UrbanSound8K/audio/fold6/34952-8-0-7.wav,True
35296-3-0-0.wav,35296,0.799414,1.751097,2,4,3,dog_bark,0.951683,UrbanSound8K/audio/fold4/35296-3-0-0.wav,True
35296-3-1-0.wav,35296,3.591018,5.595897,2,4,3,dog_bark,2.004879,UrbanSound8K/audio/fold4/35296-3-1-0.wav,True
35296-3-2-0.wav,35296,7.448507,9.592966,2,4,3,dog_bark,2.1444590000000003,UrbanSound8K/audio/fold4/35296-3-2-0.wav,True
35548-9-0-10.wav,35548,11.092612,15.092612,2,6,9,street_music,4.0,UrbanSound8K/audio/fold6/35548-9-0-10.wav,True
35548-9-0-21.wav,35548,16.592612,20.592612,2,6,9,street_music,4.0,UrbanSound8K/audio/fold6/35548-9-0-21.wav,True
35548-9-0-23.wav,35548,17.592612,21.592612,2,6,9,street_music,4.0,UrbanSound8K/audio/fold6/35548-9-0-23.wav,True
35548-9-1-14.wav,35548,73.866412,77.866412,2,6,9,street_music,4.0,UrbanSound8K/audio/fold6/35548-9-1-14.wav,True
35548-9-2-7.wav,35548,186.735294,190.735294,2,6,9,street_music,4.0,UrbanSound8K/audio/fold6/35548-9-2-7.wav,True
35548-9-2-9.wav,35548,187.735294,191.735294,2,6,9,street_music,4.0,UrbanSound8K/audio/fold6/35548-9-2-9.wav,True
35549-9-0-14.wav,35549,7.0,11.0,2,4,9,street_music,4.0,UrbanSound8K/audio/fold4/35549-9-0-14.wav,True
35549-9-0-2.wav,35549,1.0,5.0,2,4,9,street_music,4.0,UrbanSound8K/audio/fold4/35549-9-0-2.wav,True
35549-9-0-28.wav,35549,14.0,18.0,2,4,9,street_music,4.0,UrbanSound8K/audio/fold4/35549-9-0-28.wav,True
35549-9-0-47.wav,35549,23.5,27.5,2,4,9,street_music,4.0,UrbanSound8K/audio/fold4/35549-9-0-47.wav,True
35549-9-0-51.wav,35549,25.5,29.5,2,4,9,street_music,4.0,UrbanSound8K/audio/fold4/35549-9-0-51.wav,True
35549-9-0-58.wav,35549,29.0,33.0,2,4,9,street_music,4.0,UrbanSound8K/audio/fold4/35549-9-0-58.wav,True
36263-9-0-12.wav,36263,7.476496,11.476496,2,5,9,street_music,3.999999999999999,UrbanSound8K/audio/fold5/36263-9-0-12.wav,True
36263-9-0-13.wav,36263,7.976496,11.976496,2,5,9,street_music,3.999999999999999,UrbanSound8K/audio/fold5/36263-9-0-13.wav,True
36263-9-0-17.wav,36263,9.976496,13.976496,2,5,9,street_music,4.0,UrbanSound8K/audio/fold5/36263-9-0-17.wav,True
36263-9-0-2.wav,36263,2.476496,6.476496,2,5,9,street_music,4.0,UrbanSound8K/audio/fold5/36263-9-0-2.wav,True
36263-9-0-3.wav,36263,2.976496,6.976496,2,5,9,street_music,4.0,UrbanSound8K/audio/fold5/36263-9-0-3.wav,True
36263-9-0-5.wav,36263,3.976496,7.976496,2,5,9,street_music,4.0,UrbanSound8K/audio/fold5/36263-9-0-5.wav,True
36403-6-0-0.wav,36403,26.137402,26.89012,2,6,6,gun_shot,0.752717999999998,UrbanSound8K/audio/fold6/36403-6-0-0.wav,True
36429-2-0-13.wav,36429,6.5,10.5,2,8,2,children_playing,4.0,UrbanSound8K/audio/fold8/36429-2-0-13.wav,True
36429-2-0-14.wav,36429,7.0,11.0,2,8,2,children_playing,4.0,UrbanSound8K/audio/fold8/36429-2-0-14.wav,True
36429-2-0-15.wav,36429,7.5,11.5,2,8,2,children_playing,4.0,UrbanSound8K/audio/fold8/36429-2-0-15.wav,True
36429-2-0-18.wav,36429,9.0,13.0,2,8,2,children_playing,4.0,UrbanSound8K/audio/fold8/36429-2-0-18.wav,True
36429-2-0-23.wav,36429,11.5,15.5,2,8,2,children_playing,4.0,UrbanSound8K/audio/fold8/36429-2-0-23.wav,True
36429-2-0-6.wav,36429,3.0,7.0,2,8,2,children_playing,4.0,UrbanSound8K/audio/fold8/36429-2-0-6.wav,True
36429-2-0-7.wav,36429,3.5,7.5,2,8,2,children_playing,4.0,UrbanSound8K/audio/fold8/36429-2-0-7.wav,True
40717-8-0-0.wav,40717,0.351355,4.351355,2,2,8,siren,4.0,UrbanSound8K/audio/fold2/40717-8-0-0.wav,True
40717-8-0-1.wav,40717,0.851355,4.851355,2,2,8,siren,4.0,UrbanSound8K/audio/fold2/40717-8-0-1.wav,True
40717-8-0-2.wav,40717,1.351355,5.351355,2,2,8,siren,4.0,UrbanSound8K/audio/fold2/40717-8-0-2.wav,True
40717-8-0-3.wav,40717,1.851355,5.851355,2,2,8,siren,4.0,UrbanSound8K/audio/fold2/40717-8-0-3.wav,True
40717-8-0-4.wav,40717,2.351355,6.351355,2,2,8,siren,4.0,UrbanSound8K/audio/fold2/40717-8-0-4.wav,True
40717-8-0-5.wav,40717,2.851355,6.851355,2,2,8,siren,4.0,UrbanSound8K/audio/fold2/40717-8-0-5.wav,True
40717-8-0-6.wav,40717,3.351355,7.351355,2,2,8,siren,4.0,UrbanSound8K/audio/fold2/40717-8-0-6.wav,True
40722-8-0-0.wav,40722,0.0,4.0,2,1,8,siren,4.0,UrbanSound8K/audio/fold1/40722-8-0-0.wav,True
40722-8-0-1.wav,40722,0.5,4.5,2,1,8,siren,4.0,UrbanSound8K/audio/fold1/40722-8-0-1.wav,True
40722-8-0-2.wav,40722,1.0,5.0,2,1,8,siren,4.0,UrbanSound8K/audio/fold1/40722-8-0-2.wav,True
40722-8-0-3.wav,40722,1.5,5.5,2,1,8,siren,4.0,UrbanSound8K/audio/fold1/40722-8-0-3.wav,True
40722-8-0-4.wav,40722,2.0,6.0,2,1,8,siren,4.0,UrbanSound8K/audio/fold1/40722-8-0-4.wav,True
40722-8-0-5.wav,40722,2.5,6.5,2,1,8,siren,4.0,UrbanSound8K/audio/fold1/40722-8-0-5.wav,True
40722-8-0-6.wav,40722,3.0,7.0,2,1,8,siren,4.0,UrbanSound8K/audio/fold1/40722-8-0-6.wav,True
40722-8-0-7.wav,40722,3.5,7.5,2,1,8,siren,4.0,UrbanSound8K/audio/fold1/40722-8-0-7.wav,True
40722-8-0-8.wav,40722,4.0,8.0,2,1,8,siren,4.0,UrbanSound8K/audio/fold1/40722-8-0-8.wav,True
41306-3-0-10.wav,41306,5.0,9.0,2,10,3,dog_bark,4.0,UrbanSound8K/audio/fold10/41306-3-0-10.wav,True
41306-3-0-13.wav,41306,6.5,10.5,2,10,3,dog_bark,4.0,UrbanSound8K/audio/fold10/41306-3-0-13.wav,True
41306-3-0-4.wav,41306,2.0,6.0,2,10,3,dog_bark,4.0,UrbanSound8K/audio/fold10/41306-3-0-4.wav,True
41372-3-0-25.wav,41372,29.892794,33.892793999999995,2,3,3,dog_bark,3.9999999999999964,UrbanSound8K/audio/fold3/41372-3-0-25.wav,True
41372-3-0-36.wav,41372,35.392793999999995,39.392794,2,3,3,dog_bark,4.000000000000007,UrbanSound8K/audio/fold3/41372-3-0-36.wav,True
41372-3-0-39.wav,41372,36.892794,40.892794,2,3,3,dog_bark,4.0,UrbanSound8K/audio/fold3/41372-3-0-39.wav,True
41372-3-0-51.wav,41372,42.892794,46.892794,2,3,3,dog_bark,4.0,UrbanSound8K/audio/fold3/41372-3-0-51.wav,True
4201-3-0-0.wav,4201,0.104715,0.352725,2,2,3,dog_bark,0.24801,UrbanSound8K/audio/fold2/4201-3-0-0.wav,True
4201-3-1-0.wav,4201,0.804653,1.085731,2,2,3,dog_bark,0.28107800000000005,UrbanSound8K/audio/fold2/4201-3-1-0.wav,True
4201-3-2-0.wav,4201,1.818737,2.171462,2,2,3,dog_bark,0.35272499999999996,UrbanSound8K/audio/fold2/4201-3-2-0.wav,True
4201-3-3-0.wav,4201,3.968154,4.976726,2,2,3,dog_bark,1.008572,UrbanSound8K/audio/fold2/4201-3-3-0.wav,True
42101-1-1-0.wav,42101,69.97537,71.293747,2,9,1,car_horn,1.3183769999999981,UrbanSound8K/audio/fold9/42101-1-1-0.wav,True
42117-8-0-0.wav,42117,88.660252,92.660252,2,3,8,siren,4.0,UrbanSound8K/audio/fold3/42117-8-0-0.wav,True
42117-8-0-1.wav,42117,89.160252,93.160252,2,3,8,siren,4.0,UrbanSound8K/audio/fold3/42117-8-0-1.wav,True
42117-8-0-10.wav,42117,93.660252,97.660252,2,3,8,siren,4.0,UrbanSound8K/audio/fold3/42117-8-0-10.wav,True
42117-8-0-11.wav,42117,94.160252,98.160252,2,3,8,siren,4.0,UrbanSound8K/audio/fold3/42117-8-0-11.wav,True
42117-8-0-12.wav,42117,94.660252,98.660252,2,3,8,siren,4.0,UrbanSound8K/audio/fold3/42117-8-0-12.wav,True
42117-8-0-13.wav,42117,95.160252,99.160252,2,3,8,siren,4.0,UrbanSound8K/audio/fold3/42117-8-0-13.wav,True
42117-8-0-14.wav,42117,95.660252,99.660252,2,3,8,siren,4.0,UrbanSound8K/audio/fold3/42117-8-0-14.wav,True
42117-8-0-2.wav,42117,89.660252,93.660252,2,3,8,siren,4.0,UrbanSound8K/audio/fold3/42117-8-0-2.wav,True
42117-8-0-3.wav,42117,90.160252,94.160252,2,3,8,siren,4.0,UrbanSound8K/audio/fold3/42117-8-0-3.wav,True
42117-8-0-4.wav,42117,90.660252,94.660252,2,3,8,siren,4.0,UrbanSound8K/audio/fold3/42117-8-0-4.wav,True
42117-8-0-5.wav,42117,91.160252,95.160252,2,3,8,siren,4.0,UrbanSound8K/audio/fold3/42117-8-0-5.wav,True
42117-8-0-6.wav,42117,91.660252,95.660252,2,3,8,siren,4.0,UrbanSound8K/audio/fold3/42117-8-0-6.wav,True
42117-8-0-7.wav,42117,92.160252,96.160252,2,3,8,siren,4.0,UrbanSound8K/audio/fold3/42117-8-0-7.wav,True
42117-8-0-8.wav,42117,92.660252,96.660252,2,3,8,siren,4.0,UrbanSound8K/audio/fold3/42117-8-0-8.wav,True
42117-8-0-9.wav,42117,93.160252,97.160252,2,3,8,siren,4.0,UrbanSound8K/audio/fold3/42117-8-0-9.wav,True
42117-8-1-0.wav,42117,124.611628,128.611628,2,3,8,siren,4.0,UrbanSound8K/audio/fold3/42117-8-1-0.wav,True
42371-3-0-0.wav,42371,10.54093,11.538045,2,9,3,dog_bark,0.9971150000000009,UrbanSound8K/audio/fold9/42371-3-0-0.wav,True
43802-1-2-0.wav,43802,8.044598,8.287148,2,6,1,car_horn,0.2425499999999996,UrbanSound8K/audio/fold6/43802-1-2-0.wav,True
43803-1-0-0.wav,43803,2.225494,2.404799,2,5,1,car_horn,0.17930500000000027,UrbanSound8K/audio/fold5/43803-1-0-0.wav,True
43805-8-3-0.wav,43805,79.179405,79.537549,2,7,8,siren,0.3581439999999958,UrbanSound8K/audio/fold7/43805-8-3-0.wav,True
43805-8-4-0.wav,43805,80.160407,80.589329,2,7,8,siren,0.428922,UrbanSound8K/audio/fold7/43805-8-4-0.wav,True
44278-1-0-0.wav,44278,6.453018,7.489104,2,4,1,car_horn,1.036086,UrbanSound8K/audio/fold4/44278-1-0-0.wav,True
44278-1-1-0.wav,44278,9.944179,10.282033,2,4,1,car_horn,0.3378540000000001,UrbanSound8K/audio/fold4/44278-1-1-0.wav,True
44325-9-0-18.wav,44325,9.0,13.0,2,6,9,street_music,4.0,UrbanSound8K/audio/fold6/44325-9-0-18.wav,True
44325-9-0-21.wav,44325,10.5,14.5,2,6,9,street_music,4.0,UrbanSound8K/audio/fold6/44325-9-0-21.wav,True
44325-9-0-35.wav,44325,17.5,21.5,2,6,9,street_music,4.0,UrbanSound8K/audio/fold6/44325-9-0-35.wav,True
44325-9-0-67.wav,44325,33.5,37.5,2,6,9,street_music,4.0,UrbanSound8K/audio/fold6/44325-9-0-67.wav,True
44325-9-0-72.wav,44325,36.0,40.0,2,6,9,street_music,4.0,UrbanSound8K/audio/fold6/44325-9-0-72.wav,True
44325-9-0-78.wav,44325,39.0,43.0,2,6,9,street_music,4.0,UrbanSound8K/audio/fold6/44325-9-0-78.wav,True
44831-3-0-0.wav,44831,1.951541,5.951541,2,3,3,dog_bark,4.0,UrbanSound8K/audio/fold3/44831-3-0-0.wav,True
44831-3-1-0.wav,44831,10.038318,11.313835,2,3,3,dog_bark,1.275516999999999,UrbanSound8K/audio/fold3/44831-3-1-0.wav,True
44831-3-2-0.wav,44831,20.35725,21.81134,2,3,3,dog_bark,1.4540900000000008,UrbanSound8K/audio/fold3/44831-3-2-0.wav,True
45256-1-0-0.wav,45256,0.0,0.275708,2,5,1,car_horn,0.275708,UrbanSound8K/audio/fold5/45256-1-0-0.wav,True
46299-2-0-0.wav,46299,0.0,4.0,2,6,2,children_playing,4.0,UrbanSound8K/audio/fold6/46299-2-0-0.wav,True
46299-2-0-16.wav,46299,8.0,12.0,2,6,2,children_playing,4.0,UrbanSound8K/audio/fold6/46299-2-0-16.wav,True
46299-2-0-21.wav,46299,10.5,14.5,2,6,2,children_playing,4.0,UrbanSound8K/audio/fold6/46299-2-0-21.wav,True
46299-2-0-22.wav,46299,11.0,15.0,2,6,2,children_playing,4.0,UrbanSound8K/audio/fold6/46299-2-0-22.wav,True
46299-2-0-36.wav,46299,18.0,22.0,2,6,2,children_playing,4.0,UrbanSound8K/audio/fold6/46299-2-0-36.wav,True
46299-2-0-48.wav,46299,24.0,28.0,2,6,2,children_playing,4.0,UrbanSound8K/audio/fold6/46299-2-0-48.wav,True
46299-2-0-8.wav,46299,4.0,8.0,2,6,2,children_playing,4.0,UrbanSound8K/audio/fold6/46299-2-0-8.wav,True
46299-2-0-9.wav,46299,4.5,8.5,2,6,2,children_playing,4.0,UrbanSound8K/audio/fold6/46299-2-0-9.wav,True
46391-1-0-0.wav,46391,55.735952,59.735952,2,5,1,car_horn,4.0,UrbanSound8K/audio/fold5/46391-1-0-0.wav,True
46391-1-1-0.wav,46391,98.480072,99.570989,2,5,1,car_horn,1.0909169999999904,UrbanSound8K/audio/fold5/46391-1-1-0.wav,True
46918-5-0-0.wav,46918,6.000195,10.000195,2,1,5,engine_idling,4.0,UrbanSound8K/audio/fold1/46918-5-0-0.wav,True
46918-5-0-1.wav,46918,6.500195,10.500195,2,1,5,engine_idling,4.0,UrbanSound8K/audio/fold1/46918-5-0-1.wav,True
46918-5-0-2.wav,46918,7.000195,11.000195,2,1,5,engine_idling,4.0,UrbanSound8K/audio/fold1/46918-5-0-2.wav,True
49808-3-0-6.wav,49808,3.0,7.0,2,2,3,dog_bark,4.0,UrbanSound8K/audio/fold2/49808-3-0-6.wav,True
49808-3-1-22.wav,49808,67.882376,71.882376,2,2,3,dog_bark,4.0,UrbanSound8K/audio/fold2/49808-3-1-22.wav,True
49808-3-1-8.wav,49808,60.882376,64.882376,2,2,3,dog_bark,3.999999999999993,UrbanSound8K/audio/fold2/49808-3-1-8.wav,True
49809-3-0-0.wav,49809,0.0,0.718468,2,3,3,dog_bark,0.718468,UrbanSound8K/audio/fold3/49809-3-0-0.wav,True
49809-3-3-0.wav,49809,18.125927,20.897162,2,3,3,dog_bark,2.771235000000001,UrbanSound8K/audio/fold3/49809-3-3-0.wav,True
49809-3-4-0.wav,49809,22.477792,23.791562,2,3,3,dog_bark,1.313769999999998,UrbanSound8K/audio/fold3/49809-3-4-0.wav,True
50223-3-0-1.wav,50223,2.808086,6.808085999999999,2,9,3,dog_bark,3.9999999999999996,UrbanSound8K/audio/fold9/50223-3-0-1.wav,True
50223-3-0-10.wav,50223,7.308085999999999,11.308086,2,9,3,dog_bark,4.0,UrbanSound8K/audio/fold9/50223-3-0-10.wav,True
50223-3-0-3.wav,50223,3.808086,7.808085999999999,2,9,3,dog_bark,3.9999999999999996,UrbanSound8K/audio/fold9/50223-3-0-3.wav,True
50223-3-0-6.wav,50223,5.308085999999999,9.308086,2,9,3,dog_bark,4.0,UrbanSound8K/audio/fold9/50223-3-0-6.wav,True
51022-3-13-0.wav,51022,19.916516,21.377728,2,1,3,dog_bark,1.4612119999999997,UrbanSound8K/audio/fold1/51022-3-13-0.wav,True
51022-3-30-4.wav,51022,46.647024,50.647024,2,1,3,dog_bark,4.0,UrbanSound8K/audio/fold1/51022-3-30-4.wav,True
51022-3-7-0.wav,51022,14.201777,15.292682,2,1,3,dog_bark,1.0909049999999993,UrbanSound8K/audio/fold1/51022-3-7-0.wav,True
51024-3-0-16.wav,51024,8.399669,12.399669,2,10,3,dog_bark,4.0,UrbanSound8K/audio/fold10/51024-3-0-16.wav,True
51024-3-0-2.wav,51024,1.399669,5.399669,2,10,3,dog_bark,4.0,UrbanSound8K/audio/fold10/51024-3-0-2.wav,True
51024-3-0-23.wav,51024,11.899669,15.899669,2,10,3,dog_bark,4.0,UrbanSound8K/audio/fold10/51024-3-0-23.wav,True
51024-3-0-3.wav,51024,1.899669,5.899669,2,10,3,dog_bark,4.0,UrbanSound8K/audio/fold10/51024-3-0-3.wav,True
51027-3-0-7.wav,51027,3.5,7.5,2,6,3,dog_bark,4.0,UrbanSound8K/audio/fold6/51027-3-0-7.wav,True
51027-3-0-9.wav,51027,4.5,8.5,2,6,3,dog_bark,4.0,UrbanSound8K/audio/fold6/51027-3-0-9.wav,True
51027-3-1-1.wav,51027,38.559406,42.559406,2,6,3,dog_bark,4.0,UrbanSound8K/audio/fold6/51027-3-1-1.wav,True
51027-3-1-4.wav,51027,40.059406,44.059406,2,6,3,dog_bark,4.0,UrbanSound8K/audio/fold6/51027-3-1-4.wav,True
52102-1-0-0.wav,52102,32.140691,32.564609,2,5,1,car_horn,0.42391800000000046,UrbanSound8K/audio/fold5/52102-1-0-0.wav,True
52171-3-2-0.wav,52171,9.321562,9.810929,2,9,3,dog_bark,0.48936699999999966,UrbanSound8K/audio/fold9/52171-3-2-0.wav,True
52171-3-3-0.wav,52171,10.5892,10.990127,2,9,3,dog_bark,0.40092699999999937,UrbanSound8K/audio/fold9/52171-3-3-0.wav,True
52171-3-6-0.wav,52171,13.041932,17.041932,2,9,3,dog_bark,4.0,UrbanSound8K/audio/fold9/52171-3-6-0.wav,True
52171-3-6-1.wav,52171,13.541932,17.541932,2,9,3,dog_bark,4.0,UrbanSound8K/audio/fold9/52171-3-6-1.wav,True
52411-9-0-4.wav,52411,2.0,6.0,2,9,9,street_music,4.0,UrbanSound8K/audio/fold9/52411-9-0-4.wav,True
52411-9-0-52.wav,52411,26.0,30.0,2,9,9,street_music,4.0,UrbanSound8K/audio/fold9/52411-9-0-52.wav,True
52411-9-0-6.wav,52411,3.0,7.0,2,9,9,street_music,4.0,UrbanSound8K/audio/fold9/52411-9-0-6.wav,True
52411-9-0-64.wav,52411,32.0,36.0,2,9,9,street_music,4.0,UrbanSound8K/audio/fold9/52411-9-0-64.wav,True
52411-9-0-66.wav,52411,33.0,37.0,2,9,9,street_music,4.0,UrbanSound8K/audio/fold9/52411-9-0-66.wav,True
52411-9-0-79.wav,52411,39.5,43.5,2,9,9,street_music,4.0,UrbanSound8K/audio/fold9/52411-9-0-79.wav,True
52740-3-0-0.wav,52740,68.09769,72.09769,2,9,3,dog_bark,4.0,UrbanSound8K/audio/fold9/52740-3-0-0.wav,True
52740-3-0-1.wav,52740,68.59769,72.59769,2,9,3,dog_bark,4.0,UrbanSound8K/audio/fold9/52740-3-0-1.wav,True
52740-3-0-2.wav,52740,69.09769,73.09769,2,9,3,dog_bark,4.0,UrbanSound8K/audio/fold9/52740-3-0-2.wav,True
52740-3-0-3.wav,52740,69.59769,73.59769,2,9,3,dog_bark,4.0,UrbanSound8K/audio/fold9/52740-3-0-3.wav,True
54081-9-0-24.wav,54081,20.638099,24.638099,2,4,9,street_music,4.0,UrbanSound8K/audio/fold4/54081-9-0-24.wav,True
54081-9-0-47.wav,54081,32.138099,36.138099,2,4,9,street_music,4.0,UrbanSound8K/audio/fold4/54081-9-0-47.wav,True
54081-9-0-56.wav,54081,36.638099,40.638099,2,4,9,street_music,4.0,UrbanSound8K/audio/fold4/54081-9-0-56.wav,True
54081-9-0-87.wav,54081,52.138099,56.138099,2,4,9,street_music,4.0,UrbanSound8K/audio/fold4/54081-9-0-87.wav,True
54081-9-0-93.wav,54081,55.138099,59.138099,2,4,9,street_music,4.0,UrbanSound8K/audio/fold4/54081-9-0-93.wav,True
54173-2-0-18.wav,54173,12.153856,16.153856,2,4,2,children_playing,4.000000000000002,UrbanSound8K/audio/fold4/54173-2-0-18.wav,True
54173-2-0-2.wav,54173,4.153856,8.153856000000001,2,4,2,children_playing,4.000000000000001,UrbanSound8K/audio/fold4/54173-2-0-2.wav,True
54173-2-0-21.wav,54173,13.653856,17.653856,2,4,2,children_playing,4.000000000000002,UrbanSound8K/audio/fold4/54173-2-0-21.wav,True
54173-2-0-26.wav,54173,16.153856,20.153856,2,4,2,children_playing,4.0,UrbanSound8K/audio/fold4/54173-2-0-26.wav,True
54173-2-0-28.wav,54173,17.153856,21.153856,2,4,2,children_playing,4.0,UrbanSound8K/audio/fold4/54173-2-0-28.wav,True
54173-2-0-4.wav,54173,5.153856,9.153856,2,4,2,children_playing,3.999999999999999,UrbanSound8K/audio/fold4/54173-2-0-4.wav,True
54173-2-0-5.wav,54173,5.653856,9.653856,2,4,2,children_playing,3.999999999999999,UrbanSound8K/audio/fold4/54173-2-0-5.wav,True
54173-2-0-9.wav,54173,7.653856,11.653856,2,4,2,children_playing,3.999999999999999,UrbanSound8K/audio/fold4/54173-2-0-9.wav,True
54858-3-0-0.wav,54858,28.04638,32.04638,2,1,3,dog_bark,4.0,UrbanSound8K/audio/fold1/54858-3-0-0.wav,True
54898-8-0-0.wav,54898,46.992301,50.992301,2,3,8,siren,4.0,UrbanSound8K/audio/fold3/54898-8-0-0.wav,True
54898-8-0-1.wav,54898,47.492301,51.492301,2,3,8,siren,4.0,UrbanSound8K/audio/fold3/54898-8-0-1.wav,True
54898-8-0-10.wav,54898,51.992301,55.992301,2,3,8,siren,4.0,UrbanSound8K/audio/fold3/54898-8-0-10.wav,True
54898-8-0-2.wav,54898,47.992301,51.992301,2,3,8,siren,4.0,UrbanSound8K/audio/fold3/54898-8-0-2.wav,True
54898-8-0-3.wav,54898,48.492301,52.492301,2,3,8,siren,4.0,UrbanSound8K/audio/fold3/54898-8-0-3.wav,True
54898-8-0-4.wav,54898,48.992301,52.992301,2,3,8,siren,4.0,UrbanSound8K/audio/fold3/54898-8-0-4.wav,True
54898-8-0-5.wav,54898,49.492301,53.492301,2,3,8,siren,4.0,UrbanSound8K/audio/fold3/54898-8-0-5.wav,True
54898-8-0-6.wav,54898,49.992301,53.992301,2,3,8,siren,4.0,UrbanSound8K/audio/fold3/54898-8-0-6.wav,True
54898-8-0-7.wav,54898,50.492301,54.492301,2,3,8,siren,4.0,UrbanSound8K/audio/fold3/54898-8-0-7.wav,True
54898-8-0-8.wav,54898,50.992301,54.992301,2,3,8,siren,4.0,UrbanSound8K/audio/fold3/54898-8-0-8.wav,True
54898-8-0-9.wav,54898,51.492301,55.492301,2,3,8,siren,4.0,UrbanSound8K/audio/fold3/54898-8-0-9.wav,True
54914-2-0-23.wav,54914,11.5,15.5,2,8,2,children_playing,4.0,UrbanSound8K/audio/fold8/54914-2-0-23.wav,True
54914-2-0-26.wav,54914,13.0,17.0,2,8,2,children_playing,4.0,UrbanSound8K/audio/fold8/54914-2-0-26.wav,True
54914-2-0-27.wav,54914,13.5,17.5,2,8,2,children_playing,4.0,UrbanSound8K/audio/fold8/54914-2-0-27.wav,True
54914-2-0-3.wav,54914,1.5,5.5,2,8,2,children_playing,4.0,UrbanSound8K/audio/fold8/54914-2-0-3.wav,True
54914-2-0-34.wav,54914,17.0,21.0,2,8,2,children_playing,4.0,UrbanSound8K/audio/fold8/54914-2-0-34.wav,True
54914-2-0-35.wav,54914,17.5,21.5,2,8,2,children_playing,4.0,UrbanSound8K/audio/fold8/54914-2-0-35.wav,True
54914-2-0-48.wav,54914,24.0,28.0,2,8,2,children_playing,4.0,UrbanSound8K/audio/fold8/54914-2-0-48.wav,True
55013-3-0-1.wav,55013,0.5,4.5,2,8,3,dog_bark,4.0,UrbanSound8K/audio/fold8/55013-3-0-1.wav,True
55013-3-0-3.wav,55013,1.5,5.5,2,8,3,dog_bark,4.0,UrbanSound8K/audio/fold8/55013-3-0-3.wav,True
55013-3-0-4.wav,55013,2.0,6.0,2,8,3,dog_bark,4.0,UrbanSound8K/audio/fold8/55013-3-0-4.wav,True
55013-3-0-7.wav,55013,3.5,7.5,2,8,3,dog_bark,4.0,UrbanSound8K/audio/fold8/55013-3-0-7.wav,True
56385-0-0-0.wav,56385,0.0,4.0,2,2,0,air_conditioner,4.0,UrbanSound8K/audio/fold2/56385-0-0-0.wav,True
56385-0-0-1.wav,56385,0.5,4.5,2,2,0,air_conditioner,4.0,UrbanSound8K/audio/fold2/56385-0-0-1.wav,True
56385-0-0-2.wav,56385,1.0,5.0,2,2,0,air_conditioner,4.0,UrbanSound8K/audio/fold2/56385-0-0-2.wav,True
57105-3-0-1.wav,57105,178.952055,182.952055,2,9,3,dog_bark,4.0,UrbanSound8K/audio/fold9/57105-3-0-1.wav,True
57105-3-1-0.wav,57105,232.256082,236.256082,2,9,3,dog_bark,4.0,UrbanSound8K/audio/fold9/57105-3-1-0.wav,True
57105-3-4-2.wav,57105,263.540334,267.540334,2,9,3,dog_bark,4.0,UrbanSound8K/audio/fold9/57105-3-4-2.wav,True
57105-3-4-4.wav,57105,264.540334,268.540334,2,9,3,dog_bark,4.0,UrbanSound8K/audio/fold9/57105-3-4-4.wav,True
57320-0-0-0.wav,57320,0.0,4.0,2,1,0,air_conditioner,4.0,UrbanSound8K/audio/fold1/57320-0-0-0.wav,True
57320-0-0-10.wav,57320,5.0,9.0,2,1,0,air_conditioner,4.0,UrbanSound8K/audio/fold1/57320-0-0-10.wav,True
57320-0-0-11.wav,57320,5.5,9.5,2,1,0,air_conditioner,4.0,UrbanSound8K/audio/fold1/57320-0-0-11.wav,True
57320-0-0-13.wav,57320,6.5,10.5,2,1,0,air_conditioner,4.0,UrbanSound8K/audio/fold1/57320-0-0-13.wav,True
57320-0-0-15.wav,57320,7.5,11.5,2,1,0,air_conditioner,4.0,UrbanSound8K/audio/fold1/57320-0-0-15.wav,True
57320-0-0-21.wav,57320,10.5,14.5,2,1,0,air_conditioner,4.0,UrbanSound8K/audio/fold1/57320-0-0-21.wav,True
57320-0-0-22.wav,57320,11.0,15.0,2,1,0,air_conditioner,4.0,UrbanSound8K/audio/fold1/57320-0-0-22.wav,True
57320-0-0-24.wav,57320,12.0,16.0,2,1,0,air_conditioner,4.0,UrbanSound8K/audio/fold1/57320-0-0-24.wav,True
57320-0-0-27.wav,57320,13.5,17.5,2,1,0,air_conditioner,4.0,UrbanSound8K/audio/fold1/57320-0-0-27.wav,True
57320-0-0-31.wav,57320,15.5,19.5,2,1,0,air_conditioner,4.0,UrbanSound8K/audio/fold1/57320-0-0-31.wav,True
57320-0-0-32.wav,57320,16.0,20.0,2,1,0,air_conditioner,4.0,UrbanSound8K/audio/fold1/57320-0-0-32.wav,True
57320-0-0-33.wav,57320,16.5,20.5,2,1,0,air_conditioner,4.0,UrbanSound8K/audio/fold1/57320-0-0-33.wav,True
57320-0-0-34.wav,57320,17.0,21.0,2,1,0,air_conditioner,4.0,UrbanSound8K/audio/fold1/57320-0-0-34.wav,True
57320-0-0-36.wav,57320,18.0,22.0,2,1,0,air_conditioner,4.0,UrbanSound8K/audio/fold1/57320-0-0-36.wav,True
57320-0-0-37.wav,57320,18.5,22.5,2,1,0,air_conditioner,4.0,UrbanSound8K/audio/fold1/57320-0-0-37.wav,True
57320-0-0-38.wav,57320,19.0,23.0,2,1,0,air_conditioner,4.0,UrbanSound8K/audio/fold1/57320-0-0-38.wav,True
57320-0-0-39.wav,57320,19.5,23.5,2,1,0,air_conditioner,4.0,UrbanSound8K/audio/fold1/57320-0-0-39.wav,True
57320-0-0-4.wav,57320,2.0,6.0,2,1,0,air_conditioner,4.0,UrbanSound8K/audio/fold1/57320-0-0-4.wav,True
57320-0-0-42.wav,57320,21.0,25.0,2,1,0,air_conditioner,4.0,UrbanSound8K/audio/fold1/57320-0-0-42.wav,True
57320-0-0-45.wav,57320,22.5,26.5,2,1,0,air_conditioner,4.0,UrbanSound8K/audio/fold1/57320-0-0-45.wav,True
57320-0-0-5.wav,57320,2.5,6.5,2,1,0,air_conditioner,4.0,UrbanSound8K/audio/fold1/57320-0-0-5.wav,True
57320-0-0-6.wav,57320,3.0,7.0,2,1,0,air_conditioner,4.0,UrbanSound8K/audio/fold1/57320-0-0-6.wav,True
57320-0-0-7.wav,57320,3.5,7.5,2,1,0,air_conditioner,4.0,UrbanSound8K/audio/fold1/57320-0-0-7.wav,True
57320-0-0-9.wav,57320,4.5,8.5,2,1,0,air_conditioner,4.0,UrbanSound8K/audio/fold1/57320-0-0-9.wav,True
57323-8-0-0.wav,57323,11.964873,15.964873,2,7,8,siren,4.0,UrbanSound8K/audio/fold7/57323-8-0-0.wav,True
57323-8-0-1.wav,57323,12.464873,16.464873,2,7,8,siren,4.0,UrbanSound8K/audio/fold7/57323-8-0-1.wav,True
57323-8-0-10.wav,57323,16.964873,20.964873,2,7,8,siren,4.0,UrbanSound8K/audio/fold7/57323-8-0-10.wav,True
57323-8-0-11.wav,57323,17.464873,21.464873,2,7,8,siren,4.0,UrbanSound8K/audio/fold7/57323-8-0-11.wav,True
57323-8-0-2.wav,57323,12.964873,16.964873,2,7,8,siren,4.0,UrbanSound8K/audio/fold7/57323-8-0-2.wav,True
57323-8-0-3.wav,57323,13.464873,17.464873,2,7,8,siren,4.0,UrbanSound8K/audio/fold7/57323-8-0-3.wav,True
57323-8-0-4.wav,57323,13.964873,17.964873,2,7,8,siren,4.0,UrbanSound8K/audio/fold7/57323-8-0-4.wav,True
57323-8-0-5.wav,57323,14.464873,18.464873,2,7,8,siren,4.0,UrbanSound8K/audio/fold7/57323-8-0-5.wav,True
57323-8-0-6.wav,57323,14.964873,18.964873,2,7,8,siren,4.0,UrbanSound8K/audio/fold7/57323-8-0-6.wav,True
57323-8-0-7.wav,57323,15.464873,19.464873,2,7,8,siren,4.0,UrbanSound8K/audio/fold7/57323-8-0-7.wav,True
57323-8-0-8.wav,57323,15.964873,19.964873,2,7,8,siren,4.0,UrbanSound8K/audio/fold7/57323-8-0-8.wav,True
57323-8-0-9.wav,57323,16.464873,20.464873,2,7,8,siren,4.0,UrbanSound8K/audio/fold7/57323-8-0-9.wav,True
57323-8-2-0.wav,57323,47.816987,49.98469,2,7,8,siren,2.167703000000003,UrbanSound8K/audio/fold7/57323-8-2-0.wav,True
57553-3-0-0.wav,57553,0.0,1.715423,2,1,3,dog_bark,1.715423,UrbanSound8K/audio/fold1/57553-3-0-0.wav,True
57553-3-1-0.wav,57553,9.679885,11.932555,2,1,3,dog_bark,2.25267,UrbanSound8K/audio/fold1/57553-3-1-0.wav,True
57553-3-2-0.wav,57553,13.063603,14.279479,2,1,3,dog_bark,1.2158759999999997,UrbanSound8K/audio/fold1/57553-3-2-0.wav,True
57584-4-0-0.wav,57584,0.0,4.0,2,1,4,drilling,4.0,UrbanSound8K/audio/fold1/57584-4-0-0.wav,True
57584-4-0-1.wav,57584,0.5,4.5,2,1,4,drilling,4.0,UrbanSound8K/audio/fold1/57584-4-0-1.wav,True
57584-4-0-2.wav,57584,1.0,5.0,2,1,4,drilling,4.0,UrbanSound8K/audio/fold1/57584-4-0-2.wav,True
57584-4-0-3.wav,57584,1.5,5.5,2,1,4,drilling,4.0,UrbanSound8K/audio/fold1/57584-4-0-3.wav,True
57584-4-0-4.wav,57584,2.0,6.0,2,1,4,drilling,4.0,UrbanSound8K/audio/fold1/57584-4-0-4.wav,True
57584-4-0-5.wav,57584,2.5,6.5,2,1,4,drilling,4.0,UrbanSound8K/audio/fold1/57584-4-0-5.wav,True
57584-4-0-6.wav,57584,3.0,7.0,2,1,4,drilling,4.0,UrbanSound8K/audio/fold1/57584-4-0-6.wav,True
57584-4-0-7.wav,57584,3.5,7.5,2,1,4,drilling,4.0,UrbanSound8K/audio/fold1/57584-4-0-7.wav,True
57584-4-0-8.wav,57584,4.0,8.0,2,1,4,drilling,4.0,UrbanSound8K/audio/fold1/57584-4-0-8.wav,True
57596-3-0-0.wav,57596,0.591383,3.288668,2,7,3,dog_bark,2.697285,UrbanSound8K/audio/fold7/57596-3-0-0.wav,True
57596-3-1-0.wav,57596,5.921045,9.921045,2,7,3,dog_bark,3.999999999999999,UrbanSound8K/audio/fold7/57596-3-1-0.wav,True
57607-1-0-0.wav,57607,9.765042,10.262624,2,6,1,car_horn,0.4975820000000013,UrbanSound8K/audio/fold6/57607-1-0-0.wav,True
58857-2-0-10.wav,58857,5.0,9.0,2,3,2,children_playing,4.0,UrbanSound8K/audio/fold3/58857-2-0-10.wav,True
58857-2-0-12.wav,58857,6.0,10.0,2,3,2,children_playing,4.0,UrbanSound8K/audio/fold3/58857-2-0-12.wav,True
58857-2-0-13.wav,58857,6.5,10.5,2,3,2,children_playing,4.0,UrbanSound8K/audio/fold3/58857-2-0-13.wav,True
58857-2-0-14.wav,58857,7.0,11.0,2,3,2,children_playing,4.0,UrbanSound8K/audio/fold3/58857-2-0-14.wav,True
58857-2-0-16.wav,58857,8.0,12.0,2,3,2,children_playing,4.0,UrbanSound8K/audio/fold3/58857-2-0-16.wav,True
58857-2-0-25.wav,58857,12.5,16.5,2,3,2,children_playing,4.0,UrbanSound8K/audio/fold3/58857-2-0-25.wav,True
58857-2-0-7.wav,58857,3.5,7.5,2,3,2,children_playing,4.0,UrbanSound8K/audio/fold3/58857-2-0-7.wav,True
58857-2-0-8.wav,58857,4.0,8.0,2,3,2,children_playing,4.0,UrbanSound8K/audio/fold3/58857-2-0-8.wav,True
59037-2-0-6.wav,59037,3.0,7.0,2,9,2,children_playing,4.0,UrbanSound8K/audio/fold9/59037-2-0-6.wav,True
59037-2-1-2.wav,59037,24.445803,28.445803,2,9,2,children_playing,4.0,UrbanSound8K/audio/fold9/59037-2-1-2.wav,True
59037-2-1-3.wav,59037,24.945803,28.945803,2,9,2,children_playing,4.0,UrbanSound8K/audio/fold9/59037-2-1-3.wav,True
59037-2-2-0.wav,59037,60.488901,63.030452,2,9,2,children_playing,2.5415509999999983,UrbanSound8K/audio/fold9/59037-2-2-0.wav,True
59037-2-3-0.wav,59037,69.702022,72.434189,2,9,2,children_playing,2.732167000000004,UrbanSound8K/audio/fold9/59037-2-3-0.wav,True
59037-2-4-3.wav,59037,76.094507,80.094507,2,9,2,children_playing,4.0,UrbanSound8K/audio/fold9/59037-2-4-3.wav,True
59037-2-4-5.wav,59037,77.094507,81.094507,2,9,2,children_playing,4.0,UrbanSound8K/audio/fold9/59037-2-4-5.wav,True
59037-2-4-8.wav,59037,78.594507,82.594507,2,9,2,children_playing,4.0,UrbanSound8K/audio/fold9/59037-2-4-8.wav,True
59594-4-0-0.wav,59594,0.0,4.0,2,2,4,drilling,4.0,UrbanSound8K/audio/fold2/59594-4-0-0.wav,True
59594-4-0-1.wav,59594,0.5,4.5,2,2,4,drilling,4.0,UrbanSound8K/audio/fold2/59594-4-0-1.wav,True
59594-4-0-2.wav,59594,1.0,5.0,2,2,4,drilling,4.0,UrbanSound8K/audio/fold2/59594-4-0-2.wav,True
59594-4-0-3.wav,59594,1.5,5.5,2,2,4,drilling,4.0,UrbanSound8K/audio/fold2/59594-4-0-3.wav,True
59594-4-0-4.wav,59594,2.0,6.0,2,2,4,drilling,4.0,UrbanSound8K/audio/fold2/59594-4-0-4.wav,True
59595-4-0-0.wav,59595,45.745538,49.745538,2,8,4,drilling,4.0,UrbanSound8K/audio/fold8/59595-4-0-0.wav,True
59595-4-0-1.wav,59595,46.245538,50.245538,2,8,4,drilling,4.0,UrbanSound8K/audio/fold8/59595-4-0-1.wav,True
61250-3-0-31.wav,61250,15.5,19.5,2,9,3,dog_bark,4.0,UrbanSound8K/audio/fold9/61250-3-0-31.wav,True
61250-3-0-36.wav,61250,18.0,22.0,2,9,3,dog_bark,4.0,UrbanSound8K/audio/fold9/61250-3-0-36.wav,True
61250-3-0-47.wav,61250,23.5,27.5,2,9,3,dog_bark,4.0,UrbanSound8K/audio/fold9/61250-3-0-47.wav,True
61250-3-0-62.wav,61250,31.0,35.0,2,9,3,dog_bark,4.0,UrbanSound8K/audio/fold9/61250-3-0-62.wav,True
61626-9-0-10.wav,61626,5.0,9.0,2,4,9,street_music,4.0,UrbanSound8K/audio/fold4/61626-9-0-10.wav,True
61626-9-0-12.wav,61626,6.0,10.0,2,4,9,street_music,4.0,UrbanSound8K/audio/fold4/61626-9-0-12.wav,True
61626-9-0-2.wav,61626,1.0,5.0,2,4,9,street_music,4.0,UrbanSound8K/audio/fold4/61626-9-0-2.wav,True
61626-9-0-3.wav,61626,1.5,5.5,2,4,9,street_music,4.0,UrbanSound8K/audio/fold4/61626-9-0-3.wav,True
61626-9-0-6.wav,61626,3.0,7.0,2,4,9,street_music,4.0,UrbanSound8K/audio/fold4/61626-9-0-6.wav,True
61626-9-0-7.wav,61626,3.5,7.5,2,4,9,street_music,4.0,UrbanSound8K/audio/fold4/61626-9-0-7.wav,True
63724-0-0-0.wav,63724,0.0,4.0,2,6,0,air_conditioner,4.0,UrbanSound8K/audio/fold6/63724-0-0-0.wav,True
63724-0-0-1.wav,63724,0.5,4.5,2,6,0,air_conditioner,4.0,UrbanSound8K/audio/fold6/63724-0-0-1.wav,True
63724-0-0-10.wav,63724,5.0,9.0,2,6,0,air_conditioner,4.0,UrbanSound8K/audio/fold6/63724-0-0-10.wav,True
63724-0-0-11.wav,63724,5.5,9.5,2,6,0,air_conditioner,4.0,UrbanSound8K/audio/fold6/63724-0-0-11.wav,True
63724-0-0-12.wav,63724,6.0,10.0,2,6,0,air_conditioner,4.0,UrbanSound8K/audio/fold6/63724-0-0-12.wav,True
63724-0-0-13.wav,63724,6.5,10.5,2,6,0,air_conditioner,4.0,UrbanSound8K/audio/fold6/63724-0-0-13.wav,True
63724-0-0-14.wav,63724,7.0,11.0,2,6,0,air_conditioner,4.0,UrbanSound8K/audio/fold6/63724-0-0-14.wav,True
63724-0-0-15.wav,63724,7.5,11.5,2,6,0,air_conditioner,4.0,UrbanSound8K/audio/fold6/63724-0-0-15.wav,True
63724-0-0-16.wav,63724,8.0,12.0,2,6,0,air_conditioner,4.0,UrbanSound8K/audio/fold6/63724-0-0-16.wav,True
63724-0-0-2.wav,63724,1.0,5.0,2,6,0,air_conditioner,4.0,UrbanSound8K/audio/fold6/63724-0-0-2.wav,True
63724-0-0-3.wav,63724,1.5,5.5,2,6,0,air_conditioner,4.0,UrbanSound8K/audio/fold6/63724-0-0-3.wav,True
63724-0-0-4.wav,63724,2.0,6.0,2,6,0,air_conditioner,4.0,UrbanSound8K/audio/fold6/63724-0-0-4.wav,True
63724-0-0-5.wav,63724,2.5,6.5,2,6,0,air_conditioner,4.0,UrbanSound8K/audio/fold6/63724-0-0-5.wav,True
63724-0-0-6.wav,63724,3.0,7.0,2,6,0,air_conditioner,4.0,UrbanSound8K/audio/fold6/63724-0-0-6.wav,True
63724-0-0-7.wav,63724,3.5,7.5,2,6,0,air_conditioner,4.0,UrbanSound8K/audio/fold6/63724-0-0-7.wav,True
63724-0-0-8.wav,63724,4.0,8.0,2,6,0,air_conditioner,4.0,UrbanSound8K/audio/fold6/63724-0-0-8.wav,True
63724-0-0-9.wav,63724,4.5,8.5,2,6,0,air_conditioner,4.0,UrbanSound8K/audio/fold6/63724-0-0-9.wav,True
6508-9-0-1.wav,6508,0.5,4.5,2,5,9,street_music,4.0,UrbanSound8K/audio/fold5/6508-9-0-1.wav,True
6508-9-0-2.wav,6508,1.0,5.0,2,5,9,street_music,4.0,UrbanSound8K/audio/fold5/6508-9-0-2.wav,True
6508-9-0-3.wav,6508,1.5,5.5,2,5,9,street_music,4.0,UrbanSound8K/audio/fold5/6508-9-0-3.wav,True
6508-9-0-4.wav,6508,2.0,6.0,2,5,9,street_music,4.0,UrbanSound8K/audio/fold5/6508-9-0-4.wav,True
6508-9-0-6.wav,6508,3.0,7.0,2,5,9,street_music,4.0,UrbanSound8K/audio/fold5/6508-9-0-6.wav,True
6508-9-1-0.wav,6508,26.081757,30.081757,2,5,9,street_music,4.0,UrbanSound8K/audio/fold5/6508-9-1-0.wav,True
65472-1-0-0.wav,65472,86.356413,87.241771,2,5,1,car_horn,0.8853579999999965,UrbanSound8K/audio/fold5/65472-1-0-0.wav,True
65745-3-0-21.wav,65745,10.5,14.5,2,7,3,dog_bark,4.0,UrbanSound8K/audio/fold7/65745-3-0-21.wav,True
65745-3-0-49.wav,65745,24.5,28.5,2,7,3,dog_bark,4.0,UrbanSound8K/audio/fold7/65745-3-0-49.wav,True
65745-3-0-61.wav,65745,30.5,34.5,2,7,3,dog_bark,4.0,UrbanSound8K/audio/fold7/65745-3-0-61.wav,True
65745-3-0-88.wav,65745,44.0,48.0,2,7,3,dog_bark,4.0,UrbanSound8K/audio/fold7/65745-3-0-88.wav,True
65749-3-1-12.wav,65749,81.445545,85.445545,2,1,3,dog_bark,4.0,UrbanSound8K/audio/fold1/65749-3-1-12.wav,True
65749-3-1-14.wav,65749,82.445545,86.445545,2,1,3,dog_bark,4.0,UrbanSound8K/audio/fold1/65749-3-1-14.wav,True
65749-3-1-24.wav,65749,87.445545,91.445545,2,1,3,dog_bark,4.0,UrbanSound8K/audio/fold1/65749-3-1-24.wav,True
65749-3-1-9.wav,65749,79.945545,83.945545,2,1,3,dog_bark,4.0,UrbanSound8K/audio/fold1/65749-3-1-9.wav,True
65750-3-0-5.wav,65750,252.955446,256.955446,2,3,3,dog_bark,4.0,UrbanSound8K/audio/fold3/65750-3-0-5.wav,True
65750-3-3-48.wav,65750,337.029703,341.029703,2,3,3,dog_bark,4.0,UrbanSound8K/audio/fold3/65750-3-3-48.wav,True
65750-3-3-68.wav,65750,347.029703,351.029703,2,3,3,dog_bark,4.0,UrbanSound8K/audio/fold3/65750-3-3-68.wav,True
65750-3-3-74.wav,65750,350.029703,354.029703,2,3,3,dog_bark,4.0,UrbanSound8K/audio/fold3/65750-3-3-74.wav,True
66000-9-0-0.wav,66000,0.0,4.0,2,6,9,street_music,4.0,UrbanSound8K/audio/fold6/66000-9-0-0.wav,True
66000-9-0-1.wav,66000,0.5,4.5,2,6,9,street_music,4.0,UrbanSound8K/audio/fold6/66000-9-0-1.wav,True
66000-9-0-2.wav,66000,1.0,5.0,2,6,9,street_music,4.0,UrbanSound8K/audio/fold6/66000-9-0-2.wav,True
66000-9-0-3.wav,66000,1.5,5.5,2,6,9,street_music,4.0,UrbanSound8K/audio/fold6/66000-9-0-3.wav,True
66000-9-0-6.wav,66000,3.0,7.0,2,6,9,street_music,4.0,UrbanSound8K/audio/fold6/66000-9-0-6.wav,True
66000-9-0-8.wav,66000,4.0,8.0,2,6,9,street_music,4.0,UrbanSound8K/audio/fold6/66000-9-0-8.wav,True
66115-1-0-0.wav,66115,16.711448,20.711448,2,10,1,car_horn,4.0,UrbanSound8K/audio/fold10/66115-1-0-0.wav,True
66115-1-0-1.wav,66115,17.211448,21.211448,2,10,1,car_horn,4.0,UrbanSound8K/audio/fold10/66115-1-0-1.wav,True
66324-9-0-19.wav,66324,9.5,13.5,2,8,9,street_music,4.0,UrbanSound8K/audio/fold8/66324-9-0-19.wav,True
66324-9-0-30.wav,66324,15.0,19.0,2,8,9,street_music,4.0,UrbanSound8K/audio/fold8/66324-9-0-30.wav,True
66324-9-0-4.wav,66324,2.0,6.0,2,8,9,street_music,4.0,UrbanSound8K/audio/fold8/66324-9-0-4.wav,True
66324-9-0-42.wav,66324,21.0,25.0,2,8,9,street_music,4.0,UrbanSound8K/audio/fold8/66324-9-0-42.wav,True
66324-9-0-53.wav,66324,26.5,30.5,2,8,9,street_music,4.0,UrbanSound8K/audio/fold8/66324-9-0-53.wav,True
66324-9-0-54.wav,66324,27.0,31.0,2,8,9,street_music,4.0,UrbanSound8K/audio/fold8/66324-9-0-54.wav,True
66599-9-0-11.wav,66599,28.483778,32.483778,2,8,9,street_music,4.0,UrbanSound8K/audio/fold8/66599-9-0-11.wav,True
66599-9-0-17.wav,66599,31.483778,35.483778,2,8,9,street_music,4.0,UrbanSound8K/audio/fold8/66599-9-0-17.wav,True
66599-9-1-11.wav,66599,126.663039,130.663039,2,8,9,street_music,4.0,UrbanSound8K/audio/fold8/66599-9-1-11.wav,True
66599-9-1-21.wav,66599,131.663039,135.663039,2,8,9,street_music,4.0,UrbanSound8K/audio/fold8/66599-9-1-21.wav,True
66599-9-1-23.wav,66599,132.663039,136.663039,2,8,9,street_music,4.0,UrbanSound8K/audio/fold8/66599-9-1-23.wav,True
66599-9-1-4.wav,66599,123.163039,127.163039,2,8,9,street_music,4.0,UrbanSound8K/audio/fold8/66599-9-1-4.wav,True
66601-8-0-0.wav,66601,71.060543,75.060543,2,9,8,siren,4.0,UrbanSound8K/audio/fold9/66601-8-0-0.wav,True
66601-8-0-1.wav,66601,71.560543,75.560543,2,9,8,siren,4.0,UrbanSound8K/audio/fold9/66601-8-0-1.wav,True
66601-8-0-2.wav,66601,72.060543,76.060543,2,9,8,siren,4.0,UrbanSound8K/audio/fold9/66601-8-0-2.wav,True
66601-8-0-3.wav,66601,72.560543,76.560543,2,9,8,siren,4.0,UrbanSound8K/audio/fold9/66601-8-0-3.wav,True
66601-8-0-4.wav,66601,73.060543,77.060543,2,9,8,siren,4.0,UrbanSound8K/audio/fold9/66601-8-0-4.wav,True
66601-8-0-5.wav,66601,73.560543,77.560543,2,9,8,siren,4.0,UrbanSound8K/audio/fold9/66601-8-0-5.wav,True
66619-2-0-0.wav,66619,18.004678,22.004678,2,7,2,children_playing,4.0,UrbanSound8K/audio/fold7/66619-2-0-0.wav,True
66619-2-0-1.wav,66619,18.504678,22.504678,2,7,2,children_playing,4.0,UrbanSound8K/audio/fold7/66619-2-0-1.wav,True
66619-2-0-11.wav,66619,23.504678,27.504678,2,7,2,children_playing,4.0,UrbanSound8K/audio/fold7/66619-2-0-11.wav,True
66619-2-0-18.wav,66619,27.004678,31.004678,2,7,2,children_playing,4.0,UrbanSound8K/audio/fold7/66619-2-0-18.wav,True
66619-2-0-22.wav,66619,29.004678,33.004678,2,7,2,children_playing,4.0,UrbanSound8K/audio/fold7/66619-2-0-22.wav,True
66619-2-0-5.wav,66619,20.504678,24.504678,2,7,2,children_playing,4.0,UrbanSound8K/audio/fold7/66619-2-0-5.wav,True
66619-2-0-6.wav,66619,21.004678,25.004678,2,7,2,children_playing,4.0,UrbanSound8K/audio/fold7/66619-2-0-6.wav,True
66619-2-0-7.wav,66619,21.504678,25.504678,2,7,2,children_playing,4.0,UrbanSound8K/audio/fold7/66619-2-0-7.wav,True
66996-8-1-0.wav,66996,26.12152,30.12152,2,2,8,siren,4.0,UrbanSound8K/audio/fold2/66996-8-1-0.wav,True
66996-8-3-0.wav,66996,35.6242,39.6242,2,2,8,siren,4.0,UrbanSound8K/audio/fold2/66996-8-3-0.wav,True
68657-1-0-0.wav,68657,0.104608,0.853333,2,6,1,car_horn,0.748725,UrbanSound8K/audio/fold6/68657-1-0-0.wav,True
69304-9-0-0.wav,69304,0.0,4.0,2,1,9,street_music,4.0,UrbanSound8K/audio/fold1/69304-9-0-0.wav,True
69304-9-0-12.wav,69304,6.0,10.0,2,1,9,street_music,4.0,UrbanSound8K/audio/fold1/69304-9-0-12.wav,True
69304-9-0-14.wav,69304,7.0,11.0,2,1,9,street_music,4.0,UrbanSound8K/audio/fold1/69304-9-0-14.wav,True
69304-9-0-15.wav,69304,7.5,11.5,2,1,9,street_music,4.0,UrbanSound8K/audio/fold1/69304-9-0-15.wav,True
69304-9-0-6.wav,69304,3.0,7.0,2,1,9,street_music,4.0,UrbanSound8K/audio/fold1/69304-9-0-6.wav,True
69304-9-0-7.wav,69304,3.5,7.5,2,1,9,street_music,4.0,UrbanSound8K/audio/fold1/69304-9-0-7.wav,True
69598-4-1-0.wav,69598,11.543454,15.488685,2,3,4,drilling,3.9452309999999997,UrbanSound8K/audio/fold3/69598-4-1-0.wav,True
69598-4-2-0.wav,69598,19.920982,23.920982,2,3,4,drilling,4.0,UrbanSound8K/audio/fold3/69598-4-2-0.wav,True
69598-4-2-1.wav,69598,20.420982,24.420982,2,3,4,drilling,4.0,UrbanSound8K/audio/fold3/69598-4-2-1.wav,True
69598-4-3-0.wav,69598,29.077814,33.077814000000004,2,3,4,drilling,4.0000000000000036,UrbanSound8K/audio/fold3/69598-4-3-0.wav,True
69598-4-4-0.wav,69598,34.776481,36.383798,2,3,4,drilling,1.6073170000000019,UrbanSound8K/audio/fold3/69598-4-4-0.wav,True
69777-3-0-0.wav,69777,0.0,4.0,2,9,3,dog_bark,4.0,UrbanSound8K/audio/fold9/69777-3-0-0.wav,True
69777-3-0-1.wav,69777,0.5,4.5,2,9,3,dog_bark,4.0,UrbanSound8K/audio/fold9/69777-3-0-1.wav,True
69777-3-0-2.wav,69777,1.0,5.0,2,9,3,dog_bark,4.0,UrbanSound8K/audio/fold9/69777-3-0-2.wav,True
6984-1-0-0.wav,6984,6.005781,6.444256,2,8,1,car_horn,0.4384750000000004,UrbanSound8K/audio/fold8/6984-1-0-0.wav,True
69883-3-0-20.wav,69883,11.679208,15.679208,2,2,3,dog_bark,4.0,UrbanSound8K/audio/fold2/69883-3-0-20.wav,True
69883-3-0-5.wav,69883,4.179208,8.179208,2,2,3,dog_bark,3.999999999999999,UrbanSound8K/audio/fold2/69883-3-0-5.wav,True
69883-3-0-9.wav,69883,6.179208,10.179208,2,2,3,dog_bark,3.999999999999999,UrbanSound8K/audio/fold2/69883-3-0-9.wav,True
70168-3-1-11.wav,70168,23.130393,27.130393,2,8,3,dog_bark,4.0,UrbanSound8K/audio/fold8/70168-3-1-11.wav,True
70168-3-1-13.wav,70168,24.130393,28.130393,2,8,3,dog_bark,4.0,UrbanSound8K/audio/fold8/70168-3-1-13.wav,True
70168-3-1-20.wav,70168,27.630393,31.630393,2,8,3,dog_bark,4.0,UrbanSound8K/audio/fold8/70168-3-1-20.wav,True
70168-3-1-24.wav,70168,29.630393,33.630393,2,8,3,dog_bark,3.9999999999999964,UrbanSound8K/audio/fold8/70168-3-1-24.wav,True
70740-8-0-0.wav,70740,0.902461,1.879328,2,6,8,siren,0.9768670000000002,UrbanSound8K/audio/fold6/70740-8-0-0.wav,True
71173-2-0-103.wav,71173,51.5,55.5,2,5,2,children_playing,4.0,UrbanSound8K/audio/fold5/71173-2-0-103.wav,True
71173-2-0-13.wav,71173,6.5,10.5,2,5,2,children_playing,4.0,UrbanSound8K/audio/fold5/71173-2-0-13.wav,True
71173-2-0-17.wav,71173,8.5,12.5,2,5,2,children_playing,4.0,UrbanSound8K/audio/fold5/71173-2-0-17.wav,True
71173-2-0-21.wav,71173,10.5,14.5,2,5,2,children_playing,4.0,UrbanSound8K/audio/fold5/71173-2-0-21.wav,True
71173-2-0-24.wav,71173,12.0,16.0,2,5,2,children_playing,4.0,UrbanSound8K/audio/fold5/71173-2-0-24.wav,True
71173-2-0-69.wav,71173,34.5,38.5,2,5,2,children_playing,4.0,UrbanSound8K/audio/fold5/71173-2-0-69.wav,True
71173-2-0-71.wav,71173,35.5,39.5,2,5,2,children_playing,4.0,UrbanSound8K/audio/fold5/71173-2-0-71.wav,True
71173-2-0-88.wav,71173,44.0,48.0,2,5,2,children_playing,4.0,UrbanSound8K/audio/fold5/71173-2-0-88.wav,True
71177-8-0-0.wav,71177,4.013035,8.013035,2,8,8,siren,4.0,UrbanSound8K/audio/fold8/71177-8-0-0.wav,True
71177-8-0-1.wav,71177,4.513035,8.513035,2,8,8,siren,4.0,UrbanSound8K/audio/fold8/71177-8-0-1.wav,True
71177-8-2-0.wav,71177,24.471943,28.471943,2,8,8,siren,4.0,UrbanSound8K/audio/fold8/71177-8-2-0.wav,True
71177-8-2-1.wav,71177,24.971943,28.971943,2,8,8,siren,4.0,UrbanSound8K/audio/fold8/71177-8-2-1.wav,True
71309-1-0-0.wav,71309,0.406025,4.406025,2,8,1,car_horn,3.9999999999999996,UrbanSound8K/audio/fold8/71309-1-0-0.wav,True
71309-1-0-1.wav,71309,0.906025,4.906025,2,8,1,car_horn,3.9999999999999996,UrbanSound8K/audio/fold8/71309-1-0-1.wav,True
71309-1-0-2.wav,71309,1.406025,5.406025,2,8,1,car_horn,3.9999999999999996,UrbanSound8K/audio/fold8/71309-1-0-2.wav,True
71309-1-0-3.wav,71309,1.906025,5.906025,2,8,1,car_horn,3.9999999999999996,UrbanSound8K/audio/fold8/71309-1-0-3.wav,True
71309-1-0-4.wav,71309,2.406025,6.406025,2,8,1,car_horn,3.9999999999999996,UrbanSound8K/audio/fold8/71309-1-0-4.wav,True
71309-1-0-5.wav,71309,2.906025,6.906025,2,8,1,car_horn,3.9999999999999996,UrbanSound8K/audio/fold8/71309-1-0-5.wav,True
71309-1-0-6.wav,71309,3.406025,7.406025,2,8,1,car_horn,3.9999999999999996,UrbanSound8K/audio/fold8/71309-1-0-6.wav,True
71309-1-0-7.wav,71309,3.906025,7.906025,2,8,1,car_horn,3.9999999999999996,UrbanSound8K/audio/fold8/71309-1-0-7.wav,True
71309-1-0-8.wav,71309,4.406025,8.406025,2,8,1,car_horn,4.0,UrbanSound8K/audio/fold8/71309-1-0-8.wav,True
71309-1-1-0.wav,71309,38.797915,39.249054,2,8,1,car_horn,0.45113899999999774,UrbanSound8K/audio/fold8/71309-1-1-0.wav,True
71309-1-2-0.wav,71309,45.51988,45.835677,2,8,1,car_horn,0.31579699999999633,UrbanSound8K/audio/fold8/71309-1-2-0.wav,True
71312-3-0-1.wav,71312,134.87905,138.87905,2,10,3,dog_bark,4.0,UrbanSound8K/audio/fold10/71312-3-0-1.wav,True
71312-3-0-2.wav,71312,135.37905,139.37905,2,10,3,dog_bark,4.0,UrbanSound8K/audio/fold10/71312-3-0-2.wav,True
71312-3-0-4.wav,71312,136.37905,140.37905,2,10,3,dog_bark,4.0,UrbanSound8K/audio/fold10/71312-3-0-4.wav,True
71312-3-0-5.wav,71312,136.87905,140.87905,2,10,3,dog_bark,4.0,UrbanSound8K/audio/fold10/71312-3-0-5.wav,True
71439-1-2-0.wav,71439,55.904472,56.837942,2,5,1,car_horn,0.9334699999999998,UrbanSound8K/audio/fold5/71439-1-2-0.wav,True
71439-1-3-0.wav,71439,58.255433,58.808601,2,5,1,car_horn,0.5531680000000065,UrbanSound8K/audio/fold5/71439-1-3-0.wav,True
71700-3-3-2.wav,71700,105.504191,109.504191,2,8,3,dog_bark,4.0,UrbanSound8K/audio/fold8/71700-3-3-2.wav,True
71700-3-4-0.wav,71700,129.865574,133.865574,2,8,3,dog_bark,4.0,UrbanSound8K/audio/fold8/71700-3-4-0.wav,True
71700-3-4-1.wav,71700,130.365574,134.365574,2,8,3,dog_bark,4.0,UrbanSound8K/audio/fold8/71700-3-4-1.wav,True
71700-3-4-3.wav,71700,131.365574,135.365574,2,8,3,dog_bark,4.0,UrbanSound8K/audio/fold8/71700-3-4-3.wav,True
72015-2-0-0.wav,72015,0.0,4.0,2,8,2,children_playing,4.0,UrbanSound8K/audio/fold8/72015-2-0-0.wav,True
72015-2-0-1.wav,72015,0.5,4.5,2,8,2,children_playing,4.0,UrbanSound8K/audio/fold8/72015-2-0-1.wav,True
72015-2-0-2.wav,72015,1.0,5.0,2,8,2,children_playing,4.0,UrbanSound8K/audio/fold8/72015-2-0-2.wav,True
72015-2-0-3.wav,72015,1.5,5.5,2,8,2,children_playing,4.0,UrbanSound8K/audio/fold8/72015-2-0-3.wav,True
72015-2-0-4.wav,72015,2.0,6.0,2,8,2,children_playing,4.0,UrbanSound8K/audio/fold8/72015-2-0-4.wav,True
72015-2-0-5.wav,72015,2.5,6.5,2,8,2,children_playing,4.0,UrbanSound8K/audio/fold8/72015-2-0-5.wav,True
72220-3-0-0.wav,72220,5.444078,8.489071,2,10,3,dog_bark,3.044992999999999,UrbanSound8K/audio/fold10/72220-3-0-0.wav,True
72220-3-2-2.wav,72220,29.733661,33.733661,2,10,3,dog_bark,3.9999999999999964,UrbanSound8K/audio/fold10/72220-3-2-2.wav,True
72220-3-2-3.wav,72220,30.233661,34.233661,2,10,3,dog_bark,3.9999999999999964,UrbanSound8K/audio/fold10/72220-3-2-3.wav,True
72220-3-2-4.wav,72220,30.733661,34.733661,2,10,3,dog_bark,3.9999999999999964,UrbanSound8K/audio/fold10/72220-3-2-4.wav,True
72221-3-1-0.wav,72221,66.415842,70.415842,2,8,3,dog_bark,4.0,UrbanSound8K/audio/fold8/72221-3-1-0.wav,True
72221-3-4-1.wav,72221,141.054455,145.054455,2,8,3,dog_bark,4.0,UrbanSound8K/audio/fold8/72221-3-4-1.wav,True
72221-3-4-5.wav,72221,143.054455,147.054455,2,8,3,dog_bark,4.0,UrbanSound8K/audio/fold8/72221-3-4-5.wav,True
72221-3-4-7.wav,72221,144.054455,148.054455,2,8,3,dog_bark,4.0,UrbanSound8K/audio/fold8/72221-3-4-7.wav,True
72259-1-0-0.wav,72259,0.0,4.0,2,5,1,car_horn,4.0,UrbanSound8K/audio/fold5/72259-1-0-0.wav,True
72259-1-0-1.wav,72259,0.5,4.5,2,5,1,car_horn,4.0,UrbanSound8K/audio/fold5/72259-1-0-1.wav,True
72259-1-0-2.wav,72259,1.0,5.0,2,5,1,car_horn,4.0,UrbanSound8K/audio/fold5/72259-1-0-2.wav,True
72259-1-0-3.wav,72259,1.5,5.5,2,5,1,car_horn,4.0,UrbanSound8K/audio/fold5/72259-1-0-3.wav,True
72259-1-0-4.wav,72259,2.0,6.0,2,5,1,car_horn,4.0,UrbanSound8K/audio/fold5/72259-1-0-4.wav,True
72259-1-0-5.wav,72259,2.5,6.5,2,5,1,car_horn,4.0,UrbanSound8K/audio/fold5/72259-1-0-5.wav,True
72259-1-1-0.wav,72259,19.211964,22.982537,2,5,1,car_horn,3.7705730000000024,UrbanSound8K/audio/fold5/72259-1-1-0.wav,True
72259-1-10-0.wav,72259,268.249294,272.249294,2,5,1,car_horn,4.0,UrbanSound8K/audio/fold5/72259-1-10-0.wav,True
72259-1-10-1.wav,72259,268.749294,272.749294,2,5,1,car_horn,4.0,UrbanSound8K/audio/fold5/72259-1-10-1.wav,True
72259-1-10-10.wav,72259,273.249294,277.249294,2,5,1,car_horn,4.0,UrbanSound8K/audio/fold5/72259-1-10-10.wav,True
72259-1-10-11.wav,72259,273.749294,277.749294,2,5,1,car_horn,4.0,UrbanSound8K/audio/fold5/72259-1-10-11.wav,True
72259-1-10-12.wav,72259,274.249294,278.249294,2,5,1,car_horn,4.0,UrbanSound8K/audio/fold5/72259-1-10-12.wav,True
72259-1-10-13.wav,72259,274.749294,278.749294,2,5,1,car_horn,4.0,UrbanSound8K/audio/fold5/72259-1-10-13.wav,True
72259-1-10-14.wav,72259,275.249294,279.249294,2,5,1,car_horn,4.0,UrbanSound8K/audio/fold5/72259-1-10-14.wav,True
72259-1-10-2.wav,72259,269.249294,273.249294,2,5,1,car_horn,4.0,UrbanSound8K/audio/fold5/72259-1-10-2.wav,True
72259-1-10-3.wav,72259,269.749294,273.749294,2,5,1,car_horn,4.0,UrbanSound8K/audio/fold5/72259-1-10-3.wav,True
72259-1-10-4.wav,72259,270.249294,274.249294,2,5,1,car_horn,4.0,UrbanSound8K/audio/fold5/72259-1-10-4.wav,True
72259-1-10-5.wav,72259,270.749294,274.749294,2,5,1,car_horn,4.0,UrbanSound8K/audio/fold5/72259-1-10-5.wav,True
72259-1-10-6.wav,72259,271.249294,275.249294,2,5,1,car_horn,4.0,UrbanSound8K/audio/fold5/72259-1-10-6.wav,True
72259-1-10-7.wav,72259,271.749294,275.749294,2,5,1,car_horn,4.0,UrbanSound8K/audio/fold5/72259-1-10-7.wav,True
72259-1-10-8.wav,72259,272.249294,276.249294,2,5,1,car_horn,4.0,UrbanSound8K/audio/fold5/72259-1-10-8.wav,True
72259-1-10-9.wav,72259,272.749294,276.749294,2,5,1,car_horn,4.0,UrbanSound8K/audio/fold5/72259-1-10-9.wav,True
72259-1-2-0.wav,72259,44.887767,48.119686,2,5,1,car_horn,3.231919000000005,UrbanSound8K/audio/fold5/72259-1-2-0.wav,True
72259-1-3-0.wav,72259,51.710707,55.660831,2,5,1,car_horn,3.9501240000000024,UrbanSound8K/audio/fold5/72259-1-3-0.wav,True
72259-1-5-0.wav,72259,116.528642,120.528642,2,5,1,car_horn,4.0,UrbanSound8K/audio/fold5/72259-1-5-0.wav,True
72259-1-5-1.wav,72259,117.028642,121.028642,2,5,1,car_horn,4.0,UrbanSound8K/audio/fold5/72259-1-5-1.wav,True
72259-1-5-2.wav,72259,117.528642,121.528642,2,5,1,car_horn,4.0,UrbanSound8K/audio/fold5/72259-1-5-2.wav,True
72259-1-5-3.wav,72259,118.028642,122.028642,2,5,1,car_horn,4.0,UrbanSound8K/audio/fold5/72259-1-5-3.wav,True
72259-1-5-4.wav,72259,118.528642,122.528642,2,5,1,car_horn,4.0,UrbanSound8K/audio/fold5/72259-1-5-4.wav,True
72259-1-6-0.wav,72259,132.867789,136.867789,2,5,1,car_horn,4.0,UrbanSound8K/audio/fold5/72259-1-6-0.wav,True
72259-1-6-1.wav,72259,133.367789,137.367789,2,5,1,car_horn,4.0,UrbanSound8K/audio/fold5/72259-1-6-1.wav,True
72259-1-7-0.wav,72259,143.281751,147.281751,2,5,1,car_horn,4.0,UrbanSound8K/audio/fold5/72259-1-7-0.wav,True
72259-1-7-1.wav,72259,143.781751,147.781751,2,5,1,car_horn,4.0,UrbanSound8K/audio/fold5/72259-1-7-1.wav,True
72259-1-7-10.wav,72259,148.281751,152.281751,2,5,1,car_horn,4.0,UrbanSound8K/audio/fold5/72259-1-7-10.wav,True
72259-1-7-11.wav,72259,148.781751,152.781751,2,5,1,car_horn,4.0,UrbanSound8K/audio/fold5/72259-1-7-11.wav,True
72259-1-7-12.wav,72259,149.281751,153.281751,2,5,1,car_horn,4.0,UrbanSound8K/audio/fold5/72259-1-7-12.wav,True
72259-1-7-13.wav,72259,149.781751,153.781751,2,5,1,car_horn,4.0,UrbanSound8K/audio/fold5/72259-1-7-13.wav,True
72259-1-7-14.wav,72259,150.281751,154.281751,2,5,1,car_horn,4.0,UrbanSound8K/audio/fold5/72259-1-7-14.wav,True
72259-1-7-15.wav,72259,150.781751,154.781751,2,5,1,car_horn,4.0,UrbanSound8K/audio/fold5/72259-1-7-15.wav,True
72259-1-7-16.wav,72259,151.281751,155.281751,2,5,1,car_horn,4.0,UrbanSound8K/audio/fold5/72259-1-7-16.wav,True
72259-1-7-17.wav,72259,151.781751,155.781751,2,5,1,car_horn,4.0,UrbanSound8K/audio/fold5/72259-1-7-17.wav,True
72259-1-7-18.wav,72259,152.281751,156.281751,2,5,1,car_horn,4.0,UrbanSound8K/audio/fold5/72259-1-7-18.wav,True
72259-1-7-19.wav,72259,152.781751,156.781751,2,5,1,car_horn,4.0,UrbanSound8K/audio/fold5/72259-1-7-19.wav,True
72259-1-7-2.wav,72259,144.281751,148.281751,2,5,1,car_horn,4.0,UrbanSound8K/audio/fold5/72259-1-7-2.wav,True
72259-1-7-20.wav,72259,153.281751,157.281751,2,5,1,car_horn,4.0,UrbanSound8K/audio/fold5/72259-1-7-20.wav,True
72259-1-7-21.wav,72259,153.781751,157.781751,2,5,1,car_horn,4.0,UrbanSound8K/audio/fold5/72259-1-7-21.wav,True
72259-1-7-22.wav,72259,154.281751,158.281751,2,5,1,car_horn,4.0,UrbanSound8K/audio/fold5/72259-1-7-22.wav,True
72259-1-7-3.wav,72259,144.781751,148.781751,2,5,1,car_horn,4.0,UrbanSound8K/audio/fold5/72259-1-7-3.wav,True
72259-1-7-4.wav,72259,145.281751,149.281751,2,5,1,car_horn,4.0,UrbanSound8K/audio/fold5/72259-1-7-4.wav,True
72259-1-7-5.wav,72259,145.781751,149.781751,2,5,1,car_horn,4.0,UrbanSound8K/audio/fold5/72259-1-7-5.wav,True
72259-1-7-6.wav,72259,146.281751,150.281751,2,5,1,car_horn,4.0,UrbanSound8K/audio/fold5/72259-1-7-6.wav,True
72259-1-7-7.wav,72259,146.781751,150.781751,2,5,1,car_horn,4.0,UrbanSound8K/audio/fold5/72259-1-7-7.wav,True
72259-1-7-8.wav,72259,147.281751,151.281751,2,5,1,car_horn,4.0,UrbanSound8K/audio/fold5/72259-1-7-8.wav,True
72259-1-7-9.wav,72259,147.781751,151.781751,2,5,1,car_horn,4.0,UrbanSound8K/audio/fold5/72259-1-7-9.wav,True
72259-1-8-0.wav,72259,201.635848,205.585971,2,5,1,car_horn,3.9501229999999907,UrbanSound8K/audio/fold5/72259-1-8-0.wav,True
72259-1-9-0.wav,72259,224.438833,228.438833,2,5,1,car_horn,4.0,UrbanSound8K/audio/fold5/72259-1-9-0.wav,True
72259-1-9-1.wav,72259,224.938833,228.938833,2,5,1,car_horn,4.0,UrbanSound8K/audio/fold5/72259-1-9-1.wav,True
72259-1-9-10.wav,72259,229.438833,233.438833,2,5,1,car_horn,4.0,UrbanSound8K/audio/fold5/72259-1-9-10.wav,True
72259-1-9-11.wav,72259,229.938833,233.938833,2,5,1,car_horn,4.0,UrbanSound8K/audio/fold5/72259-1-9-11.wav,True
72259-1-9-12.wav,72259,230.438833,234.438833,2,5,1,car_horn,4.0,UrbanSound8K/audio/fold5/72259-1-9-12.wav,True
72259-1-9-13.wav,72259,230.938833,234.938833,2,5,1,car_horn,4.0,UrbanSound8K/audio/fold5/72259-1-9-13.wav,True
72259-1-9-14.wav,72259,231.438833,235.438833,2,5,1,car_horn,4.0,UrbanSound8K/audio/fold5/72259-1-9-14.wav,True
72259-1-9-15.wav,72259,231.938833,235.938833,2,5,1,car_horn,4.0,UrbanSound8K/audio/fold5/72259-1-9-15.wav,True
72259-1-9-16.wav,72259,232.438833,236.438833,2,5,1,car_horn,4.0,UrbanSound8K/audio/fold5/72259-1-9-16.wav,True
72259-1-9-17.wav,72259,232.938833,236.938833,2,5,1,car_horn,4.0,UrbanSound8K/audio/fold5/72259-1-9-17.wav,True
72259-1-9-2.wav,72259,225.438833,229.438833,2,5,1,car_horn,4.0,UrbanSound8K/audio/fold5/72259-1-9-2.wav,True
72259-1-9-3.wav,72259,225.938833,229.938833,2,5,1,car_horn,4.0,UrbanSound8K/audio/fold5/72259-1-9-3.wav,True
72259-1-9-4.wav,72259,226.438833,230.438833,2,5,1,car_horn,4.0,UrbanSound8K/audio/fold5/72259-1-9-4.wav,True
72259-1-9-5.wav,72259,226.938833,230.938833,2,5,1,car_horn,4.0,UrbanSound8K/audio/fold5/72259-1-9-5.wav,True
72259-1-9-6.wav,72259,227.438833,231.438833,2,5,1,car_horn,4.0,UrbanSound8K/audio/fold5/72259-1-9-6.wav,True
72259-1-9-7.wav,72259,227.938833,231.938833,2,5,1,car_horn,4.0,UrbanSound8K/audio/fold5/72259-1-9-7.wav,True
72259-1-9-8.wav,72259,228.438833,232.438833,2,5,1,car_horn,4.0,UrbanSound8K/audio/fold5/72259-1-9-8.wav,True
72259-1-9-9.wav,72259,228.938833,232.938833,2,5,1,car_horn,4.0,UrbanSound8K/audio/fold5/72259-1-9-9.wav,True
72265-3-15-0.wav,72265,171.627883,174.899768,2,9,3,dog_bark,3.2718849999999975,UrbanSound8K/audio/fold9/72265-3-15-0.wav,True
72265-3-4-0.wav,72265,31.024479,33.127833,2,9,3,dog_bark,2.103354000000003,UrbanSound8K/audio/fold9/72265-3-4-0.wav,True
72265-3-5-0.wav,72265,37.130049,40.226654,2,9,3,dog_bark,3.096605000000004,UrbanSound8K/audio/fold9/72265-3-5-0.wav,True
72265-3-7-0.wav,72265,72.974715,76.974715,2,9,3,dog_bark,4.0,UrbanSound8K/audio/fold9/72265-3-7-0.wav,True
72567-1-0-0.wav,72567,0.0,4.0,2,2,1,car_horn,4.0,UrbanSound8K/audio/fold2/72567-1-0-0.wav,True
72567-1-0-1.wav,72567,0.5,4.5,2,2,1,car_horn,4.0,UrbanSound8K/audio/fold2/72567-1-0-1.wav,True
72567-1-1-0.wav,72567,12.731619,15.941728,2,2,1,car_horn,3.210108999999999,UrbanSound8K/audio/fold2/72567-1-1-0.wav,True
72567-1-2-0.wav,72567,32.753993,36.753993,2,2,1,car_horn,4.0,UrbanSound8K/audio/fold2/72567-1-2-0.wav,True
72567-1-2-1.wav,72567,33.253993,37.253993,2,2,1,car_horn,4.0,UrbanSound8K/audio/fold2/72567-1-2-1.wav,True
72567-1-2-2.wav,72567,33.753993,37.753993,2,2,1,car_horn,4.0,UrbanSound8K/audio/fold2/72567-1-2-2.wav,True
72567-1-2-3.wav,72567,34.253993,38.253993,2,2,1,car_horn,4.0,UrbanSound8K/audio/fold2/72567-1-2-3.wav,True
72567-1-2-4.wav,72567,34.753993,38.753993,2,2,1,car_horn,4.0,UrbanSound8K/audio/fold2/72567-1-2-4.wav,True
72567-1-2-5.wav,72567,35.253993,39.253993,2,2,1,car_horn,4.0,UrbanSound8K/audio/fold2/72567-1-2-5.wav,True
72567-1-3-0.wav,72567,49.13099,50.273571,2,2,1,car_horn,1.1425809999999998,UrbanSound8K/audio/fold2/72567-1-3-0.wav,True
72567-1-4-0.wav,72567,54.68067,58.68067,2,2,1,car_horn,4.0,UrbanSound8K/audio/fold2/72567-1-4-0.wav,True
72567-1-4-1.wav,72567,55.18067,59.18067,2,2,1,car_horn,4.0,UrbanSound8K/audio/fold2/72567-1-4-1.wav,True
72567-1-4-2.wav,72567,55.68067,59.68067,2,2,1,car_horn,4.0,UrbanSound8K/audio/fold2/72567-1-4-2.wav,True
72567-1-4-3.wav,72567,56.18067,60.18067,2,2,1,car_horn,4.0,UrbanSound8K/audio/fold2/72567-1-4-3.wav,True
72567-1-4-4.wav,72567,56.68067,60.68067,2,2,1,car_horn,4.0,UrbanSound8K/audio/fold2/72567-1-4-4.wav,True
72567-1-4-5.wav,72567,57.18067,61.18067,2,2,1,car_horn,4.0,UrbanSound8K/audio/fold2/72567-1-4-5.wav,True
72567-1-4-6.wav,72567,57.68067,61.68067,2,2,1,car_horn,4.0,UrbanSound8K/audio/fold2/72567-1-4-6.wav,True
72567-1-4-7.wav,72567,58.18067,62.18067,2,2,1,car_horn,4.0,UrbanSound8K/audio/fold2/72567-1-4-7.wav,True
72567-1-5-0.wav,72567,77.64111,81.61294,2,2,1,car_horn,3.971829999999997,UrbanSound8K/audio/fold2/72567-1-5-0.wav,True
7389-1-0-0.wav,7389,0.0,4.0,2,4,1,car_horn,4.0,UrbanSound8K/audio/fold4/7389-1-0-0.wav,True
7389-1-0-1.wav,7389,0.5,4.5,2,4,1,car_horn,4.0,UrbanSound8K/audio/fold4/7389-1-0-1.wav,True
7389-1-0-2.wav,7389,1.0,5.0,2,4,1,car_horn,4.0,UrbanSound8K/audio/fold4/7389-1-0-2.wav,True
7389-1-0-3.wav,7389,1.5,5.5,2,4,1,car_horn,4.0,UrbanSound8K/audio/fold4/7389-1-0-3.wav,True
7389-1-0-4.wav,7389,2.0,6.0,2,4,1,car_horn,4.0,UrbanSound8K/audio/fold4/7389-1-0-4.wav,True
7389-1-0-5.wav,7389,2.5,6.5,2,4,1,car_horn,4.0,UrbanSound8K/audio/fold4/7389-1-0-5.wav,True
7389-1-0-6.wav,7389,3.0,7.0,2,4,1,car_horn,4.0,UrbanSound8K/audio/fold4/7389-1-0-6.wav,True
7389-1-0-7.wav,7389,3.5,7.5,2,4,1,car_horn,4.0,UrbanSound8K/audio/fold4/7389-1-0-7.wav,True
7389-1-1-0.wav,7389,68.122848,72.027979,2,4,1,car_horn,3.9051309999999972,UrbanSound8K/audio/fold4/7389-1-1-0.wav,True
7389-1-2-0.wav,7389,78.753483,82.753483,2,4,1,car_horn,4.0,UrbanSound8K/audio/fold4/7389-1-2-0.wav,True
7389-1-2-1.wav,7389,79.253483,83.253483,2,4,1,car_horn,4.0,UrbanSound8K/audio/fold4/7389-1-2-1.wav,True
7389-1-2-2.wav,7389,79.753483,83.753483,2,4,1,car_horn,4.0,UrbanSound8K/audio/fold4/7389-1-2-2.wav,True
7389-1-2-3.wav,7389,80.253483,84.253483,2,4,1,car_horn,4.0,UrbanSound8K/audio/fold4/7389-1-2-3.wav,True
7389-1-3-0.wav,7389,96.109623,100.109623,2,4,1,car_horn,4.0,UrbanSound8K/audio/fold4/7389-1-3-0.wav,True
7389-1-3-1.wav,7389,96.609623,100.609623,2,4,1,car_horn,4.0,UrbanSound8K/audio/fold4/7389-1-3-1.wav,True
7389-1-3-2.wav,7389,97.109623,101.109623,2,4,1,car_horn,4.0,UrbanSound8K/audio/fold4/7389-1-3-2.wav,True
7389-1-3-3.wav,7389,97.609623,101.609623,2,4,1,car_horn,4.0,UrbanSound8K/audio/fold4/7389-1-3-3.wav,True
7389-1-3-4.wav,7389,98.109623,102.109623,2,4,1,car_horn,4.0,UrbanSound8K/audio/fold4/7389-1-3-4.wav,True
7389-1-3-5.wav,7389,98.609623,102.609623,2,4,1,car_horn,4.0,UrbanSound8K/audio/fold4/7389-1-3-5.wav,True
7389-1-4-0.wav,7389,160.761242,164.761242,2,4,1,car_horn,4.0,UrbanSound8K/audio/fold4/7389-1-4-0.wav,True
7389-1-4-1.wav,7389,161.261242,165.261242,2,4,1,car_horn,4.0,UrbanSound8K/audio/fold4/7389-1-4-1.wav,True
7389-1-4-10.wav,7389,165.761242,169.761242,2,4,1,car_horn,4.0,UrbanSound8K/audio/fold4/7389-1-4-10.wav,True
7389-1-4-11.wav,7389,166.261242,170.261242,2,4,1,car_horn,4.0,UrbanSound8K/audio/fold4/7389-1-4-11.wav,True
7389-1-4-12.wav,7389,166.761242,170.761242,2,4,1,car_horn,4.0,UrbanSound8K/audio/fold4/7389-1-4-12.wav,True
7389-1-4-13.wav,7389,167.261242,171.261242,2,4,1,car_horn,4.0,UrbanSound8K/audio/fold4/7389-1-4-13.wav,True
7389-1-4-14.wav,7389,167.761242,171.761242,2,4,1,car_horn,4.0,UrbanSound8K/audio/fold4/7389-1-4-14.wav,True
7389-1-4-15.wav,7389,168.261242,172.261242,2,4,1,car_horn,4.0,UrbanSound8K/audio/fold4/7389-1-4-15.wav,True
7389-1-4-2.wav,7389,161.761242,165.761242,2,4,1,car_horn,4.0,UrbanSound8K/audio/fold4/7389-1-4-2.wav,True
7389-1-4-3.wav,7389,162.261242,166.261242,2,4,1,car_horn,4.0,UrbanSound8K/audio/fold4/7389-1-4-3.wav,True
7389-1-4-4.wav,7389,162.761242,166.761242,2,4,1,car_horn,4.0,UrbanSound8K/audio/fold4/7389-1-4-4.wav,True
7389-1-4-5.wav,7389,163.261242,167.261242,2,4,1,car_horn,4.0,UrbanSound8K/audio/fold4/7389-1-4-5.wav,True
7389-1-4-6.wav,7389,163.761242,167.761242,2,4,1,car_horn,4.0,UrbanSound8K/audio/fold4/7389-1-4-6.wav,True
7389-1-4-7.wav,7389,164.261242,168.261242,2,4,1,car_horn,4.0,UrbanSound8K/audio/fold4/7389-1-4-7.wav,True
7389-1-4-8.wav,7389,164.761242,168.761242,2,4,1,car_horn,4.0,UrbanSound8K/audio/fold4/7389-1-4-8.wav,True
7389-1-4-9.wav,7389,165.261242,169.261242,2,4,1,car_horn,4.0,UrbanSound8K/audio/fold4/7389-1-4-9.wav,True
7390-9-0-0.wav,7390,0.0,4.0,2,8,9,street_music,4.0,UrbanSound8K/audio/fold8/7390-9-0-0.wav,True
7390-9-0-3.wav,7390,1.5,5.5,2,8,9,street_music,4.0,UrbanSound8K/audio/fold8/7390-9-0-3.wav,True
7390-9-0-6.wav,7390,3.0,7.0,2,8,9,street_music,4.0,UrbanSound8K/audio/fold8/7390-9-0-6.wav,True
7390-9-0-9.wav,7390,4.5,8.5,2,8,9,street_music,4.0,UrbanSound8K/audio/fold8/7390-9-0-9.wav,True
74364-8-1-0.wav,74364,139.03796,143.03796,2,10,8,siren,4.0,UrbanSound8K/audio/fold10/74364-8-1-0.wav,True
74364-8-1-1.wav,74364,139.53796,143.53796,2,10,8,siren,4.0,UrbanSound8K/audio/fold10/74364-8-1-1.wav,True
74364-8-1-10.wav,74364,144.03796,148.03796,2,10,8,siren,4.0,UrbanSound8K/audio/fold10/74364-8-1-10.wav,True
74364-8-1-11.wav,74364,144.53796,148.53796,2,10,8,siren,4.0,UrbanSound8K/audio/fold10/74364-8-1-11.wav,True
74364-8-1-12.wav,74364,145.03796,149.03796,2,10,8,siren,4.0,UrbanSound8K/audio/fold10/74364-8-1-12.wav,True
74364-8-1-13.wav,74364,145.53796,149.53796,2,10,8,siren,4.0,UrbanSound8K/audio/fold10/74364-8-1-13.wav,True
74364-8-1-14.wav,74364,146.03796,150.03796,2,10,8,siren,4.0,UrbanSound8K/audio/fold10/74364-8-1-14.wav,True
74364-8-1-15.wav,74364,146.53796,150.53796,2,10,8,siren,4.0,UrbanSound8K/audio/fold10/74364-8-1-15.wav,True
74364-8-1-16.wav,74364,147.03796,151.03796,2,10,8,siren,4.0,UrbanSound8K/audio/fold10/74364-8-1-16.wav,True
74364-8-1-17.wav,74364,147.53796,151.53796,2,10,8,siren,4.0,UrbanSound8K/audio/fold10/74364-8-1-17.wav,True
74364-8-1-18.wav,74364,148.03796,152.03796,2,10,8,siren,4.0,UrbanSound8K/audio/fold10/74364-8-1-18.wav,True
74364-8-1-19.wav,74364,148.53796,152.53796,2,10,8,siren,4.0,UrbanSound8K/audio/fold10/74364-8-1-19.wav,True
74364-8-1-2.wav,74364,140.03796,144.03796,2,10,8,siren,4.0,UrbanSound8K/audio/fold10/74364-8-1-2.wav,True
74364-8-1-20.wav,74364,149.03796,153.03796,2,10,8,siren,4.0,UrbanSound8K/audio/fold10/74364-8-1-20.wav,True
74364-8-1-21.wav,74364,149.53796,153.53796,2,10,8,siren,4.0,UrbanSound8K/audio/fold10/74364-8-1-21.wav,True
74364-8-1-22.wav,74364,150.03796,154.03796,2,10,8,siren,4.0,UrbanSound8K/audio/fold10/74364-8-1-22.wav,True
74364-8-1-23.wav,74364,150.53796,154.53796,2,10,8,siren,4.0,UrbanSound8K/audio/fold10/74364-8-1-23.wav,True
74364-8-1-24.wav,74364,151.03796,155.03796,2,10,8,siren,4.0,UrbanSound8K/audio/fold10/74364-8-1-24.wav,True
74364-8-1-25.wav,74364,151.53796,155.53796,2,10,8,siren,4.0,UrbanSound8K/audio/fold10/74364-8-1-25.wav,True
74364-8-1-26.wav,74364,152.03796,156.03796,2,10,8,siren,4.0,UrbanSound8K/audio/fold10/74364-8-1-26.wav,True
74364-8-1-27.wav,74364,152.53796,156.53796,2,10,8,siren,4.0,UrbanSound8K/audio/fold10/74364-8-1-27.wav,True
74364-8-1-3.wav,74364,140.53796,144.53796,2,10,8,siren,4.0,UrbanSound8K/audio/fold10/74364-8-1-3.wav,True
74364-8-1-4.wav,74364,141.03796,145.03796,2,10,8,siren,4.0,UrbanSound8K/audio/fold10/74364-8-1-4.wav,True
74364-8-1-5.wav,74364,141.53796,145.53796,2,10,8,siren,4.0,UrbanSound8K/audio/fold10/74364-8-1-5.wav,True
74364-8-1-6.wav,74364,142.03796,146.03796,2,10,8,siren,4.0,UrbanSound8K/audio/fold10/74364-8-1-6.wav,True
74364-8-1-7.wav,74364,142.53796,146.53796,2,10,8,siren,4.0,UrbanSound8K/audio/fold10/74364-8-1-7.wav,True
74364-8-1-8.wav,74364,143.03796,147.03796,2,10,8,siren,4.0,UrbanSound8K/audio/fold10/74364-8-1-8.wav,True
74364-8-1-9.wav,74364,143.53796,147.53796,2,10,8,siren,4.0,UrbanSound8K/audio/fold10/74364-8-1-9.wav,True
74458-9-0-5.wav,74458,2.5,6.5,2,2,9,street_music,4.0,UrbanSound8K/audio/fold2/74458-9-0-5.wav,True
74458-9-0-7.wav,74458,3.5,7.5,2,2,9,street_music,4.0,UrbanSound8K/audio/fold2/74458-9-0-7.wav,True
74458-9-1-12.wav,74458,79.881658,83.881658,2,2,9,street_music,4.0,UrbanSound8K/audio/fold2/74458-9-1-12.wav,True
74458-9-1-13.wav,74458,80.381658,84.381658,2,2,9,street_music,4.0,UrbanSound8K/audio/fold2/74458-9-1-13.wav,True
74458-9-1-5.wav,74458,76.381658,80.381658,2,2,9,street_music,4.0,UrbanSound8K/audio/fold2/74458-9-1-5.wav,True
74458-9-2-18.wav,74458,241.438766,245.438766,2,2,9,street_music,4.0,UrbanSound8K/audio/fold2/74458-9-2-18.wav,True
74677-0-0-0.wav,74677,0.0,4.0,2,8,0,air_conditioner,4.0,UrbanSound8K/audio/fold8/74677-0-0-0.wav,True
74677-0-0-10.wav,74677,5.0,9.0,2,8,0,air_conditioner,4.0,UrbanSound8K/audio/fold8/74677-0-0-10.wav,True
74677-0-0-105.wav,74677,52.5,56.5,2,8,0,air_conditioner,4.0,UrbanSound8K/audio/fold8/74677-0-0-105.wav,True
74677-0-0-116.wav,74677,58.0,62.0,2,8,0,air_conditioner,4.0,UrbanSound8K/audio/fold8/74677-0-0-116.wav,True
74677-0-0-13.wav,74677,6.5,10.5,2,8,0,air_conditioner,4.0,UrbanSound8K/audio/fold8/74677-0-0-13.wav,True
74677-0-0-130.wav,74677,65.0,69.0,2,8,0,air_conditioner,4.0,UrbanSound8K/audio/fold8/74677-0-0-130.wav,True
74677-0-0-134.wav,74677,67.0,71.0,2,8,0,air_conditioner,4.0,UrbanSound8K/audio/fold8/74677-0-0-134.wav,True
74677-0-0-135.wav,74677,67.5,71.5,2,8,0,air_conditioner,4.0,UrbanSound8K/audio/fold8/74677-0-0-135.wav,True
74677-0-0-14.wav,74677,7.0,11.0,2,8,0,air_conditioner,4.0,UrbanSound8K/audio/fold8/74677-0-0-14.wav,True
74677-0-0-19.wav,74677,9.5,13.5,2,8,0,air_conditioner,4.0,UrbanSound8K/audio/fold8/74677-0-0-19.wav,True
74677-0-0-2.wav,74677,1.0,5.0,2,8,0,air_conditioner,4.0,UrbanSound8K/audio/fold8/74677-0-0-2.wav,True
74677-0-0-21.wav,74677,10.5,14.5,2,8,0,air_conditioner,4.0,UrbanSound8K/audio/fold8/74677-0-0-21.wav,True
74677-0-0-28.wav,74677,14.0,18.0,2,8,0,air_conditioner,4.0,UrbanSound8K/audio/fold8/74677-0-0-28.wav,True
74677-0-0-3.wav,74677,1.5,5.5,2,8,0,air_conditioner,4.0,UrbanSound8K/audio/fold8/74677-0-0-3.wav,True
74677-0-0-35.wav,74677,17.5,21.5,2,8,0,air_conditioner,4.0,UrbanSound8K/audio/fold8/74677-0-0-35.wav,True
74677-0-0-36.wav,74677,18.0,22.0,2,8,0,air_conditioner,4.0,UrbanSound8K/audio/fold8/74677-0-0-36.wav,True
74677-0-0-38.wav,74677,19.0,23.0,2,8,0,air_conditioner,4.0,UrbanSound8K/audio/fold8/74677-0-0-38.wav,True
74677-0-0-47.wav,74677,23.5,27.5,2,8,0,air_conditioner,4.0,UrbanSound8K/audio/fold8/74677-0-0-47.wav,True
74677-0-0-56.wav,74677,28.0,32.0,2,8,0,air_conditioner,4.0,UrbanSound8K/audio/fold8/74677-0-0-56.wav,True
74677-0-0-57.wav,74677,28.5,32.5,2,8,0,air_conditioner,4.0,UrbanSound8K/audio/fold8/74677-0-0-57.wav,True
74677-0-0-58.wav,74677,29.0,33.0,2,8,0,air_conditioner,4.0,UrbanSound8K/audio/fold8/74677-0-0-58.wav,True
74677-0-0-6.wav,74677,3.0,7.0,2,8,0,air_conditioner,4.0,UrbanSound8K/audio/fold8/74677-0-0-6.wav,True
74677-0-0-61.wav,74677,30.5,34.5,2,8,0,air_conditioner,4.0,UrbanSound8K/audio/fold8/74677-0-0-61.wav,True
74677-0-0-64.wav,74677,32.0,36.0,2,8,0,air_conditioner,4.0,UrbanSound8K/audio/fold8/74677-0-0-64.wav,True
74677-0-0-66.wav,74677,33.0,37.0,2,8,0,air_conditioner,4.0,UrbanSound8K/audio/fold8/74677-0-0-66.wav,True
74677-0-0-67.wav,74677,33.5,37.5,2,8,0,air_conditioner,4.0,UrbanSound8K/audio/fold8/74677-0-0-67.wav,True
74677-0-0-69.wav,74677,34.5,38.5,2,8,0,air_conditioner,4.0,UrbanSound8K/audio/fold8/74677-0-0-69.wav,True
74677-0-0-75.wav,74677,37.5,41.5,2,8,0,air_conditioner,4.0,UrbanSound8K/audio/fold8/74677-0-0-75.wav,True
74677-0-0-92.wav,74677,46.0,50.0,2,8,0,air_conditioner,4.0,UrbanSound8K/audio/fold8/74677-0-0-92.wav,True
74677-0-0-94.wav,74677,47.0,51.0,2,8,0,air_conditioner,4.0,UrbanSound8K/audio/fold8/74677-0-0-94.wav,True
74677-0-0-95.wav,74677,47.5,51.5,2,8,0,air_conditioner,4.0,UrbanSound8K/audio/fold8/74677-0-0-95.wav,True
74726-8-0-0.wav,74726,0.523561,4.523561,2,6,8,siren,4.0,UrbanSound8K/audio/fold6/74726-8-0-0.wav,True
74726-8-0-1.wav,74726,1.023561,5.023561,2,6,8,siren,4.0,UrbanSound8K/audio/fold6/74726-8-0-1.wav,True
74726-8-0-10.wav,74726,5.523561,9.523561,2,6,8,siren,4.000000000000001,UrbanSound8K/audio/fold6/74726-8-0-10.wav,True
74726-8-0-11.wav,74726,6.023561,10.023561,2,6,8,siren,4.000000000000001,UrbanSound8K/audio/fold6/74726-8-0-11.wav,True
74726-8-0-12.wav,74726,6.523561,10.523561,2,6,8,siren,4.000000000000001,UrbanSound8K/audio/fold6/74726-8-0-12.wav,True
74726-8-0-13.wav,74726,7.023561,11.023561,2,6,8,siren,4.000000000000001,UrbanSound8K/audio/fold6/74726-8-0-13.wav,True
74726-8-0-14.wav,74726,7.523561,11.523561,2,6,8,siren,4.000000000000001,UrbanSound8K/audio/fold6/74726-8-0-14.wav,True
74726-8-0-15.wav,74726,8.023561,12.023561,2,6,8,siren,4.0,UrbanSound8K/audio/fold6/74726-8-0-15.wav,True
74726-8-0-16.wav,74726,8.523561,12.523561,2,6,8,siren,4.0,UrbanSound8K/audio/fold6/74726-8-0-16.wav,True
74726-8-0-2.wav,74726,1.523561,5.523561,2,6,8,siren,4.0,UrbanSound8K/audio/fold6/74726-8-0-2.wav,True
74726-8-0-3.wav,74726,2.023561,6.023561,2,6,8,siren,4.0,UrbanSound8K/audio/fold6/74726-8-0-3.wav,True
74726-8-0-4.wav,74726,2.523561,6.523561,2,6,8,siren,4.0,UrbanSound8K/audio/fold6/74726-8-0-4.wav,True
74726-8-0-5.wav,74726,3.023561,7.023561,2,6,8,siren,4.0,UrbanSound8K/audio/fold6/74726-8-0-5.wav,True
74726-8-0-6.wav,74726,3.523561,7.523561,2,6,8,siren,4.0,UrbanSound8K/audio/fold6/74726-8-0-6.wav,True
74726-8-0-7.wav,74726,4.023561,8.023561,2,6,8,siren,4.000000000000001,UrbanSound8K/audio/fold6/74726-8-0-7.wav,True
74726-8-0-8.wav,74726,4.523561,8.523561,2,6,8,siren,4.000000000000001,UrbanSound8K/audio/fold6/74726-8-0-8.wav,True
74726-8-0-9.wav,74726,5.023561,9.023561,2,6,8,siren,4.000000000000001,UrbanSound8K/audio/fold6/74726-8-0-9.wav,True
74726-8-2-0.wav,74726,46.858683,50.858683,2,6,8,siren,4.0,UrbanSound8K/audio/fold6/74726-8-2-0.wav,True
74726-8-2-1.wav,74726,47.358683,51.358683,2,6,8,siren,4.0,UrbanSound8K/audio/fold6/74726-8-2-1.wav,True
74726-8-2-2.wav,74726,47.858683,51.858683,2,6,8,siren,4.0,UrbanSound8K/audio/fold6/74726-8-2-2.wav,True
74726-8-2-3.wav,74726,48.358683,52.358683,2,6,8,siren,4.0,UrbanSound8K/audio/fold6/74726-8-2-3.wav,True
74726-8-2-4.wav,74726,48.858683,52.858683,2,6,8,siren,4.0,UrbanSound8K/audio/fold6/74726-8-2-4.wav,True
74726-8-2-5.wav,74726,49.358683,53.358683,2,6,8,siren,4.0,UrbanSound8K/audio/fold6/74726-8-2-5.wav,True
74810-9-0-27.wav,74810,13.5,17.5,2,3,9,street_music,4.0,UrbanSound8K/audio/fold3/74810-9-0-27.wav,True
74810-9-0-32.wav,74810,16.0,20.0,2,3,9,street_music,4.0,UrbanSound8K/audio/fold3/74810-9-0-32.wav,True
74810-9-0-5.wav,74810,2.5,6.5,2,3,9,street_music,4.0,UrbanSound8K/audio/fold3/74810-9-0-5.wav,True
74810-9-1-12.wav,74810,182.981953,186.981953,2,3,9,street_music,4.0,UrbanSound8K/audio/fold3/74810-9-1-12.wav,True
74810-9-1-5.wav,74810,179.481953,183.481953,2,3,9,street_music,4.0,UrbanSound8K/audio/fold3/74810-9-1-5.wav,True
74850-9-0-11.wav,74850,5.5,9.5,2,7,9,street_music,4.0,UrbanSound8K/audio/fold7/74850-9-0-11.wav,True
74850-9-0-18.wav,74850,9.0,13.0,2,7,9,street_music,4.0,UrbanSound8K/audio/fold7/74850-9-0-18.wav,True
74850-9-0-22.wav,74850,11.0,15.0,2,7,9,street_music,4.0,UrbanSound8K/audio/fold7/74850-9-0-22.wav,True
74850-9-0-27.wav,74850,13.5,17.5,2,7,9,street_music,4.0,UrbanSound8K/audio/fold7/74850-9-0-27.wav,True
74850-9-0-5.wav,74850,2.5,6.5,2,7,9,street_music,4.0,UrbanSound8K/audio/fold7/74850-9-0-5.wav,True
74850-9-0-6.wav,74850,3.0,7.0,2,7,9,street_music,4.0,UrbanSound8K/audio/fold7/74850-9-0-6.wav,True
75490-8-1-0.wav,75490,9.204014,13.204014,2,6,8,siren,4.0,UrbanSound8K/audio/fold6/75490-8-1-0.wav,True
75490-8-1-1.wav,75490,9.704014,13.704014,2,6,8,siren,4.0,UrbanSound8K/audio/fold6/75490-8-1-1.wav,True
75743-0-0-0.wav,75743,0.0,4.0,2,9,0,air_conditioner,4.0,UrbanSound8K/audio/fold9/75743-0-0-0.wav,True
75743-0-0-1.wav,75743,0.5,4.5,2,9,0,air_conditioner,4.0,UrbanSound8K/audio/fold9/75743-0-0-1.wav,True
75743-0-0-10.wav,75743,5.0,9.0,2,9,0,air_conditioner,4.0,UrbanSound8K/audio/fold9/75743-0-0-10.wav,True
75743-0-0-11.wav,75743,5.5,9.5,2,9,0,air_conditioner,4.0,UrbanSound8K/audio/fold9/75743-0-0-11.wav,True
75743-0-0-12.wav,75743,6.0,10.0,2,9,0,air_conditioner,4.0,UrbanSound8K/audio/fold9/75743-0-0-12.wav,True
75743-0-0-13.wav,75743,6.5,10.5,2,9,0,air_conditioner,4.0,UrbanSound8K/audio/fold9/75743-0-0-13.wav,True
75743-0-0-14.wav,75743,7.0,11.0,2,9,0,air_conditioner,4.0,UrbanSound8K/audio/fold9/75743-0-0-14.wav,True
75743-0-0-15.wav,75743,7.5,11.5,2,9,0,air_conditioner,4.0,UrbanSound8K/audio/fold9/75743-0-0-15.wav,True
75743-0-0-16.wav,75743,8.0,12.0,2,9,0,air_conditioner,4.0,UrbanSound8K/audio/fold9/75743-0-0-16.wav,True
75743-0-0-17.wav,75743,8.5,12.5,2,9,0,air_conditioner,4.0,UrbanSound8K/audio/fold9/75743-0-0-17.wav,True
75743-0-0-18.wav,75743,9.0,13.0,2,9,0,air_conditioner,4.0,UrbanSound8K/audio/fold9/75743-0-0-18.wav,True
75743-0-0-19.wav,75743,9.5,13.5,2,9,0,air_conditioner,4.0,UrbanSound8K/audio/fold9/75743-0-0-19.wav,True
75743-0-0-2.wav,75743,1.0,5.0,2,9,0,air_conditioner,4.0,UrbanSound8K/audio/fold9/75743-0-0-2.wav,True
75743-0-0-20.wav,75743,10.0,14.0,2,9,0,air_conditioner,4.0,UrbanSound8K/audio/fold9/75743-0-0-20.wav,True
75743-0-0-21.wav,75743,10.5,14.5,2,9,0,air_conditioner,4.0,UrbanSound8K/audio/fold9/75743-0-0-21.wav,True
75743-0-0-22.wav,75743,11.0,15.0,2,9,0,air_conditioner,4.0,UrbanSound8K/audio/fold9/75743-0-0-22.wav,True
75743-0-0-23.wav,75743,11.5,15.5,2,9,0,air_conditioner,4.0,UrbanSound8K/audio/fold9/75743-0-0-23.wav,True
75743-0-0-3.wav,75743,1.5,5.5,2,9,0,air_conditioner,4.0,UrbanSound8K/audio/fold9/75743-0-0-3.wav,True
75743-0-0-4.wav,75743,2.0,6.0,2,9,0,air_conditioner,4.0,UrbanSound8K/audio/fold9/75743-0-0-4.wav,True
75743-0-0-5.wav,75743,2.5,6.5,2,9,0,air_conditioner,4.0,UrbanSound8K/audio/fold9/75743-0-0-5.wav,True
75743-0-0-6.wav,75743,3.0,7.0,2,9,0,air_conditioner,4.0,UrbanSound8K/audio/fold9/75743-0-0-6.wav,True
75743-0-0-7.wav,75743,3.5,7.5,2,9,0,air_conditioner,4.0,UrbanSound8K/audio/fold9/75743-0-0-7.wav,True
75743-0-0-8.wav,75743,4.0,8.0,2,9,0,air_conditioner,4.0,UrbanSound8K/audio/fold9/75743-0-0-8.wav,True
75743-0-0-9.wav,75743,4.5,8.5,2,9,0,air_conditioner,4.0,UrbanSound8K/audio/fold9/75743-0-0-9.wav,True
76266-2-0-40.wav,76266,20.0,24.0,2,8,2,children_playing,4.0,UrbanSound8K/audio/fold8/76266-2-0-40.wav,True
76266-2-0-46.wav,76266,23.0,27.0,2,8,2,children_playing,4.0,UrbanSound8K/audio/fold8/76266-2-0-46.wav,True
76266-2-0-50.wav,76266,25.0,29.0,2,8,2,children_playing,4.0,UrbanSound8K/audio/fold8/76266-2-0-50.wav,True
76266-2-0-55.wav,76266,27.5,31.5,2,8,2,children_playing,4.0,UrbanSound8K/audio/fold8/76266-2-0-55.wav,True
76266-2-0-7.wav,76266,3.5,7.5,2,8,2,children_playing,4.0,UrbanSound8K/audio/fold8/76266-2-0-7.wav,True
76266-2-0-76.wav,76266,38.0,42.0,2,8,2,children_playing,4.0,UrbanSound8K/audio/fold8/76266-2-0-76.wav,True
76266-2-0-80.wav,76266,40.0,44.0,2,8,2,children_playing,4.0,UrbanSound8K/audio/fold8/76266-2-0-80.wav,True
76266-2-0-91.wav,76266,45.5,49.5,2,8,2,children_playing,4.0,UrbanSound8K/audio/fold8/76266-2-0-91.wav,True
76566-3-0-11.wav,76566,11.84312,15.84312,2,5,3,dog_bark,4.0,UrbanSound8K/audio/fold5/76566-3-0-11.wav,True
76566-3-0-3.wav,76566,7.84312,11.84312,2,5,3,dog_bark,4.000000000000001,UrbanSound8K/audio/fold5/76566-3-0-3.wav,True
76566-3-0-6.wav,76566,9.34312,13.34312,2,5,3,dog_bark,4.0,UrbanSound8K/audio/fold5/76566-3-0-6.wav,True
76566-3-0-8.wav,76566,10.34312,14.34312,2,5,3,dog_bark,4.0,UrbanSound8K/audio/fold5/76566-3-0-8.wav,True
76568-9-0-10.wav,76568,150.793891,154.793891,2,4,9,street_music,4.0,UrbanSound8K/audio/fold4/76568-9-0-10.wav,True
76568-9-0-11.wav,76568,151.293891,155.293891,2,4,9,street_music,4.0,UrbanSound8K/audio/fold4/76568-9-0-11.wav,True
76568-9-0-12.wav,76568,151.793891,155.793891,2,4,9,street_music,4.0,UrbanSound8K/audio/fold4/76568-9-0-12.wav,True
76568-9-0-13.wav,76568,152.293891,156.293891,2,4,9,street_music,4.0,UrbanSound8K/audio/fold4/76568-9-0-13.wav,True
76568-9-0-14.wav,76568,152.793891,156.793891,2,4,9,street_music,4.0,UrbanSound8K/audio/fold4/76568-9-0-14.wav,True
76568-9-0-2.wav,76568,146.793891,150.793891,2,4,9,street_music,4.0,UrbanSound8K/audio/fold4/76568-9-0-2.wav,True
77233-3-0-105.wav,77233,52.5,56.5,2,5,3,dog_bark,4.0,UrbanSound8K/audio/fold5/77233-3-0-105.wav,True
77233-3-0-67.wav,77233,33.5,37.5,2,5,3,dog_bark,4.0,UrbanSound8K/audio/fold5/77233-3-0-67.wav,True
77233-3-0-7.wav,77233,3.5,7.5,2,5,3,dog_bark,4.0,UrbanSound8K/audio/fold5/77233-3-0-7.wav,True
77233-3-0-79.wav,77233,39.5,43.5,2,5,3,dog_bark,4.0,UrbanSound8K/audio/fold5/77233-3-0-79.wav,True
77509-1-0-0.wav,77509,2.967344,3.557308,2,5,1,car_horn,0.5899639999999997,UrbanSound8K/audio/fold5/77509-1-0-0.wav,True
77769-9-0-0.wav,77769,0.0,4.0,2,3,9,street_music,4.0,UrbanSound8K/audio/fold3/77769-9-0-0.wav,True
77769-9-0-12.wav,77769,6.0,10.0,2,3,9,street_music,4.0,UrbanSound8K/audio/fold3/77769-9-0-12.wav,True
77769-9-0-17.wav,77769,8.5,12.5,2,3,9,street_music,4.0,UrbanSound8K/audio/fold3/77769-9-0-17.wav,True
77769-9-0-2.wav,77769,1.0,5.0,2,3,9,street_music,4.0,UrbanSound8K/audio/fold3/77769-9-0-2.wav,True
77769-9-0-4.wav,77769,2.0,6.0,2,3,9,street_music,4.0,UrbanSound8K/audio/fold3/77769-9-0-4.wav,True
77769-9-0-8.wav,77769,4.0,8.0,2,3,9,street_music,4.0,UrbanSound8K/audio/fold3/77769-9-0-8.wav,True
77770-9-0-1.wav,77770,0.5,4.5,2,7,9,street_music,4.0,UrbanSound8K/audio/fold7/77770-9-0-1.wav,True
77770-9-0-15.wav,77770,7.5,11.5,2,7,9,street_music,4.0,UrbanSound8K/audio/fold7/77770-9-0-15.wav,True
77770-9-0-17.wav,77770,8.5,12.5,2,7,9,street_music,4.0,UrbanSound8K/audio/fold7/77770-9-0-17.wav,True
77770-9-0-20.wav,77770,10.0,14.0,2,7,9,street_music,4.0,UrbanSound8K/audio/fold7/77770-9-0-20.wav,True
77770-9-0-6.wav,77770,3.0,7.0,2,7,9,street_music,4.0,UrbanSound8K/audio/fold7/77770-9-0-6.wav,True
77770-9-0-8.wav,77770,4.0,8.0,2,7,9,street_music,4.0,UrbanSound8K/audio/fold7/77770-9-0-8.wav,True
77770-9-0-9.wav,77770,4.5,8.5,2,7,9,street_music,4.0,UrbanSound8K/audio/fold7/77770-9-0-9.wav,True
77927-3-0-0.wav,77927,29.236982,33.236982,2,10,3,dog_bark,3.9999999999999964,UrbanSound8K/audio/fold10/77927-3-0-0.wav,True
77927-3-0-1.wav,77927,29.736982,33.736982,2,10,3,dog_bark,3.9999999999999964,UrbanSound8K/audio/fold10/77927-3-0-1.wav,True
77927-3-0-2.wav,77927,30.236982,34.236982,2,10,3,dog_bark,3.9999999999999964,UrbanSound8K/audio/fold10/77927-3-0-2.wav,True
77927-3-1-1.wav,77927,54.166984,58.166984,2,10,3,dog_bark,4.0,UrbanSound8K/audio/fold10/77927-3-1-1.wav,True
78326-9-0-0.wav,78326,0.0,4.0,2,3,9,street_music,4.0,UrbanSound8K/audio/fold3/78326-9-0-0.wav,True
78326-9-0-1.wav,78326,0.5,4.5,2,3,9,street_music,4.0,UrbanSound8K/audio/fold3/78326-9-0-1.wav,True
78326-9-0-3.wav,78326,1.5,5.5,2,3,9,street_music,4.0,UrbanSound8K/audio/fold3/78326-9-0-3.wav,True
78326-9-0-5.wav,78326,2.5,6.5,2,3,9,street_music,4.0,UrbanSound8K/audio/fold3/78326-9-0-5.wav,True
78326-9-0-6.wav,78326,3.0,7.0,2,3,9,street_music,4.0,UrbanSound8K/audio/fold3/78326-9-0-6.wav,True
78326-9-0-7.wav,78326,3.5,7.5,2,3,9,street_music,4.0,UrbanSound8K/audio/fold3/78326-9-0-7.wav,True
79089-0-0-106.wav,79089,62.664375,66.664375,2,9,0,air_conditioner,4.000000000000007,UrbanSound8K/audio/fold9/79089-0-0-106.wav,True
79089-0-0-115.wav,79089,67.164375,71.164375,2,9,0,air_conditioner,4.0,UrbanSound8K/audio/fold9/79089-0-0-115.wav,True
79089-0-0-12.wav,79089,15.664375,19.664375,2,9,0,air_conditioner,4.0,UrbanSound8K/audio/fold9/79089-0-0-12.wav,True
79089-0-0-122.wav,79089,70.664375,74.664375,2,9,0,air_conditioner,4.0,UrbanSound8K/audio/fold9/79089-0-0-122.wav,True
79089-0-0-123.wav,79089,71.164375,75.164375,2,9,0,air_conditioner,4.0,UrbanSound8K/audio/fold9/79089-0-0-123.wav,True
79089-0-0-134.wav,79089,76.664375,80.664375,2,9,0,air_conditioner,4.0,UrbanSound8K/audio/fold9/79089-0-0-134.wav,True
79089-0-0-135.wav,79089,77.164375,81.164375,2,9,0,air_conditioner,4.0,UrbanSound8K/audio/fold9/79089-0-0-135.wav,True
79089-0-0-136.wav,79089,77.664375,81.664375,2,9,0,air_conditioner,4.0,UrbanSound8K/audio/fold9/79089-0-0-136.wav,True
79089-0-0-138.wav,79089,78.664375,82.664375,2,9,0,air_conditioner,4.0,UrbanSound8K/audio/fold9/79089-0-0-138.wav,True
79089-0-0-19.wav,79089,19.164375,23.164375,2,9,0,air_conditioner,4.0,UrbanSound8K/audio/fold9/79089-0-0-19.wav,True
79089-0-0-25.wav,79089,22.164375,26.164375,2,9,0,air_conditioner,4.0,UrbanSound8K/audio/fold9/79089-0-0-25.wav,True
79089-0-0-28.wav,79089,23.664375,27.664375,2,9,0,air_conditioner,4.0,UrbanSound8K/audio/fold9/79089-0-0-28.wav,True
79089-0-0-4.wav,79089,11.664375,15.664375,2,9,0,air_conditioner,4.0,UrbanSound8K/audio/fold9/79089-0-0-4.wav,True
79089-0-0-40.wav,79089,29.664375,33.664375,2,9,0,air_conditioner,4.0,UrbanSound8K/audio/fold9/79089-0-0-40.wav,True
79089-0-0-41.wav,79089,30.164375,34.164375,2,9,0,air_conditioner,4.0,UrbanSound8K/audio/fold9/79089-0-0-41.wav,True
79089-0-0-43.wav,79089,31.164375,35.164375,2,9,0,air_conditioner,4.0,UrbanSound8K/audio/fold9/79089-0-0-43.wav,True
79089-0-0-48.wav,79089,33.664375,37.664375,2,9,0,air_conditioner,4.0,UrbanSound8K/audio/fold9/79089-0-0-48.wav,True
79089-0-0-51.wav,79089,35.164375,39.164375,2,9,0,air_conditioner,4.0,UrbanSound8K/audio/fold9/79089-0-0-51.wav,True
79089-0-0-52.wav,79089,35.664375,39.664375,2,9,0,air_conditioner,4.0,UrbanSound8K/audio/fold9/79089-0-0-52.wav,True
79089-0-0-56.wav,79089,37.664375,41.664375,2,9,0,air_conditioner,4.0,UrbanSound8K/audio/fold9/79089-0-0-56.wav,True
79089-0-0-6.wav,79089,12.664375,16.664375,2,9,0,air_conditioner,4.0,UrbanSound8K/audio/fold9/79089-0-0-6.wav,True
79089-0-0-60.wav,79089,39.664375,43.664375,2,9,0,air_conditioner,4.0,UrbanSound8K/audio/fold9/79089-0-0-60.wav,True
79089-0-0-63.wav,79089,41.164375,45.164375,2,9,0,air_conditioner,4.0,UrbanSound8K/audio/fold9/79089-0-0-63.wav,True
79089-0-0-70.wav,79089,44.664375,48.664375,2,9,0,air_conditioner,4.0,UrbanSound8K/audio/fold9/79089-0-0-70.wav,True
79089-0-0-73.wav,79089,46.164375,50.164375,2,9,0,air_conditioner,4.0,UrbanSound8K/audio/fold9/79089-0-0-73.wav,True
79089-0-0-75.wav,79089,47.164375,51.164375,2,9,0,air_conditioner,4.0,UrbanSound8K/audio/fold9/79089-0-0-75.wav,True
79089-0-0-92.wav,79089,55.664375,59.664375,2,9,0,air_conditioner,4.0,UrbanSound8K/audio/fold9/79089-0-0-92.wav,True
79377-9-0-10.wav,79377,5.0,9.0,2,2,9,street_music,4.0,UrbanSound8K/audio/fold2/79377-9-0-10.wav,True
79377-9-0-12.wav,79377,6.0,10.0,2,2,9,street_music,4.0,UrbanSound8K/audio/fold2/79377-9-0-12.wav,True
79377-9-0-13.wav,79377,6.5,10.5,2,2,9,street_music,4.0,UrbanSound8K/audio/fold2/79377-9-0-13.wav,True
79377-9-0-2.wav,79377,1.0,5.0,2,2,9,street_music,4.0,UrbanSound8K/audio/fold2/79377-9-0-2.wav,True
79377-9-0-4.wav,79377,2.0,6.0,2,2,9,street_music,4.0,UrbanSound8K/audio/fold2/79377-9-0-4.wav,True
79377-9-0-8.wav,79377,4.0,8.0,2,2,9,street_music,4.0,UrbanSound8K/audio/fold2/79377-9-0-8.wav,True
7965-3-16-0.wav,7965,108.954389,110.833354,2,10,3,dog_bark,1.8789649999999938,UrbanSound8K/audio/fold10/7965-3-16-0.wav,True
7965-3-22-0.wav,7965,172.244126,175.170082,2,10,3,dog_bark,2.9259560000000135,UrbanSound8K/audio/fold10/7965-3-22-0.wav,True
7965-3-3-0.wav,7965,44.110933,45.299666,2,10,3,dog_bark,1.1887329999999992,UrbanSound8K/audio/fold10/7965-3-3-0.wav,True
7975-3-0-0.wav,7975,173.049526,177.049526,2,9,3,dog_bark,4.0,UrbanSound8K/audio/fold9/7975-3-0-0.wav,True
80806-2-0-0.wav,80806,0.0,4.0,2,5,2,children_playing,4.0,UrbanSound8K/audio/fold5/80806-2-0-0.wav,True
80806-2-0-1.wav,80806,0.5,4.5,2,5,2,children_playing,4.0,UrbanSound8K/audio/fold5/80806-2-0-1.wav,True
80806-2-0-10.wav,80806,5.0,9.0,2,5,2,children_playing,4.0,UrbanSound8K/audio/fold5/80806-2-0-10.wav,True
80806-2-0-2.wav,80806,1.0,5.0,2,5,2,children_playing,4.0,UrbanSound8K/audio/fold5/80806-2-0-2.wav,True
80806-2-0-3.wav,80806,1.5,5.5,2,5,2,children_playing,4.0,UrbanSound8K/audio/fold5/80806-2-0-3.wav,True
80806-2-0-4.wav,80806,2.0,6.0,2,5,2,children_playing,4.0,UrbanSound8K/audio/fold5/80806-2-0-4.wav,True
80806-2-0-5.wav,80806,2.5,6.5,2,5,2,children_playing,4.0,UrbanSound8K/audio/fold5/80806-2-0-5.wav,True
80806-2-0-7.wav,80806,3.5,7.5,2,5,2,children_playing,4.0,UrbanSound8K/audio/fold5/80806-2-0-7.wav,True
81722-3-0-21.wav,81722,10.5,14.5,2,9,3,dog_bark,4.0,UrbanSound8K/audio/fold9/81722-3-0-21.wav,True
81722-3-0-22.wav,81722,11.0,15.0,2,9,3,dog_bark,4.0,UrbanSound8K/audio/fold9/81722-3-0-22.wav,True
81722-3-0-26.wav,81722,13.0,17.0,2,9,3,dog_bark,4.0,UrbanSound8K/audio/fold9/81722-3-0-26.wav,True
81722-3-0-28.wav,81722,14.0,18.0,2,9,3,dog_bark,4.0,UrbanSound8K/audio/fold9/81722-3-0-28.wav,True
81787-2-0-0.wav,81787,0.0,4.0,2,8,2,children_playing,4.0,UrbanSound8K/audio/fold8/81787-2-0-0.wav,True
81787-2-0-14.wav,81787,7.0,11.0,2,8,2,children_playing,4.0,UrbanSound8K/audio/fold8/81787-2-0-14.wav,True
81787-2-0-23.wav,81787,11.5,15.5,2,8,2,children_playing,4.0,UrbanSound8K/audio/fold8/81787-2-0-23.wav,True
81787-2-0-35.wav,81787,17.5,21.5,2,8,2,children_playing,4.0,UrbanSound8K/audio/fold8/81787-2-0-35.wav,True
81787-2-0-39.wav,81787,19.5,23.5,2,8,2,children_playing,4.0,UrbanSound8K/audio/fold8/81787-2-0-39.wav,True
81787-2-0-4.wav,81787,2.0,6.0,2,8,2,children_playing,4.0,UrbanSound8K/audio/fold8/81787-2-0-4.wav,True
81787-2-0-48.wav,81787,24.0,28.0,2,8,2,children_playing,4.0,UrbanSound8K/audio/fold8/81787-2-0-48.wav,True
81787-2-0-49.wav,81787,24.5,28.5,2,8,2,children_playing,4.0,UrbanSound8K/audio/fold8/81787-2-0-49.wav,True
81788-2-0-12.wav,81788,6.0,10.0,2,7,2,children_playing,4.0,UrbanSound8K/audio/fold7/81788-2-0-12.wav,True
81788-2-0-14.wav,81788,7.0,11.0,2,7,2,children_playing,4.0,UrbanSound8K/audio/fold7/81788-2-0-14.wav,True
81788-2-0-16.wav,81788,8.0,12.0,2,7,2,children_playing,4.0,UrbanSound8K/audio/fold7/81788-2-0-16.wav,True
81788-2-0-35.wav,81788,17.5,21.5,2,7,2,children_playing,4.0,UrbanSound8K/audio/fold7/81788-2-0-35.wav,True
81788-2-0-44.wav,81788,22.0,26.0,2,7,2,children_playing,4.0,UrbanSound8K/audio/fold7/81788-2-0-44.wav,True
81788-2-0-51.wav,81788,25.5,29.5,2,7,2,children_playing,4.0,UrbanSound8K/audio/fold7/81788-2-0-51.wav,True
81788-2-0-69.wav,81788,34.5,38.5,2,7,2,children_playing,4.0,UrbanSound8K/audio/fold7/81788-2-0-69.wav,True
81791-3-0-0.wav,81791,44.484434,48.484434,2,10,3,dog_bark,4.0,UrbanSound8K/audio/fold10/81791-3-0-0.wav,True
81791-3-0-1.wav,81791,44.984434,48.984434,2,10,3,dog_bark,4.0,UrbanSound8K/audio/fold10/81791-3-0-1.wav,True
81791-3-1-0.wav,81791,55.805323,57.137192,2,10,3,dog_bark,1.3318689999999975,UrbanSound8K/audio/fold10/81791-3-1-0.wav,True
81799-3-0-0.wav,81799,29.935495,33.935495,2,7,3,dog_bark,4.0000000000000036,UrbanSound8K/audio/fold7/81799-3-0-0.wav,True
81799-3-0-1.wav,81799,30.435495,34.435495,2,7,3,dog_bark,4.0000000000000036,UrbanSound8K/audio/fold7/81799-3-0-1.wav,True
81799-3-1-0.wav,81799,40.598534,44.598534,2,7,3,dog_bark,4.0,UrbanSound8K/audio/fold7/81799-3-1-0.wav,True
81799-3-1-2.wav,81799,41.598534,45.598534,2,7,3,dog_bark,4.0,UrbanSound8K/audio/fold7/81799-3-1-2.wav,True
82024-3-0-4.wav,82024,24.651009,28.651009,2,7,3,dog_bark,4.0,UrbanSound8K/audio/fold7/82024-3-0-4.wav,True
82024-3-0-5.wav,82024,25.151009,29.151009,2,7,3,dog_bark,4.0,UrbanSound8K/audio/fold7/82024-3-0-5.wav,True
82024-3-0-6.wav,82024,25.651009,29.651009,2,7,3,dog_bark,4.0,UrbanSound8K/audio/fold7/82024-3-0-6.wav,True
82024-3-0-8.wav,82024,26.651009,30.651009,2,7,3,dog_bark,4.0,UrbanSound8K/audio/fold7/82024-3-0-8.wav,True
82317-1-0-0.wav,82317,10.968053,14.968053,2,6,1,car_horn,4.0,UrbanSound8K/audio/fold6/82317-1-0-0.wav,True
83191-9-0-0.wav,83191,0.0,4.0,2,10,9,street_music,4.0,UrbanSound8K/audio/fold10/83191-9-0-0.wav,True
83191-9-0-11.wav,83191,5.5,9.5,2,10,9,street_music,4.0,UrbanSound8K/audio/fold10/83191-9-0-11.wav,True
83191-9-0-13.wav,83191,6.5,10.5,2,10,9,street_music,4.0,UrbanSound8K/audio/fold10/83191-9-0-13.wav,True
83191-9-0-17.wav,83191,8.5,12.5,2,10,9,street_music,4.0,UrbanSound8K/audio/fold10/83191-9-0-17.wav,True
83191-9-0-4.wav,83191,2.0,6.0,2,10,9,street_music,4.0,UrbanSound8K/audio/fold10/83191-9-0-4.wav,True
83191-9-0-6.wav,83191,3.0,7.0,2,10,9,street_music,4.0,UrbanSound8K/audio/fold10/83191-9-0-6.wav,True
83195-9-0-11.wav,83195,5.5,9.5,2,10,9,street_music,4.0,UrbanSound8K/audio/fold10/83195-9-0-11.wav,True
83195-9-0-14.wav,83195,7.0,11.0,2,10,9,street_music,4.0,UrbanSound8K/audio/fold10/83195-9-0-14.wav,True
83195-9-0-2.wav,83195,1.0,5.0,2,10,9,street_music,4.0,UrbanSound8K/audio/fold10/83195-9-0-2.wav,True
83195-9-0-3.wav,83195,1.5,5.5,2,10,9,street_music,4.0,UrbanSound8K/audio/fold10/83195-9-0-3.wav,True
83195-9-0-6.wav,83195,3.0,7.0,2,10,9,street_music,4.0,UrbanSound8K/audio/fold10/83195-9-0-6.wav,True
83195-9-0-7.wav,83195,3.5,7.5,2,10,9,street_music,4.0,UrbanSound8K/audio/fold10/83195-9-0-7.wav,True
83199-9-0-0.wav,83199,13.08659,17.08659,2,1,9,street_music,4.000000000000002,UrbanSound8K/audio/fold1/83199-9-0-0.wav,True
83502-0-0-0.wav,83502,0.0,4.0,2,10,0,air_conditioner,4.0,UrbanSound8K/audio/fold10/83502-0-0-0.wav,True
83502-0-0-1.wav,83502,0.5,4.5,2,10,0,air_conditioner,4.0,UrbanSound8K/audio/fold10/83502-0-0-1.wav,True
83502-0-0-10.wav,83502,5.0,9.0,2,10,0,air_conditioner,4.0,UrbanSound8K/audio/fold10/83502-0-0-10.wav,True
83502-0-0-11.wav,83502,5.5,9.5,2,10,0,air_conditioner,4.0,UrbanSound8K/audio/fold10/83502-0-0-11.wav,True
83502-0-0-12.wav,83502,6.0,10.0,2,10,0,air_conditioner,4.0,UrbanSound8K/audio/fold10/83502-0-0-12.wav,True
83502-0-0-13.wav,83502,6.5,10.5,2,10,0,air_conditioner,4.0,UrbanSound8K/audio/fold10/83502-0-0-13.wav,True
83502-0-0-2.wav,83502,1.0,5.0,2,10,0,air_conditioner,4.0,UrbanSound8K/audio/fold10/83502-0-0-2.wav,True
83502-0-0-3.wav,83502,1.5,5.5,2,10,0,air_conditioner,4.0,UrbanSound8K/audio/fold10/83502-0-0-3.wav,True
83502-0-0-4.wav,83502,2.0,6.0,2,10,0,air_conditioner,4.0,UrbanSound8K/audio/fold10/83502-0-0-4.wav,True
83502-0-0-5.wav,83502,2.5,6.5,2,10,0,air_conditioner,4.0,UrbanSound8K/audio/fold10/83502-0-0-5.wav,True
83502-0-0-6.wav,83502,3.0,7.0,2,10,0,air_conditioner,4.0,UrbanSound8K/audio/fold10/83502-0-0-6.wav,True
83502-0-0-7.wav,83502,3.5,7.5,2,10,0,air_conditioner,4.0,UrbanSound8K/audio/fold10/83502-0-0-7.wav,True
83502-0-0-8.wav,83502,4.0,8.0,2,10,0,air_conditioner,4.0,UrbanSound8K/audio/fold10/83502-0-0-8.wav,True
83502-0-0-9.wav,83502,4.5,8.5,2,10,0,air_conditioner,4.0,UrbanSound8K/audio/fold10/83502-0-0-9.wav,True
84143-2-0-10.wav,84143,5.0,9.0,2,7,2,children_playing,4.0,UrbanSound8K/audio/fold7/84143-2-0-10.wav,True
84143-2-0-12.wav,84143,6.0,10.0,2,7,2,children_playing,4.0,UrbanSound8K/audio/fold7/84143-2-0-12.wav,True
84143-2-0-13.wav,84143,6.5,10.5,2,7,2,children_playing,4.0,UrbanSound8K/audio/fold7/84143-2-0-13.wav,True
84143-2-0-14.wav,84143,7.0,11.0,2,7,2,children_playing,4.0,UrbanSound8K/audio/fold7/84143-2-0-14.wav,True
84143-2-0-15.wav,84143,7.5,11.5,2,7,2,children_playing,4.0,UrbanSound8K/audio/fold7/84143-2-0-15.wav,True
84143-2-0-32.wav,84143,16.0,20.0,2,7,2,children_playing,4.0,UrbanSound8K/audio/fold7/84143-2-0-32.wav,True
84143-2-0-38.wav,84143,19.0,23.0,2,7,2,children_playing,4.0,UrbanSound8K/audio/fold7/84143-2-0-38.wav,True
84143-2-0-7.wav,84143,3.5,7.5,2,7,2,children_playing,4.0,UrbanSound8K/audio/fold7/84143-2-0-7.wav,True
84249-9-0-10.wav,84249,5.0,9.0,2,10,9,street_music,4.0,UrbanSound8K/audio/fold10/84249-9-0-10.wav,True
84249-9-0-11.wav,84249,5.5,9.5,2,10,9,street_music,4.0,UrbanSound8K/audio/fold10/84249-9-0-11.wav,True
84249-9-0-3.wav,84249,1.5,5.5,2,10,9,street_music,4.0,UrbanSound8K/audio/fold10/84249-9-0-3.wav,True
84249-9-0-6.wav,84249,3.0,7.0,2,10,9,street_music,4.0,UrbanSound8K/audio/fold10/84249-9-0-6.wav,True
84249-9-0-7.wav,84249,3.5,7.5,2,10,9,street_music,4.0,UrbanSound8K/audio/fold10/84249-9-0-7.wav,True
84249-9-0-8.wav,84249,4.0,8.0,2,10,9,street_music,4.0,UrbanSound8K/audio/fold10/84249-9-0-8.wav,True
84359-2-0-0.wav,84359,0.0,4.0,2,2,2,children_playing,4.0,UrbanSound8K/audio/fold2/84359-2-0-0.wav,True
84359-2-0-1.wav,84359,0.5,4.5,2,2,2,children_playing,4.0,UrbanSound8K/audio/fold2/84359-2-0-1.wav,True
84359-2-0-2.wav,84359,1.0,5.0,2,2,2,children_playing,4.0,UrbanSound8K/audio/fold2/84359-2-0-2.wav,True
84359-2-0-5.wav,84359,2.5,6.5,2,2,2,children_playing,4.0,UrbanSound8K/audio/fold2/84359-2-0-5.wav,True
84359-2-0-6.wav,84359,3.0,7.0,2,2,2,children_playing,4.0,UrbanSound8K/audio/fold2/84359-2-0-6.wav,True
84359-2-0-8.wav,84359,4.0,8.0,2,2,2,children_playing,4.0,UrbanSound8K/audio/fold2/84359-2-0-8.wav,True
84359-2-0-9.wav,84359,4.5,8.5,2,2,2,children_playing,4.0,UrbanSound8K/audio/fold2/84359-2-0-9.wav,True
85574-3-0-0.wav,85574,0.0,4.0,2,10,3,dog_bark,4.0,UrbanSound8K/audio/fold10/85574-3-0-0.wav,True
85574-3-0-12.wav,85574,6.0,10.0,2,10,3,dog_bark,4.0,UrbanSound8K/audio/fold10/85574-3-0-12.wav,True
85574-3-0-2.wav,85574,1.0,5.0,2,10,3,dog_bark,4.0,UrbanSound8K/audio/fold10/85574-3-0-2.wav,True
85574-3-0-8.wav,85574,4.0,8.0,2,10,3,dog_bark,4.0,UrbanSound8K/audio/fold10/85574-3-0-8.wav,True
86284-3-0-0.wav,86284,17.911702,21.911702,2,5,3,dog_bark,4.0,UrbanSound8K/audio/fold5/86284-3-0-0.wav,True
86284-3-1-0.wav,86284,25.548308,27.350204,2,5,3,dog_bark,1.8018960000000028,UrbanSound8K/audio/fold5/86284-3-1-0.wav,True
87275-1-0-0.wav,87275,1.337496,1.482876,2,1,1,car_horn,0.14538000000000006,UrbanSound8K/audio/fold1/87275-1-0-0.wav,True
87275-1-1-0.wav,87275,1.613718,1.668236,2,1,1,car_horn,0.054518000000000066,UrbanSound8K/audio/fold1/87275-1-1-0.wav,True
87275-1-2-0.wav,87275,1.817251,1.871768,2,1,1,car_horn,0.05451700000000015,UrbanSound8K/audio/fold1/87275-1-2-0.wav,True
87275-1-3-0.wav,87275,2.202508,2.264294,2,1,1,car_horn,0.06178600000000012,UrbanSound8K/audio/fold1/87275-1-3-0.wav,True
87275-1-4-0.wav,87275,2.409674,2.47873,2,1,1,car_horn,0.06905600000000023,UrbanSound8K/audio/fold1/87275-1-4-0.wav,True
87275-1-5-0.wav,87275,2.645917,2.754952,2,1,1,car_horn,0.10903499999999999,UrbanSound8K/audio/fold1/87275-1-5-0.wav,True
88121-8-0-0.wav,88121,0.0,4.0,2,10,8,siren,4.0,UrbanSound8K/audio/fold10/88121-8-0-0.wav,True
88121-8-0-1.wav,88121,0.5,4.5,2,10,8,siren,4.0,UrbanSound8K/audio/fold10/88121-8-0-1.wav,True
88121-8-0-2.wav,88121,1.0,5.0,2,10,8,siren,4.0,UrbanSound8K/audio/fold10/88121-8-0-2.wav,True
88121-8-0-3.wav,88121,1.5,5.5,2,10,8,siren,4.0,UrbanSound8K/audio/fold10/88121-8-0-3.wav,True
88121-8-1-0.wav,88121,10.767184,11.870933,2,10,8,siren,1.1037490000000005,UrbanSound8K/audio/fold10/88121-8-1-0.wav,True
88121-8-2-0.wav,88121,12.411545,14.36,2,10,8,siren,1.9484549999999992,UrbanSound8K/audio/fold10/88121-8-2-0.wav,True
88569-2-0-14.wav,88569,7.0,11.0,2,3,2,children_playing,4.0,UrbanSound8K/audio/fold3/88569-2-0-14.wav,True
88569-2-0-21.wav,88569,10.5,14.5,2,3,2,children_playing,4.0,UrbanSound8K/audio/fold3/88569-2-0-21.wav,True
88569-2-0-36.wav,88569,18.0,22.0,2,3,2,children_playing,4.0,UrbanSound8K/audio/fold3/88569-2-0-36.wav,True
88569-2-0-54.wav,88569,27.0,31.0,2,3,2,children_playing,4.0,UrbanSound8K/audio/fold3/88569-2-0-54.wav,True
88569-2-0-67.wav,88569,33.5,37.5,2,3,2,children_playing,4.0,UrbanSound8K/audio/fold3/88569-2-0-67.wav,True
88569-2-0-77.wav,88569,38.5,42.5,2,3,2,children_playing,4.0,UrbanSound8K/audio/fold3/88569-2-0-77.wav,True
88569-2-0-85.wav,88569,42.5,46.5,2,3,2,children_playing,4.0,UrbanSound8K/audio/fold3/88569-2-0-85.wav,True
89679-1-0-0.wav,89679,20.28993,21.585583,2,7,1,car_horn,1.2956530000000015,UrbanSound8K/audio/fold7/89679-1-0-0.wav,True
89679-1-1-0.wav,89679,22.362975,23.114454,2,7,1,car_horn,0.7514789999999998,UrbanSound8K/audio/fold7/89679-1-1-0.wav,True
90846-8-0-0.wav,90846,0.38257,1.702854,2,3,8,siren,1.320284,UrbanSound8K/audio/fold3/90846-8-0-0.wav,True
91396-8-0-0.wav,91396,121.591247,125.591247,2,2,8,siren,4.0,UrbanSound8K/audio/fold2/91396-8-0-0.wav,True
91396-8-0-1.wav,91396,122.091247,126.091247,2,2,8,siren,4.0,UrbanSound8K/audio/fold2/91396-8-0-1.wav,True
91396-8-0-2.wav,91396,122.591247,126.591247,2,2,8,siren,4.0,UrbanSound8K/audio/fold2/91396-8-0-2.wav,True
91396-8-0-3.wav,91396,123.091247,127.091247,2,2,8,siren,4.0,UrbanSound8K/audio/fold2/91396-8-0-3.wav,True
93065-9-0-12.wav,93065,6.0,10.0,2,3,9,street_music,4.0,UrbanSound8K/audio/fold3/93065-9-0-12.wav,True
93065-9-0-14.wav,93065,7.0,11.0,2,3,9,street_music,4.0,UrbanSound8K/audio/fold3/93065-9-0-14.wav,True
93065-9-0-17.wav,93065,8.5,12.5,2,3,9,street_music,4.0,UrbanSound8K/audio/fold3/93065-9-0-17.wav,True
93065-9-0-2.wav,93065,1.0,5.0,2,3,9,street_music,4.0,UrbanSound8K/audio/fold3/93065-9-0-2.wav,True
93065-9-0-4.wav,93065,2.0,6.0,2,3,9,street_music,4.0,UrbanSound8K/audio/fold3/93065-9-0-4.wav,True
93065-9-0-7.wav,93065,3.5,7.5,2,3,9,street_music,4.0,UrbanSound8K/audio/fold3/93065-9-0-7.wav,True
93193-9-0-4.wav,93193,2.913165,6.913165,2,2,9,street_music,4.0,UrbanSound8K/audio/fold2/93193-9-0-4.wav,True
93193-9-1-11.wav,93193,165.075575,169.075575,2,2,9,street_music,4.0,UrbanSound8K/audio/fold2/93193-9-1-11.wav,True
93193-9-1-18.wav,93193,168.575575,172.575575,2,2,9,street_music,4.0,UrbanSound8K/audio/fold2/93193-9-1-18.wav,True
93193-9-1-19.wav,93193,169.075575,173.075575,2,2,9,street_music,4.0,UrbanSound8K/audio/fold2/93193-9-1-19.wav,True
93193-9-1-22.wav,93193,170.575575,174.575575,2,2,9,street_music,4.0,UrbanSound8K/audio/fold2/93193-9-1-22.wav,True
93193-9-1-6.wav,93193,162.575575,166.575575,2,2,9,street_music,4.0,UrbanSound8K/audio/fold2/93193-9-1-6.wav,True
93567-8-0-0.wav,93567,4.044365,8.044364999999999,2,10,8,siren,3.999999999999999,UrbanSound8K/audio/fold10/93567-8-0-0.wav,True
93567-8-0-1.wav,93567,4.544365,8.544364999999999,2,10,8,siren,3.999999999999999,UrbanSound8K/audio/fold10/93567-8-0-1.wav,True
93567-8-0-10.wav,93567,9.044365,13.044365,2,10,8,siren,4.0,UrbanSound8K/audio/fold10/93567-8-0-10.wav,True
93567-8-0-11.wav,93567,9.544365,13.544365,2,10,8,siren,4.0,UrbanSound8K/audio/fold10/93567-8-0-11.wav,True
93567-8-0-12.wav,93567,10.044365,14.044365,2,10,8,siren,4.0,UrbanSound8K/audio/fold10/93567-8-0-12.wav,True
93567-8-0-13.wav,93567,10.544365,14.544365,2,10,8,siren,4.0,UrbanSound8K/audio/fold10/93567-8-0-13.wav,True
93567-8-0-14.wav,93567,11.044365,15.044365,2,10,8,siren,4.0,UrbanSound8K/audio/fold10/93567-8-0-14.wav,True
93567-8-0-15.wav,93567,11.544365,15.544365,2,10,8,siren,4.0,UrbanSound8K/audio/fold10/93567-8-0-15.wav,True
93567-8-0-16.wav,93567,12.044365,16.044365,2,10,8,siren,3.9999999999999982,UrbanSound8K/audio/fold10/93567-8-0-16.wav,True
93567-8-0-17.wav,93567,12.544365,16.544365,2,10,8,siren,3.9999999999999982,UrbanSound8K/audio/fold10/93567-8-0-17.wav,True
93567-8-0-18.wav,93567,13.044365,17.044365,2,10,8,siren,3.9999999999999982,UrbanSound8K/audio/fold10/93567-8-0-18.wav,True
93567-8-0-19.wav,93567,13.544365,17.544365,2,10,8,siren,3.9999999999999982,UrbanSound8K/audio/fold10/93567-8-0-19.wav,True
93567-8-0-2.wav,93567,5.044365,9.044365,2,10,8,siren,4.000000000000001,UrbanSound8K/audio/fold10/93567-8-0-2.wav,True
93567-8-0-3.wav,93567,5.544365,9.544365,2,10,8,siren,4.000000000000001,UrbanSound8K/audio/fold10/93567-8-0-3.wav,True
93567-8-0-4.wav,93567,6.044365,10.044365,2,10,8,siren,4.000000000000001,UrbanSound8K/audio/fold10/93567-8-0-4.wav,True
93567-8-0-5.wav,93567,6.544365,10.544365,2,10,8,siren,4.000000000000001,UrbanSound8K/audio/fold10/93567-8-0-5.wav,True
93567-8-0-6.wav,93567,7.044365,11.044365,2,10,8,siren,4.000000000000001,UrbanSound8K/audio/fold10/93567-8-0-6.wav,True
93567-8-0-7.wav,93567,7.544365,11.544365,2,10,8,siren,4.000000000000001,UrbanSound8K/audio/fold10/93567-8-0-7.wav,True
93567-8-0-8.wav,93567,8.044364999999999,12.044365,2,10,8,siren,4.000000000000002,UrbanSound8K/audio/fold10/93567-8-0-8.wav,True
93567-8-0-9.wav,93567,8.544364999999999,12.544365,2,10,8,siren,4.000000000000002,UrbanSound8K/audio/fold10/93567-8-0-9.wav,True
94020-8-0-0.wav,94020,72.662085,74.890983,2,4,8,siren,2.228898000000001,UrbanSound8K/audio/fold4/94020-8-0-0.wav,True
94632-5-0-0.wav,94632,23.60467,27.60467,2,6,5,engine_idling,4.0,UrbanSound8K/audio/fold6/94632-5-0-0.wav,True
94632-5-0-10.wav,94632,28.60467,32.60467,2,6,5,engine_idling,4.0,UrbanSound8K/audio/fold6/94632-5-0-10.wav,True
94632-5-0-13.wav,94632,30.10467,34.10467,2,6,5,engine_idling,4.0,UrbanSound8K/audio/fold6/94632-5-0-13.wav,True
94632-5-0-14.wav,94632,30.60467,34.60467,2,6,5,engine_idling,4.0,UrbanSound8K/audio/fold6/94632-5-0-14.wav,True
94632-5-0-15.wav,94632,31.10467,35.10467,2,6,5,engine_idling,4.0,UrbanSound8K/audio/fold6/94632-5-0-15.wav,True
94632-5-0-2.wav,94632,24.60467,28.60467,2,6,5,engine_idling,4.0,UrbanSound8K/audio/fold6/94632-5-0-2.wav,True
94632-5-0-21.wav,94632,34.10467,38.10467,2,6,5,engine_idling,4.0,UrbanSound8K/audio/fold6/94632-5-0-21.wav,True
94632-5-0-22.wav,94632,34.60467,38.60467,2,6,5,engine_idling,4.0,UrbanSound8K/audio/fold6/94632-5-0-22.wav,True
94632-5-0-25.wav,94632,36.10467,40.10467,2,6,5,engine_idling,4.0,UrbanSound8K/audio/fold6/94632-5-0-25.wav,True
94632-5-0-27.wav,94632,37.10467,41.10467,2,6,5,engine_idling,4.0,UrbanSound8K/audio/fold6/94632-5-0-27.wav,True
94632-5-0-28.wav,94632,37.60467,41.60467,2,6,5,engine_idling,4.0,UrbanSound8K/audio/fold6/94632-5-0-28.wav,True
94632-5-0-29.wav,94632,38.10467,42.10467,2,6,5,engine_idling,4.0,UrbanSound8K/audio/fold6/94632-5-0-29.wav,True
94632-5-0-31.wav,94632,39.10467,43.10467,2,6,5,engine_idling,4.0,UrbanSound8K/audio/fold6/94632-5-0-31.wav,True
94632-5-0-33.wav,94632,40.10467,44.10467,2,6,5,engine_idling,4.0,UrbanSound8K/audio/fold6/94632-5-0-33.wav,True
94632-5-0-34.wav,94632,40.60467,44.60467,2,6,5,engine_idling,4.0,UrbanSound8K/audio/fold6/94632-5-0-34.wav,True
94632-5-0-6.wav,94632,26.60467,30.60467,2,6,5,engine_idling,4.0,UrbanSound8K/audio/fold6/94632-5-0-6.wav,True
94632-5-0-8.wav,94632,27.60467,31.60467,2,6,5,engine_idling,4.0,UrbanSound8K/audio/fold6/94632-5-0-8.wav,True
94632-5-0-9.wav,94632,28.10467,32.10467,2,6,5,engine_idling,4.0,UrbanSound8K/audio/fold6/94632-5-0-9.wav,True
94632-5-1-11.wav,94632,122.21198,126.21198,2,6,5,engine_idling,4.0,UrbanSound8K/audio/fold6/94632-5-1-11.wav,True
94632-5-1-13.wav,94632,123.21198,127.21198,2,6,5,engine_idling,4.0,UrbanSound8K/audio/fold6/94632-5-1-13.wav,True
94632-5-1-14.wav,94632,123.71198,127.71198,2,6,5,engine_idling,4.0,UrbanSound8K/audio/fold6/94632-5-1-14.wav,True
94632-5-1-17.wav,94632,125.21198,129.21197999999998,2,6,5,engine_idling,3.999999999999986,UrbanSound8K/audio/fold6/94632-5-1-17.wav,True
94632-5-1-18.wav,94632,125.71198,129.71197999999998,2,6,5,engine_idling,3.999999999999986,UrbanSound8K/audio/fold6/94632-5-1-18.wav,True
94632-5-1-19.wav,94632,126.21198,130.21197999999998,2,6,5,engine_idling,3.999999999999986,UrbanSound8K/audio/fold6/94632-5-1-19.wav,True
94632-5-1-2.wav,94632,117.71198,121.71198,2,6,5,engine_idling,4.0,UrbanSound8K/audio/fold6/94632-5-1-2.wav,True
94632-5-1-23.wav,94632,128.21197999999998,132.21197999999998,2,6,5,engine_idling,4.0,UrbanSound8K/audio/fold6/94632-5-1-23.wav,True
94632-5-1-26.wav,94632,129.71197999999998,133.71197999999998,2,6,5,engine_idling,4.0,UrbanSound8K/audio/fold6/94632-5-1-26.wav,True
94632-5-1-28.wav,94632,130.71197999999998,134.71197999999998,2,6,5,engine_idling,4.0,UrbanSound8K/audio/fold6/94632-5-1-28.wav,True
94632-5-1-30.wav,94632,131.71197999999998,135.71197999999998,2,6,5,engine_idling,4.0,UrbanSound8K/audio/fold6/94632-5-1-30.wav,True
94632-5-1-7.wav,94632,120.21198,124.21198,2,6,5,engine_idling,4.0,UrbanSound8K/audio/fold6/94632-5-1-7.wav,True
94632-5-1-9.wav,94632,121.21198,125.21198,2,6,5,engine_idling,4.0,UrbanSound8K/audio/fold6/94632-5-1-9.wav,True
94636-8-0-0.wav,94636,0.0,4.0,2,3,8,siren,4.0,UrbanSound8K/audio/fold3/94636-8-0-0.wav,True
94636-8-0-1.wav,94636,0.5,4.5,2,3,8,siren,4.0,UrbanSound8K/audio/fold3/94636-8-0-1.wav,True
94636-8-0-10.wav,94636,5.0,9.0,2,3,8,siren,4.0,UrbanSound8K/audio/fold3/94636-8-0-10.wav,True
94636-8-0-11.wav,94636,5.5,9.5,2,3,8,siren,4.0,UrbanSound8K/audio/fold3/94636-8-0-11.wav,True
94636-8-0-12.wav,94636,6.0,10.0,2,3,8,siren,4.0,UrbanSound8K/audio/fold3/94636-8-0-12.wav,True
94636-8-0-13.wav,94636,6.5,10.5,2,3,8,siren,4.0,UrbanSound8K/audio/fold3/94636-8-0-13.wav,True
94636-8-0-14.wav,94636,7.0,11.0,2,3,8,siren,4.0,UrbanSound8K/audio/fold3/94636-8-0-14.wav,True
94636-8-0-15.wav,94636,7.5,11.5,2,3,8,siren,4.0,UrbanSound8K/audio/fold3/94636-8-0-15.wav,True
94636-8-0-16.wav,94636,8.0,12.0,2,3,8,siren,4.0,UrbanSound8K/audio/fold3/94636-8-0-16.wav,True
94636-8-0-17.wav,94636,8.5,12.5,2,3,8,siren,4.0,UrbanSound8K/audio/fold3/94636-8-0-17.wav,True
94636-8-0-18.wav,94636,9.0,13.0,2,3,8,siren,4.0,UrbanSound8K/audio/fold3/94636-8-0-18.wav,True
94636-8-0-19.wav,94636,9.5,13.5,2,3,8,siren,4.0,UrbanSound8K/audio/fold3/94636-8-0-19.wav,True
94636-8-0-2.wav,94636,1.0,5.0,2,3,8,siren,4.0,UrbanSound8K/audio/fold3/94636-8-0-2.wav,True
94636-8-0-20.wav,94636,10.0,14.0,2,3,8,siren,4.0,UrbanSound8K/audio/fold3/94636-8-0-20.wav,True
94636-8-0-21.wav,94636,10.5,14.5,2,3,8,siren,4.0,UrbanSound8K/audio/fold3/94636-8-0-21.wav,True
94636-8-0-3.wav,94636,1.5,5.5,2,3,8,siren,4.0,UrbanSound8K/audio/fold3/94636-8-0-3.wav,True
94636-8-0-4.wav,94636,2.0,6.0,2,3,8,siren,4.0,UrbanSound8K/audio/fold3/94636-8-0-4.wav,True
94636-8-0-5.wav,94636,2.5,6.5,2,3,8,siren,4.0,UrbanSound8K/audio/fold3/94636-8-0-5.wav,True
94636-8-0-6.wav,94636,3.0,7.0,2,3,8,siren,4.0,UrbanSound8K/audio/fold3/94636-8-0-6.wav,True
94636-8-0-7.wav,94636,3.5,7.5,2,3,8,siren,4.0,UrbanSound8K/audio/fold3/94636-8-0-7.wav,True
94636-8-0-8.wav,94636,4.0,8.0,2,3,8,siren,4.0,UrbanSound8K/audio/fold3/94636-8-0-8.wav,True
94636-8-0-9.wav,94636,4.5,8.5,2,3,8,siren,4.0,UrbanSound8K/audio/fold3/94636-8-0-9.wav,True
95404-3-0-0.wav,95404,35.401208,39.401208,2,4,3,dog_bark,4.0,UrbanSound8K/audio/fold4/95404-3-0-0.wav,True
95404-3-0-1.wav,95404,35.901208,39.901208,2,4,3,dog_bark,4.0,UrbanSound8K/audio/fold4/95404-3-0-1.wav,True
95404-3-0-4.wav,95404,37.401208,41.401208,2,4,3,dog_bark,4.0,UrbanSound8K/audio/fold4/95404-3-0-4.wav,True
95404-3-0-5.wav,95404,37.901208,41.901208,2,4,3,dog_bark,4.0,UrbanSound8K/audio/fold4/95404-3-0-5.wav,True
95536-3-0-1.wav,95536,0.5,4.5,2,6,3,dog_bark,4.0,UrbanSound8K/audio/fold6/95536-3-0-1.wav,True
95536-3-0-2.wav,95536,1.0,5.0,2,6,3,dog_bark,4.0,UrbanSound8K/audio/fold6/95536-3-0-2.wav,True
95536-3-0-4.wav,95536,2.0,6.0,2,6,3,dog_bark,4.0,UrbanSound8K/audio/fold6/95536-3-0-4.wav,True
95536-3-0-5.wav,95536,2.5,6.5,2,6,3,dog_bark,4.0,UrbanSound8K/audio/fold6/95536-3-0-5.wav,True
95549-3-0-14.wav,95549,18.181689,22.181689,2,8,3,dog_bark,4.0,UrbanSound8K/audio/fold8/95549-3-0-14.wav,True
95549-3-0-20.wav,95549,21.181689,25.181689,2,8,3,dog_bark,4.0,UrbanSound8K/audio/fold8/95549-3-0-20.wav,True
95549-3-0-6.wav,95549,14.181689,18.181689,2,8,3,dog_bark,3.9999999999999982,UrbanSound8K/audio/fold8/95549-3-0-6.wav,True
95549-3-0-7.wav,95549,14.681689,18.681689,2,8,3,dog_bark,3.9999999999999982,UrbanSound8K/audio/fold8/95549-3-0-7.wav,True
96657-8-0-0.wav,96657,122.337051,126.337051,2,8,8,siren,4.0,UrbanSound8K/audio/fold8/96657-8-0-0.wav,True
96657-8-0-1.wav,96657,122.837051,126.837051,2,8,8,siren,4.0,UrbanSound8K/audio/fold8/96657-8-0-1.wav,True
96657-8-0-2.wav,96657,123.337051,127.337051,2,8,8,siren,4.0,UrbanSound8K/audio/fold8/96657-8-0-2.wav,True
96657-8-0-3.wav,96657,123.837051,127.837051,2,8,8,siren,4.0,UrbanSound8K/audio/fold8/96657-8-0-3.wav,True
98680-9-0-11.wav,98680,5.5,9.5,2,6,9,street_music,4.0,UrbanSound8K/audio/fold6/98680-9-0-11.wav,True
98680-9-0-14.wav,98680,7.0,11.0,2,6,9,street_music,4.0,UrbanSound8K/audio/fold6/98680-9-0-14.wav,True
98680-9-0-2.wav,98680,1.0,5.0,2,6,9,street_music,4.0,UrbanSound8K/audio/fold6/98680-9-0-2.wav,True
98680-9-0-3.wav,98680,1.5,5.5,2,6,9,street_music,4.0,UrbanSound8K/audio/fold6/98680-9-0-3.wav,True
98680-9-0-5.wav,98680,2.5,6.5,2,6,9,street_music,4.0,UrbanSound8K/audio/fold6/98680-9-0-5.wav,True
98681-9-0-0.wav,98681,0.0,4.0,2,3,9,street_music,4.0,UrbanSound8K/audio/fold3/98681-9-0-0.wav,True
98681-9-0-11.wav,98681,5.5,9.5,2,3,9,street_music,4.0,UrbanSound8K/audio/fold3/98681-9-0-11.wav,True
98681-9-0-12.wav,98681,6.0,10.0,2,3,9,street_music,4.0,UrbanSound8K/audio/fold3/98681-9-0-12.wav,True
98681-9-0-5.wav,98681,2.5,6.5,2,3,9,street_music,4.0,UrbanSound8K/audio/fold3/98681-9-0-5.wav,True
98681-9-0-6.wav,98681,3.0,7.0,2,3,9,street_music,4.0,UrbanSound8K/audio/fold3/98681-9-0-6.wav,True
98681-9-0-7.wav,98681,3.5,7.5,2,3,9,street_music,4.0,UrbanSound8K/audio/fold3/98681-9-0-7.wav,True
99157-9-0-10.wav,99157,9.928661,13.928661,2,4,9,street_music,4.0,UrbanSound8K/audio/fold4/99157-9-0-10.wav,True
99157-9-0-15.wav,99157,12.428661,16.428660999999998,2,4,9,street_music,3.9999999999999982,UrbanSound8K/audio/fold4/99157-9-0-15.wav,True
99157-9-0-16.wav,99157,12.928661,16.928660999999998,2,4,9,street_music,3.9999999999999982,UrbanSound8K/audio/fold4/99157-9-0-16.wav,True
99157-9-0-22.wav,99157,15.928661,19.928661,2,4,9,street_music,4.000000000000002,UrbanSound8K/audio/fold4/99157-9-0-22.wav,True
99157-9-0-24.wav,99157,16.928660999999998,20.928661,2,4,9,street_music,4.0000000000000036,UrbanSound8K/audio/fold4/99157-9-0-24.wav,True
99157-9-0-31.wav,99157,20.428661,24.428661,2,4,9,street_music,4.0,UrbanSound8K/audio/fold4/99157-9-0-31.wav,True
99500-2-0-1.wav,99500,0.5,4.5,2,9,2,children_playing,4.0,UrbanSound8K/audio/fold9/99500-2-0-1.wav,True
99500-2-0-11.wav,99500,5.5,9.5,2,9,2,children_playing,4.0,UrbanSound8K/audio/fold9/99500-2-0-11.wav,True
99500-2-0-2.wav,99500,1.0,5.0,2,9,2,children_playing,4.0,UrbanSound8K/audio/fold9/99500-2-0-2.wav,True
99500-2-0-23.wav,99500,11.5,15.5,2,9,2,children_playing,4.0,UrbanSound8K/audio/fold9/99500-2-0-23.wav,True
99500-2-0-29.wav,99500,14.5,18.5,2,9,2,children_playing,4.0,UrbanSound8K/audio/fold9/99500-2-0-29.wav,True
99500-2-0-39.wav,99500,19.5,23.5,2,9,2,children_playing,4.0,UrbanSound8K/audio/fold9/99500-2-0-39.wav,True
99500-2-0-41.wav,99500,20.5,24.5,2,9,2,children_playing,4.0,UrbanSound8K/audio/fold9/99500-2-0-41.wav,True
99500-2-0-50.wav,99500,25.0,29.0,2,9,2,children_playing,4.0,UrbanSound8K/audio/fold9/99500-2-0-50.wav,True
99812-1-0-0.wav,99812,38.176254,42.176254,2,7,1,car_horn,4.0,UrbanSound8K/audio/fold7/99812-1-0-0.wav,True
99812-1-0-1.wav,99812,38.676254,42.676254,2,7,1,car_horn,4.0,UrbanSound8K/audio/fold7/99812-1-0-1.wav,True
99812-1-0-2.wav,99812,39.176254,43.176254,2,7,1,car_horn,4.0,UrbanSound8K/audio/fold7/99812-1-0-2.wav,True
99812-1-1-0.wav,99812,89.207778,93.207778,2,7,1,car_horn,4.0,UrbanSound8K/audio/fold7/99812-1-1-0.wav,True
99812-1-2-0.wav,99812,159.522205,163.522205,2,7,1,car_horn,4.0,UrbanSound8K/audio/fold7/99812-1-2-0.wav,True
99812-1-3-0.wav,99812,181.142431,183.284976,2,7,1,car_horn,2.1425450000000126,UrbanSound8K/audio/fold7/99812-1-3-0.wav,True
99812-1-4-0.wav,99812,242.691902,246.197885,2,7,1,car_horn,3.5059830000000147,UrbanSound8K/audio/fold7/99812-1-4-0.wav,True
99812-1-5-0.wav,99812,253.20985,255.741948,2,7,1,car_horn,2.532098000000019,UrbanSound8K/audio/fold7/99812-1-5-0.wav,True
99812-1-6-0.wav,99812,332.289233,334.821332,2,7,1,car_horn,2.5320989999999597,UrbanSound8K/audio/fold7/99812-1-6-0.wav,True
