relative_audio_path,slice_file_name,fsID,fold,classID,class,sample_rate,channels,frames,actual_duration_sec,rms,rms_dbfs,peak_abs,peak_dbfs,clipping_sample_count,clipping_fraction,silent_frame_count,total_frame_count,silent_frame_fraction,quality_read_error
UrbanSound8K/audio/fold4/176003-1-0-0.wav,176003-1-0-0.wav,176003,4,1,car_horn,96000,1,107520,1.12,0.6827995777130127,-3.3141351230548404,1.0,0.0,16440,0.1529017857142857,1,23,0.0434782608695652,
UrbanSound8K/audio/fold3/72537-3-0-8.wav,72537-3-0-8.wav,72537,3,3,dog_bark,11025,2,44100,4.0,0.4006265699863434,-7.94520502417393,1.0,0.0,10337,0.1171995464852607,0,81,0.0,
UrbanSound8K/audio/fold7/159708-6-2-0.wav,159708-6-2-0.wav,159708,7,6,gun_shot,48000,2,13901,0.2896041666666666,0.726466715335846,-2.775685581266081,1.0,0.0,3065,0.1102438673476728,0,6,0.0,
UrbanSound8K/audio/fold7/159708-6-3-0.wav,159708-6-3-0.wav,159708,7,6,gun_shot,48000,2,14369,0.2993541666666666,0.8291521072387695,-1.6273158238601348,1.0,0.0,2958,0.1029299185747094,0,6,0.0,
UrbanSound8K/audio/fold7/159708-6-1-0.wav,159708-6-1-0.wav,159708,7,6,gun_shot,48000,2,13701,0.2854375,0.7508805394172668,-2.4885830228633843,1.0,0.0,2746,0.1002116633822348,0,6,0.0,
UrbanSound8K/audio/fold5/36263-9-0-13.wav,36263-9-0-13.wav,36263,5,9,street_music,44100,2,176400,4.0,0.5311552286148071,-5.495570780669191,1.0,0.0,34148,0.0967913832199546,0,80,0.0,
UrbanSound8K/audio/fold3/72537-3-0-6.wav,72537-3-0-6.wav,72537,3,3,dog_bark,11025,2,44100,4.0,0.3557283580303192,-8.977630245051445,1.0,0.0,7881,0.0893537414965986,0,81,0.0,
UrbanSound8K/audio/fold5/36263-9-0-12.wav,36263-9-0-12.wav,36263,5,9,street_music,44100,2,176400,4.0,0.5055387616157532,-5.924910795111336,1.0,0.0,29745,0.0843112244897959,0,80,0.0,
UrbanSound8K/audio/fold5/36263-9-0-17.wav,36263-9-0-17.wav,36263,5,9,street_music,44100,2,176400,4.0,0.4975472092628479,-6.063314107425263,1.0,0.0,27213,0.0771343537414966,0,80,0.0,
UrbanSound8K/audio/fold3/72537-3-0-2.wav,72537-3-0-2.wav,72537,3,3,dog_bark,11025,2,44100,4.0,0.307962566614151,-10.230041390829642,1.0,0.0,5637,0.0639115646258503,0,81,0.0,
UrbanSound8K/audio/fold3/161195-6-0-0.wav,161195-6-0-0.wav,161195,3,6,gun_shot,44100,1,35277,0.7999319727891157,0.3211726546287536,-9.865228772810845,1.0,0.0,1793,0.0508263174306205,2,16,0.125,
UrbanSound8K/audio/fold7/159708-6-0-0.wav,159708-6-0-0.wav,159708,7,6,gun_shot,48000,2,16307,0.3397291666666667,0.5790506601333618,-4.74566877885678,1.0,0.0,1380,0.0423131170662905,0,7,0.0,
UrbanSound8K/audio/fold6/159702-6-0-0.wav,159702-6-0-0.wav,159702,6,6,gun_shot,48000,2,28695,0.5978125,0.4753260612487793,-6.460167469785404,1.0,0.0,2325,0.0405122843700993,0,12,0.0,
UrbanSound8K/audio/fold7/159708-6-4-0.wav,159708-6-4-0.wav,159708,7,6,gun_shot,48000,2,14400,0.3,0.6363289952278137,-3.926365741450592,1.0,0.0,1135,0.0394097222222222,0,6,0.0,
UrbanSound8K/audio/fold5/43787-3-1-0.wav,43787-3-1-0.wav,43787,5,3,dog_bark,48000,2,52320,1.09,0.5994234681129456,-4.445325158657173,1.0,0.0,3979,0.0380256116207951,0,22,0.0,
UrbanSound8K/audio/fold5/43787-3-0-0.wav,43787-3-0-0.wav,43787,5,3,dog_bark,48000,2,61920,1.29,0.5867412090301514,-4.631068171725759,1.0,0.0,4431,0.0357800387596899,0,26,0.0,
UrbanSound8K/audio/fold7/159708-6-5-0.wav,159708-6-5-0.wav,159708,7,6,gun_shot,48000,2,14704,0.3063333333333333,0.4322847127914428,-7.284602449526424,1.0,0.0,1049,0.0356705658324265,0,7,0.0,
UrbanSound8K/audio/fold6/159702-6-5-0.wav,159702-6-5-0.wav,159702,6,6,gun_shot,48000,2,29702,0.6187916666666666,0.4010583758354187,-7.935848185599401,1.0,0.0,2060,0.0346777994747828,0,13,0.0,
UrbanSound8K/audio/fold10/165166-8-0-6.wav,165166-8-0-6.wav,165166,10,8,siren,44100,2,176400,4.0,0.358349859714508,-8.913855224208447,1.0,0.0,11921,0.0337896825396825,0,80,0.0,
UrbanSound8K/audio/fold6/159702-6-3-0.wav,159702-6-3-0.wav,159702,6,6,gun_shot,48000,2,30541,0.6362708333333333,0.40468430519104,-7.857672769154055,1.0,0.0,2022,0.0331030418126453,0,13,0.0,
UrbanSound8K/audio/fold6/159702-6-4-0.wav,159702-6-4-0.wav,159702,6,6,gun_shot,48000,2,28695,0.5978125,0.3983453810214996,-7.994804285846521,1.0,0.0,1847,0.0321833071963756,0,12,0.0,
UrbanSound8K/audio/fold3/118961-3-0-0.wav,118961-3-0-0.wav,118961,3,3,dog_bark,48000,2,36960,0.77,0.394283264875412,-8.083833118261776,1.0,0.0,2344,0.0317099567099567,0,16,0.0,
UrbanSound8K/audio/fold10/165166-8-0-7.wav,165166-8-0-7.wav,165166,10,8,siren,44100,2,176400,4.0,0.2944191694259643,-10.620678336086936,1.0,0.0,11100,0.0314625850340136,0,80,0.0,
UrbanSound8K/audio/fold9/194310-9-0-35.wav,194310-9-0-35.wav,194310,9,9,street_music,44100,2,176400,4.0,0.4619595110416412,-6.70792174003598,1.0,0.0,11100,0.0314625850340136,0,80,0.0,
UrbanSound8K/audio/fold1/86279-3-0-0.wav,86279-3-0-0.wav,86279,1,3,dog_bark,44100,2,153468,3.48,0.2566940188407898,-11.811685011822629,0.999969482421875,-0.0002650763603796,9351,0.0304656345296739,0,70,0.0,
UrbanSound8K/audio/fold6/159702-6-2-0.wav,159702-6-2-0.wav,159702,6,6,gun_shot,48000,2,28320,0.59,0.3648680746555328,-8.757282700232352,1.0,0.0,1705,0.0301024011299435,0,12,0.0,
UrbanSound8K/audio/fold7/83488-1-1-0.wav,83488-1-1-0.wav,83488,7,1,car_horn,44100,2,12580,0.2852607709750567,0.325801819562912,-9.740929890794172,1.0,0.0,744,0.029570747217806,0,6,0.0,
UrbanSound8K/audio/fold6/39854-5-1-4.wav,39854-5-1-4.wav,39854,6,5,engine_idling,44100,2,176400,4.0,0.4450610876083374,-7.031607502160261,1.0,0.0,10292,0.029172335600907,0,80,0.0,
UrbanSound8K/audio/fold10/39847-5-0-11.wav,39847-5-0-11.wav,39847,10,5,engine_idling,44100,2,176400,4.0,0.4535261988639831,-6.867952399490447,1.0,0.0,10276,0.0291269841269841,0,80,0.0,
UrbanSound8K/audio/fold7/83488-1-0-0.wav,83488-1-0-0.wav,83488,7,1,car_horn,44100,2,25578,0.58,0.3347346484661102,-9.5059866277283,1.0,0.0,1486,0.0290484009695832,0,12,0.0,
UrbanSound8K/audio/fold10/39847-5-0-2.wav,39847-5-0-2.wav,39847,10,5,engine_idling,44100,2,176400,4.0,0.4484085738658905,-6.9665218400495,1.0,0.0,10190,0.0288832199546485,0,80,0.0,
UrbanSound8K/audio/fold10/39847-5-0-7.wav,39847-5-0-7.wav,39847,10,5,engine_idling,44100,2,176400,4.0,0.4503483176231384,-6.929029106427224,1.0,0.0,10184,0.0288662131519274,0,80,0.0,
UrbanSound8K/audio/fold6/39854-5-1-3.wav,39854-5-1-3.wav,39854,6,5,engine_idling,44100,2,176400,4.0,0.4403428435325622,-7.124181148653236,1.0,0.0,10138,0.028735827664399,0,80,0.0,
UrbanSound8K/audio/fold10/39847-5-0-3.wav,39847-5-0-3.wav,39847,10,5,engine_idling,44100,2,176400,4.0,0.4529773592948913,-6.878470086852445,1.0,0.0,10104,0.0286394557823129,0,80,0.0,
UrbanSound8K/audio/fold3/162431-6-2-0.wav,162431-6-2-0.wav,162431,3,6,gun_shot,96000,2,61019,0.6356145833333333,0.2499947696924209,-12.04138154795779,1.0,0.0,3455,0.0283108539962962,2,13,0.1538461538461538,
UrbanSound8K/audio/fold6/159702-6-1-0.wav,159702-6-1-0.wav,159702,6,6,gun_shot,48000,2,27689,0.5768541666666667,0.4939457476139068,-6.126414981276003,1.0,0.0,1566,0.0282783776951135,0,12,0.0,
UrbanSound8K/audio/fold10/39847-5-0-4.wav,39847-5-0-4.wav,39847,10,5,engine_idling,44100,2,176400,4.0,0.4498613476753235,-6.938426400856309,1.0,0.0,9910,0.0280895691609977,0,80,0.0,
UrbanSound8K/audio/fold7/159705-6-0-0.wav,159705-6-0-0.wav,159705,7,6,gun_shot,48000,2,63201,1.3166875,0.3732254803180694,-8.560574287589729,1.0,0.0,3539,0.0279979747155899,0,27,0.0,
UrbanSound8K/audio/fold10/39847-5-0-8.wav,39847-5-0-8.wav,39847,10,5,engine_idling,44100,2,176400,4.0,0.4414247572422027,-7.1028662629906805,1.0,0.0,9810,0.0278061224489795,0,80,0.0,
UrbanSound8K/audio/fold7/159708-6-6-0.wav,159708-6-6-0.wav,159708,7,6,gun_shot,48000,2,30115,0.6273958333333334,0.3725714683532715,-8.575808131639345,1.0,0.0,1658,0.0275278100614311,0,13,0.0,
UrbanSound8K/audio/fold10/39847-5-0-1.wav,39847-5-0-1.wav,39847,10,5,engine_idling,44100,2,176400,4.0,0.4395893216133117,-7.139057317725314,1.0,0.0,9500,0.0269274376417233,0,80,0.0,
UrbanSound8K/audio/fold10/39847-5-0-10.wav,39847-5-0-10.wav,39847,10,5,engine_idling,44100,2,176400,4.0,0.4360711276531219,-7.208853341790706,1.0,0.0,9474,0.0268537414965986,0,80,0.0,
UrbanSound8K/audio/fold6/39854-5-1-2.wav,39854-5-1-2.wav,39854,6,5,engine_idling,44100,2,176400,4.0,0.4306711256504059,-7.3170848907781405,1.0,0.0,9472,0.0268480725623582,0,80,0.0,
UrbanSound8K/audio/fold10/39847-5-0-5.wav,39847-5-0-5.wav,39847,10,5,engine_idling,44100,2,176400,4.0,0.4383862912654876,-7.162860701825902,1.0,0.0,9304,0.0263718820861678,0,80,0.0,
UrbanSound8K/audio/fold6/39854-5-0-0.wav,39854-5-0-0.wav,39854,6,5,engine_idling,44100,2,176400,4.0,0.4405721426010132,-7.119659335586123,1.0,0.0,9242,0.0261961451247165,0,80,0.0,
UrbanSound8K/audio/fold9/39856-5-0-1.wav,39856-5-0-1.wav,39856,9,5,engine_idling,44100,2,176400,4.0,0.4342229664325714,-7.2457442011806545,1.0,0.0,8942,0.0253458049886621,0,80,0.0,
UrbanSound8K/audio/fold10/39847-5-0-12.wav,39847-5-0-12.wav,39847,10,5,engine_idling,44100,2,176400,4.0,0.4307571351528168,-7.315350401483461,1.0,0.0,8802,0.0249489795918367,0,80,0.0,
UrbanSound8K/audio/fold10/39847-5-0-6.wav,39847-5-0-6.wav,39847,10,5,engine_idling,44100,2,176400,4.0,0.4328230321407318,-7.273792736889257,1.0,0.0,8714,0.0246995464852607,0,80,0.0,
UrbanSound8K/audio/fold10/39847-5-0-0.wav,39847-5-0-0.wav,39847,10,5,engine_idling,44100,2,176400,4.0,0.4308507740497589,-7.313462449622331,1.0,0.0,8708,0.0246825396825396,0,80,0.0,
UrbanSound8K/audio/fold10/39847-5-0-9.wav,39847-5-0-9.wav,39847,10,5,engine_idling,44100,2,176400,4.0,0.4225372672080993,-7.482699616933464,1.0,0.0,8664,0.0245578231292517,0,80,0.0,
UrbanSound8K/audio/fold5/197243-3-0-0.wav,197243-3-0-0.wav,197243,5,3,dog_bark,96000,1,60480,0.63,0.2326244264841079,-12.666893691525022,1.0,0.0,1461,0.024156746031746,0,13,0.0,
UrbanSound8K/audio/fold9/39856-5-0-2.wav,39856-5-0-2.wav,39856,9,5,engine_idling,44100,2,176400,4.0,0.4266726672649383,-7.398103544792496,1.0,0.0,8432,0.0239002267573696,0,80,0.0,
UrbanSound8K/audio/fold6/39854-5-1-1.wav,39854-5-1-1.wav,39854,6,5,engine_idling,44100,2,176400,4.0,0.4132203757762909,-7.6763654338019185,1.0,0.0,8430,0.0238945578231292,0,80,0.0,
UrbanSound8K/audio/fold6/159704-6-0-0.wav,159704-6-0-0.wav,159704,6,6,gun_shot,48000,2,94560,1.97,0.2888444662094116,-10.786718968387875,1.0,0.0,4510,0.0238472927241962,0,40,0.0,
UrbanSound8K/audio/fold9/39856-5-0-21.wav,39856-5-0-21.wav,39856,9,5,engine_idling,44100,2,176400,4.0,0.4281829297542572,-7.367413011794013,1.0,0.0,8332,0.0236167800453514,0,80,0.0,
UrbanSound8K/audio/fold9/39856-5-0-3.wav,39856-5-0-3.wav,39856,9,5,engine_idling,44100,2,176400,4.0,0.4275844991207123,-7.379560946176406,1.0,0.0,8286,0.0234863945578231,0,80,0.0,
UrbanSound8K/audio/fold6/39854-5-1-0.wav,39854-5-1-0.wav,39854,6,5,engine_idling,44100,2,176400,4.0,0.4186371862888336,-7.563243944086519,1.0,0.0,8246,0.0233730158730158,0,80,0.0,
UrbanSound8K/audio/fold3/37560-4-0-1.wav,37560-4-0-1.wav,37560,3,4,drilling,44100,2,176400,4.0,0.4378450214862823,-7.173591681411251,1.0,0.0,8237,0.0233475056689342,0,80,0.0,
UrbanSound8K/audio/fold9/39856-5-0-6.wav,39856-5-0-6.wav,39856,9,5,engine_idling,44100,2,176400,4.0,0.4225578904151916,-7.482275686209908,1.0,0.0,8078,0.0228968253968253,0,80,0.0,
UrbanSound8K/audio/fold6/162434-6-0-0.wav,162434-6-0-0.wav,162434,6,6,gun_shot,96000,2,78569,0.8184270833333334,0.2203459441661834,-13.137898779864264,1.0,0.0,3577,0.0227634308696814,2,17,0.1176470588235294,
UrbanSound8K/audio/fold9/39856-5-0-28.wav,39856-5-0-28.wav,39856,9,5,engine_idling,44100,2,176400,4.0,0.4198134243488312,-7.538873562456606,1.0,0.0,7914,0.0224319727891156,0,80,0.0,
UrbanSound8K/audio/fold2/159710-6-0-0.wav,159710-6-0-0.wav,159710,2,6,gun_shot,48000,2,56160,1.17,0.3740228712558746,-8.542036803235295,1.0,0.0,2515,0.0223913817663817,0,24,0.0,
UrbanSound8K/audio/fold9/39856-5-0-25.wav,39856-5-0-25.wav,39856,9,5,engine_idling,44100,2,176400,4.0,0.4203759431838989,-7.527242905274821,1.0,0.0,7838,0.0222165532879818,0,80,0.0,
UrbanSound8K/audio/fold9/39856-5-0-14.wav,39856-5-0-14.wav,39856,9,5,engine_idling,44100,2,176400,4.0,0.4226095974445343,-7.481212887279769,1.0,0.0,7802,0.0221145124716553,0,80,0.0,
UrbanSound8K/audio/fold9/39856-5-0-27.wav,39856-5-0-27.wav,39856,9,5,engine_idling,44100,2,176400,4.0,0.4131447970867157,-7.677954242672447,1.0,0.0,7794,0.0220918367346938,0,80,0.0,
UrbanSound8K/audio/fold3/162431-6-3-0.wav,162431-6-3-0.wav,162431,3,6,gun_shot,96000,2,80289,0.83634375,0.2207990735769271,-13.120055062812616,1.0,0.0,3543,0.022064043642342,5,17,0.2941176470588235,
UrbanSound8K/audio/fold9/39856-5-0-0.wav,39856-5-0-0.wav,39856,9,5,engine_idling,44100,2,176400,4.0,0.417684406042099,-7.583034770315807,1.0,0.0,7766,0.0220124716553287,0,80,0.0,
UrbanSound8K/audio/fold9/39856-5-0-9.wav,39856-5-0-9.wav,39856,9,5,engine_idling,44100,2,176400,4.0,0.4226150214672088,-7.481101408126674,1.0,0.0,7752,0.0219727891156462,0,80,0.0,
UrbanSound8K/audio/fold9/39856-5-0-22.wav,39856-5-0-22.wav,39856,9,5,engine_idling,44100,2,176400,4.0,0.4145830869674682,-7.64776838090318,1.0,0.0,7740,0.021938775510204,0,80,0.0,
UrbanSound8K/audio/fold9/39856-5-0-7.wav,39856-5-0-7.wav,39856,9,5,engine_idling,44100,2,176400,4.0,0.4169487357139587,-7.598346774154057,1.0,0.0,7736,0.0219274376417233,0,80,0.0,
UrbanSound8K/audio/fold9/39856-5-0-20.wav,39856-5-0-20.wav,39856,9,5,engine_idling,44100,2,176400,4.0,0.4207701086997986,-7.5191023964697905,1.0,0.0,7724,0.0218934240362811,0,80,0.0,
UrbanSound8K/audio/fold9/39856-5-0-8.wav,39856-5-0-8.wav,39856,9,5,engine_idling,44100,2,176400,4.0,0.4168494641780853,-7.600415048249594,1.0,0.0,7684,0.0217800453514739,0,80,0.0,
UrbanSound8K/audio/fold10/159709-6-0-0.wav,159709-6-0-0.wav,159709,10,6,gun_shot,48000,2,92160,1.92,0.3333646953105926,-9.541607912815373,1.0,0.0,3992,0.0216579861111111,0,39,0.0,
UrbanSound8K/audio/fold9/39856-5-0-4.wav,39856-5-0-4.wav,39856,9,5,engine_idling,44100,2,176400,4.0,0.4211460947990417,-7.511344441540294,1.0,0.0,7638,0.0216496598639455,0,80,0.0,
UrbanSound8K/audio/fold9/39856-5-0-13.wav,39856-5-0-13.wav,39856,9,5,engine_idling,44100,2,176400,4.0,0.4190141260623932,-7.555426711674764,1.0,0.0,7540,0.0213718820861678,0,80,0.0,
UrbanSound8K/audio/fold9/39856-5-0-26.wav,39856-5-0-26.wav,39856,9,5,engine_idling,44100,2,176400,4.0,0.4102583229541778,-7.738851992144193,1.0,0.0,7482,0.0212074829931972,0,80,0.0,
UrbanSound8K/audio/fold9/39856-5-0-15.wav,39856-5-0-15.wav,39856,9,5,engine_idling,44100,2,176400,4.0,0.4163203239440918,-7.611447743767313,1.0,0.0,7428,0.0210544217687074,0,80,0.0,
UrbanSound8K/audio/fold9/39856-5-0-12.wav,39856-5-0-12.wav,39856,9,5,engine_idling,44100,2,176400,4.0,0.4203372597694397,-7.528042226298622,1.0,0.0,7314,0.0207312925170068,0,80,0.0,
UrbanSound8K/audio/fold9/39856-5-0-10.wav,39856-5-0-10.wav,39856,9,5,engine_idling,44100,2,176400,4.0,0.4154674708843231,-7.629259474587629,1.0,0.0,7238,0.020515873015873,0,80,0.0,
UrbanSound8K/audio/fold9/39856-5-0-5.wav,39856-5-0-5.wav,39856,9,5,engine_idling,44100,2,176400,4.0,0.4127366542816162,-7.686539212450832,1.0,0.0,7216,0.020453514739229,0,80,0.0,
UrbanSound8K/audio/fold9/39856-5-0-24.wav,39856-5-0-24.wav,39856,9,5,engine_idling,44100,2,176400,4.0,0.4121668040752411,-7.698539784736016,1.0,0.0,7170,0.0203231292517006,0,80,0.0,
UrbanSound8K/audio/fold10/39847-5-1-0.wav,39847-5-1-0.wav,39847,10,5,engine_idling,44100,2,123480,2.8,0.3862915635108948,-8.261695532194155,1.0,0.0,5002,0.0202542921930677,0,56,0.0,
UrbanSound8K/audio/fold9/39856-5-0-11.wav,39856-5-0-11.wav,39856,9,5,engine_idling,44100,2,176400,4.0,0.4149379134178161,-7.640337626106314,1.0,0.0,7138,0.0202324263038548,0,80,0.0,
UrbanSound8K/audio/fold9/39856-5-0-23.wav,39856-5-0-23.wav,39856,9,5,engine_idling,44100,2,176400,4.0,0.4066437780857086,-7.815717366020831,1.0,0.0,7102,0.0201303854875283,0,80,0.0,
UrbanSound8K/audio/fold9/39856-5-0-18.wav,39856-5-0-18.wav,39856,9,5,engine_idling,44100,2,176400,4.0,0.4158245921134949,-7.621796596225399,1.0,0.0,7096,0.0201133786848072,0,80,0.0,
UrbanSound8K/audio/fold9/39856-5-0-19.wav,39856-5-0-19.wav,39856,9,5,engine_idling,44100,2,176400,4.0,0.4103905260562897,-7.736053471032341,1.0,0.0,7012,0.019875283446712,0,80,0.0,
UrbanSound8K/audio/fold7/39857-5-3-0.wav,39857-5-3-0.wav,39857,7,5,engine_idling,44100,2,156407,3.5466439909297054,0.3993377387523651,-7.973192911693543,1.0,0.0,6210,0.0198520526574897,0,71,0.0,
UrbanSound8K/audio/fold9/39856-5-0-17.wav,39856-5-0-17.wav,39856,9,5,engine_idling,44100,2,176400,4.0,0.4134974777698517,-7.670542703799491,1.0,0.0,6932,0.0196485260770975,0,80,0.0,
UrbanSound8K/audio/fold5/197243-3-1-0.wav,197243-3-1-0.wav,197243,5,3,dog_bark,96000,1,55680,0.58,0.2286220341920852,-12.817638307608838,1.0,0.0,1092,0.0196120689655172,0,12,0.0,
UrbanSound8K/audio/fold5/159701-6-2-0.wav,159701-6-2-0.wav,159701,5,6,gun_shot,48000,2,74880,1.56,0.2907697558403015,-10.729015364427068,1.0,0.0,2923,0.0195178952991453,0,32,0.0,
UrbanSound8K/audio/fold9/39856-5-0-16.wav,39856-5-0-16.wav,39856,9,5,engine_idling,44100,2,176400,4.0,0.4077409207820892,-7.792314013387751,1.0,0.0,6872,0.0194784580498866,0,80,0.0,
UrbanSound8K/audio/fold10/205013-6-0-0.wav,205013-6-0-0.wav,205013,10,6,gun_shot,22050,2,33013,1.49718820861678,0.3086506426334381,-10.21065628925475,0.999969482421875,-0.0002650763603796,1281,0.0194014479144579,3,30,0.1,
UrbanSound8K/audio/fold5/43787-3-2-0.wav,43787-3-2-0.wav,43787,5,3,dog_bark,48000,2,88320,1.84,0.4868268966674804,-6.252508709431935,1.0,0.0,3403,0.0192651721014492,0,37,0.0,
UrbanSound8K/audio/fold6/39852-5-0-1.wav,39852-5-0-1.wav,39852,6,5,engine_idling,44100,2,176400,4.0,0.3783073127269745,-8.443105273205258,1.0,0.0,6696,0.0189795918367346,0,80,0.0,
UrbanSound8K/audio/fold7/39857-5-4-0.wav,39857-5-4-0.wav,39857,7,5,engine_idling,44100,2,151263,3.43,0.3905719518661499,-8.165978958143555,1.0,0.0,5720,0.018907465804592,0,69,0.0,
UrbanSound8K/audio/fold7/39857-5-5-0.wav,39857-5-5-0.wav,39857,7,5,engine_idling,44100,2,176400,4.0,0.3802914917469024,-8.397667818810458,1.0,0.0,6644,0.0188321995464852,0,80,0.0,
UrbanSound8K/audio/fold7/39857-5-2-0.wav,39857-5-2-0.wav,39857,7,5,engine_idling,44100,2,74803,1.6962131519274375,0.3996707499027252,-7.965952692574911,1.0,0.0,2812,0.0187960375920751,0,34,0.0,
UrbanSound8K/audio/fold10/200460-6-3-0.wav,200460-6-3-0.wav,200460,10,6,gun_shot,44100,2,54985,1.2468253968253968,0.1951856464147567,-14.19104245388528,1.0,0.0,2044,0.0185868873329089,0,25,0.0,
UrbanSound8K/audio/fold3/37560-4-0-2.wav,37560-4-0-2.wav,37560,3,4,drilling,44100,2,176400,4.0,0.4143435955047607,-7.652787392876621,1.0,0.0,6461,0.018313492063492,0,80,0.0,
UrbanSound8K/audio/fold3/37560-4-0-0.wav,37560-4-0-0.wav,37560,3,4,drilling,44100,2,176400,4.0,0.4133505821228027,-7.673628928352448,1.0,0.0,6380,0.0180839002267573,0,80,0.0,
UrbanSound8K/audio/fold7/39857-5-5-1.wav,39857-5-5-1.wav,39857,7,5,engine_idling,44100,2,176400,4.0,0.3798257112503052,-8.408312804819019,1.0,0.0,6338,0.0179648526077097,0,80,0.0,
UrbanSound8K/audio/fold3/162431-6-1-0.wav,162431-6-1-0.wav,162431,3,6,gun_shot,96000,2,105267,1.09653125,0.1963623911142349,-14.138833762305536,1.0,0.0,3744,0.0177833509076918,9,22,0.4090909090909091,
UrbanSound8K/audio/fold3/37560-4-0-3.wav,37560-4-0-3.wav,37560,3,4,drilling,44100,2,176400,4.0,0.4113803207874298,-7.71512975004736,1.0,0.0,6216,0.0176190476190476,0,80,0.0,
UrbanSound8K/audio/fold6/39852-5-0-0.wav,39852-5-0-0.wav,39852,6,5,engine_idling,44100,2,176400,4.0,0.3712055087089538,-8.607711749055467,1.0,0.0,6170,0.0174886621315192,0,80,0.0,
UrbanSound8K/audio/fold10/157800-6-0-0.wav,157800-6-0-0.wav,157800,10,6,gun_shot,44100,2,50688,1.1493877551020408,0.2469578832387924,-12.14754211995652,1.0,0.0,1772,0.0174794823232323,0,23,0.0,
UrbanSound8K/audio/fold10/7965-3-11-0.wav,7965-3-11-0.wav,7965,10,3,dog_bark,44100,2,59516,1.3495691609977325,0.2856509387493133,-10.88328688713766,1.0,0.0,2080,0.0174742926271926,0,27,0.0,
UrbanSound8K/audio/fold3/162431-6-0-0.wav,162431-6-0-0.wav,162431,3,6,gun_shot,96000,2,103680,1.08,0.1918303817510604,-14.341652178770053,1.0,0.0,3396,0.0163773148148148,11,22,0.5,
UrbanSound8K/audio/fold5/162432-6-4-0.wav,162432-6-4-0.wav,162432,5,6,gun_shot,96000,2,98649,1.02759375,0.2048951238393783,-13.769367539135631,1.0,0.0,3228,0.0163610376182221,2,21,0.0952380952380952,
UrbanSound8K/audio/fold7/39857-5-1-3.wav,39857-5-1-3.wav,39857,7,5,engine_idling,44100,2,176400,4.0,0.3691418468952179,-8.656134384869317,1.0,0.0,5610,0.0159013605442176,0,80,0.0,
UrbanSound8K/audio/fold7/39857-5-1-2.wav,39857-5-1-2.wav,39857,7,5,engine_idling,44100,2,176400,4.0,0.3710475862026214,-8.611407786138965,1.0,0.0,5604,0.0158843537414965,0,80,0.0,
UrbanSound8K/audio/fold8/162433-6-2-0.wav,162433-6-2-0.wav,162433,8,6,gun_shot,96000,2,41280,0.43,0.2073868513107299,-13.664375642084703,1.0,0.0,1302,0.0157703488372093,1,9,0.1111111111111111,
UrbanSound8K/audio/fold5/162432-6-2-0.wav,162432-6-2-0.wav,162432,5,6,gun_shot,96000,2,103273,1.0757604166666668,0.203851044178009,-13.813741192739212,1.0,0.0,3212,0.0155510152702061,3,22,0.1363636363636363,
UrbanSound8K/audio/fold3/37560-4-0-4.wav,37560-4-0-4.wav,37560,3,4,drilling,44100,2,176400,4.0,0.3994838893413543,-7.970014610415715,1.0,0.0,5482,0.0155385487528344,0,80,0.0,
UrbanSound8K/audio/fold5/162432-6-0-0.wav,162432-6-0-0.wav,162432,5,6,gun_shot,96000,2,101732,1.0597083333333333,0.1945613622665405,-14.218868031661756,1.0,0.0,3149,0.0154769394094286,3,22,0.1363636363636363,
UrbanSound8K/audio/fold8/162433-6-7-0.wav,162433-6-7-0.wav,162433,8,6,gun_shot,96000,2,42240,0.44,0.2064393907785415,-13.704148624855906,1.0,0.0,1297,0.0153527462121212,1,9,0.1111111111111111,
UrbanSound8K/audio/fold10/93567-8-0-19.wav,93567-8-0-19.wav,93567,10,8,siren,44100,2,176400,4.0,0.3894723057746887,-8.19046836582789,0.999969482421875,-0.0002650763603796,5340,0.0151360544217687,0,80,0.0,
UrbanSound8K/audio/fold5/36263-9-0-3.wav,36263-9-0-3.wav,36263,5,9,street_music,44100,2,176400,4.0,0.3312136232852936,-9.597836167456354,1.0,0.0,5224,0.0148072562358276,0,80,0.0,
UrbanSound8K/audio/fold10/17486-3-0-0.wav,17486-3-0-0.wav,17486,10,3,dog_bark,44100,2,28665,0.65,0.2761194109916687,-11.178061234092782,1.0,0.0,839,0.0146345717774289,0,13,0.0,
UrbanSound8K/audio/fold7/39857-5-1-1.wav,39857-5-1-1.wav,39857,7,5,engine_idling,44100,2,176400,4.0,0.3601458370685577,-8.870432017501646,1.0,0.0,5150,0.0145975056689342,0,80,0.0,
UrbanSound8K/audio/fold8/162433-6-3-0.wav,162433-6-3-0.wav,162433,8,6,gun_shot,96000,2,44160,0.46,0.2022353112697601,-13.88286024387144,1.0,0.0,1289,0.0145946557971014,2,10,0.2,
UrbanSound8K/audio/fold5/162432-6-3-0.wav,162432-6-3-0.wav,162432,5,6,gun_shot,96000,2,109439,1.1399895833333331,0.1933526247739792,-14.272998559522676,1.0,0.0,3107,0.0141951223969517,4,23,0.1739130434782608,
UrbanSound8K/audio/fold5/159701-6-1-0.wav,159701-6-1-0.wav,159701,5,6,gun_shot,48000,2,97920,2.04,0.3036222457885742,-10.353328234629592,1.0,0.0,2717,0.0138735702614379,0,41,0.0,
UrbanSound8K/audio/fold8/162433-6-8-0.wav,162433-6-8-0.wav,162433,8,6,gun_shot,96000,2,41280,0.43,0.2041597366333007,-13.800598063996222,1.0,0.0,1145,0.0138687015503875,1,9,0.1111111111111111,
UrbanSound8K/audio/fold8/144028-3-1-1.wav,144028-3-1-1.wav,144028,8,3,dog_bark,48000,2,192000,4.0,0.3380462229251861,-9.420478243627723,1.0,0.0,5324,0.0138645833333333,0,80,0.0,
UrbanSound8K/audio/fold8/162433-6-1-0.wav,162433-6-1-0.wav,162433,8,6,gun_shot,96000,2,47909,0.4990520833333333,0.1947012245655059,-14.21262633987471,1.0,0.0,1328,0.0138596088417625,1,10,0.1,
UrbanSound8K/audio/fold8/162433-6-5-0.wav,162433-6-5-0.wav,162433,8,6,gun_shot,96000,2,48950,0.5098958333333333,0.1930919140577316,-14.284718248247932,1.0,0.0,1319,0.0134729315628192,2,11,0.1818181818181818,
UrbanSound8K/audio/fold7/39857-5-0-2.wav,39857-5-0-2.wav,39857,7,5,engine_idling,44100,2,176400,4.0,0.3476781845092773,-9.176451175950843,1.0,0.0,4732,0.0134126984126984,0,80,0.0,
UrbanSound8K/audio/fold9/159707-6-0-0.wav,159707-6-0-0.wav,159707,9,6,gun_shot,48000,2,102240,2.13,0.2685987949371338,-11.41791880232054,1.0,0.0,2735,0.0133753912363067,0,43,0.0,
UrbanSound8K/audio/fold7/39857-5-0-1.wav,39857-5-0-1.wav,39857,7,5,engine_idling,44100,2,176400,4.0,0.3513290584087372,-9.085718564953275,1.0,0.0,4704,0.0133333333333333,0,80,0.0,
UrbanSound8K/audio/fold7/39857-5-0-0.wav,39857-5-0-0.wav,39857,7,5,engine_idling,44100,2,176400,4.0,0.3425150215625763,-9.306407541026514,1.0,0.0,4662,0.0132142857142857,0,80,0.0,
UrbanSound8K/audio/fold10/200460-6-2-0.wav,200460-6-2-0.wav,200460,10,6,gun_shot,44100,2,37926,0.86,0.1619198024272918,-15.814000695223545,1.0,0.0,986,0.0129989980488319,1,18,0.0555555555555555,
UrbanSound8K/audio/fold2/76090-6-1-0.wav,76090-6-1-0.wav,76090,2,6,gun_shot,44100,2,16275,0.369047619047619,0.1827529221773147,-14.762713400908282,0.999969482421875,-0.0002650763603796,422,0.0129646697388632,0,8,0.0,
UrbanSound8K/audio/fold2/76091-6-3-0.wav,76091-6-3-0.wav,76091,2,6,gun_shot,44100,2,7897,0.1790702947845805,0.2193840891122818,-13.175897458772852,0.999969482421875,-0.0002650763603796,202,0.0127896669621375,0,4,0.0,
UrbanSound8K/audio/fold7/39857-5-1-0.wav,39857-5-1-0.wav,39857,7,5,engine_idling,44100,2,176400,4.0,0.3453298807144165,-9.235316827570324,1.0,0.0,4508,0.0127777777777777,0,80,0.0,
UrbanSound8K/audio/fold5/162432-6-14-0.wav,162432-6-14-0.wav,162432,5,6,gun_shot,96000,2,55402,0.5771041666666666,0.1803105324506759,-14.879578083232348,1.0,0.0,1414,0.0127612721562398,4,12,0.3333333333333333,
UrbanSound8K/audio/fold6/128891-3-0-4.wav,128891-3-0-4.wav,128891,6,3,dog_bark,44100,2,176400,4.0,0.2343489825725555,-12.602738552632966,1.0,0.0,4468,0.0126643990929705,0,80,0.0,
UrbanSound8K/audio/fold8/162433-6-4-0.wav,162433-6-4-0.wav,162433,8,6,gun_shot,96000,2,51554,0.5370208333333333,0.1879689842462539,-14.518276108550516,1.0,0.0,1292,0.0125305504907475,2,11,0.1818181818181818,
UrbanSound8K/audio/fold8/162433-6-6-0.wav,162433-6-6-0.wav,162433,8,6,gun_shot,96000,2,50880,0.53,0.1890607625246048,-14.467971896628754,1.0,0.0,1271,0.0124901729559748,3,11,0.2727272727272727,
UrbanSound8K/audio/fold6/124389-8-1-3.wav,124389-8-1-3.wav,124389,6,8,siren,44100,2,176400,4.0,0.3647938370704651,-8.759050147491848,1.0,0.0,4368,0.0123809523809523,0,80,0.0,
UrbanSound8K/audio/fold6/162434-6-1-0.wav,162434-6-1-0.wav,162434,6,6,gun_shot,96000,2,70080,0.73,0.1847896128892898,-14.666448886522408,1.0,0.0,1729,0.012335901826484,3,15,0.2,
UrbanSound8K/audio/fold2/76091-6-0-0.wav,76091-6-0-0.wav,76091,2,6,gun_shot,44100,2,18051,0.4093197278911564,0.2106226980686187,-13.529896564741891,0.999969482421875,-0.0002650763603796,444,0.0122984876184144,0,9,0.0,
UrbanSound8K/audio/fold6/162434-6-2-0.wav,162434-6-2-0.wav,162434,6,6,gun_shot,96000,2,79680,0.83,0.1804234385490417,-14.874140891169867,1.0,0.0,1935,0.0121423192771084,5,17,0.2941176470588235,
UrbanSound8K/audio/fold2/76091-6-4-0.wav,76091-6-4-0.wav,76091,2,6,gun_shot,44100,2,7333,0.166281179138322,0.2251049131155014,-12.952300520632368,0.999969482421875,-0.0002650763603796,177,0.0120687303968362,0,4,0.0,
UrbanSound8K/audio/fold6/125554-3-0-0.wav,125554-3-0-0.wav,125554,6,3,dog_bark,44100,2,72711,1.6487755102040815,0.2893925011157989,-10.770254534569313,0.9999998807907104,-1.0354387945871882e-06,1746,0.0120064364401534,0,33,0.0,
UrbanSound8K/audio/fold5/159701-6-0-0.wav,159701-6-0-0.wav,159701,5,6,gun_shot,48000,2,91112,1.8981666666666663,0.2680794298648834,-11.434730176060768,1.0,0.0,2163,0.0118700061462815,0,38,0.0,
UrbanSound8K/audio/fold8/33340-7-7-0.wav,33340-7-7-0.wav,33340,8,7,jackhammer,44100,2,166665,3.779251700680272,0.2078981846570968,-13.642986057223204,1.0,0.0,3929,0.0117871178711787,0,76,0.0,
UrbanSound8K/audio/fold10/142641-3-0-0.wav,142641-3-0-0.wav,142641,10,3,dog_bark,44100,1,16758,0.38,0.265894740819931,-11.505805051448483,1.0,0.0,197,0.0117555794247523,0,8,0.0,
UrbanSound8K/audio/fold10/200460-6-4-0.wav,200460-6-4-0.wav,200460,10,6,gun_shot,44100,2,37788,0.8568707482993198,0.1639146506786346,-15.707644549757866,1.0,0.0,885,0.0117100666878374,1,18,0.0555555555555555,
UrbanSound8K/audio/fold6/128891-3-0-2.wav,128891-3-0-2.wav,128891,6,3,dog_bark,44100,2,176400,4.0,0.2658061385154724,-11.508699873989654,1.0,0.0,4042,0.0114569160997732,0,80,0.0,
UrbanSound8K/audio/fold6/125574-3-0-0.wav,125574-3-0-0.wav,125574,6,3,dog_bark,44100,2,63945,1.45,0.2337681353092193,-12.624293747358454,0.9999998807907104,-1.0354387945871882e-06,1458,0.0114004222378606,1,29,0.0344827586206896,
UrbanSound8K/audio/fold5/159703-6-0-0.wav,159703-6-0-0.wav,159703,5,6,gun_shot,48000,2,89760,1.87,0.2028912752866745,-13.854732561188325,1.0,0.0,2012,0.0112076648841354,0,38,0.0,
UrbanSound8K/audio/fold2/76091-6-5-0.wav,76091-6-5-0.wav,76091,2,6,gun_shot,44100,2,26901,0.61,0.2026816010475158,-13.86371347470498,0.999969482421875,-0.0002650763603796,593,0.0110218950968365,0,13,0.0,
UrbanSound8K/audio/fold8/144028-3-1-0.wav,144028-3-1-0.wav,144028,8,3,dog_bark,48000,2,192000,4.0,0.3174136877059936,-9.967486985334183,1.0,0.0,4216,0.0109791666666666,0,80,0.0,
UrbanSound8K/audio/fold6/117271-3-0-2.wav,117271-3-0-2.wav,117271,6,3,dog_bark,44100,2,176400,4.0,0.273851215839386,-11.249706531171764,1.0,0.0,3800,0.0107709750566893,0,80,0.0,
UrbanSound8K/audio/fold8/159706-6-0-0.wav,159706-6-0-0.wav,159706,8,6,gun_shot,48000,2,78230,1.6297916666666667,0.2267888337373733,-12.887566646872292,1.0,0.0,1666,0.0106480889684264,0,33,0.0,
UrbanSound8K/audio/fold6/159702-6-6-0.wav,159702-6-6-0.wav,159702,6,6,gun_shot,48000,2,99840,2.08,0.2218983918428421,-13.076916904103458,1.0,0.0,2110,0.010566907051282,0,42,0.0,
UrbanSound8K/audio/fold5/159701-6-3-0.wav,159701-6-3-0.wav,159701,5,6,gun_shot,48000,2,84000,1.75,0.2251108884811401,-12.952069958460608,1.0,0.0,1754,0.0104404761904761,0,35,0.0,
UrbanSound8K/audio/fold1/196400-6-0-0.wav,196400-6-0-0.wav,196400,1,6,gun_shot,44100,2,138457,3.1396145124716552,0.2059575319290161,-13.724446422741032,1.0,0.0,2891,0.0104400644243339,18,63,0.2857142857142857,
UrbanSound8K/audio/fold8/162433-6-0-0.wav,162433-6-0-0.wav,162433,8,6,gun_shot,96000,2,61968,0.6455,0.1702417880296707,-15.378676560334664,1.0,0.0,1281,0.0103359798605732,4,13,0.3076923076923077,
UrbanSound8K/audio/fold6/124389-8-1-4.wav,124389-8-1-4.wav,124389,6,8,siren,44100,2,176400,4.0,0.3030524551868438,-10.369643863848,1.0,0.0,3623,0.0102692743764172,0,80,0.0,
UrbanSound8K/audio/fold4/135528-6-9-0.wav,135528-6-9-0.wav,135528,4,6,gun_shot,44100,2,54108,1.226938775510204,0.2411037683486938,-12.355920034652993,1.0,0.0,1107,0.0102295409181636,0,25,0.0,
UrbanSound8K/audio/fold8/33340-7-11-0.wav,33340-7-11-0.wav,33340,8,7,jackhammer,44100,2,138460,3.13968253968254,0.1964223086833953,-14.136183774169982,1.0,0.0,2828,0.0102123356926188,0,63,0.0,
UrbanSound8K/audio/fold1/86278-6-0-0.wav,86278-6-0-0.wav,86278,1,6,gun_shot,44100,2,50145,1.1370748299319728,0.2129286378622055,-13.435318482918271,0.999969482421875,-0.0002650763603796,1016,0.0101306211985242,0,23,0.0,
UrbanSound8K/audio/fold5/58382-3-0-0.wav,58382-3-0-0.wav,58382,5,3,dog_bark,44100,2,176400,4.0,0.1770723909139633,-15.03698297252188,1.0,0.0,3571,0.0101218820861678,0,80,0.0,
UrbanSound8K/audio/fold1/162540-1-2-0.wav,162540-1-2-0.wav,162540,1,1,car_horn,96000,1,44683,0.4654479166666667,0.3126440942287445,-10.098995412469204,0.9999998807907104,-1.0354387945871882e-06,451,0.0100933240829845,0,10,0.0,
UrbanSound8K/audio/fold4/50618-6-0-0.wav,50618-6-0-0.wav,50618,4,6,gun_shot,44100,2,58653,1.33,0.1605657190084457,-15.886943432038624,1.0,0.0,1161,0.0098971919594905,4,27,0.1481481481481481,
UrbanSound8K/audio/fold10/93567-8-0-18.wav,93567-8-0-18.wav,93567,10,8,siren,44100,2,176400,4.0,0.3427355885505676,-9.3008159499987,0.999969482421875,-0.0002650763603796,3479,0.0098611111111111,0,80,0.0,
UrbanSound8K/audio/fold5/84254-6-0-0.wav,84254-6-0-0.wav,84254,5,6,gun_shot,44100,2,46541,1.0553514739229024,0.2116715908050537,-13.486748525443025,0.999969482421875,-0.0002650763603796,909,0.0097655830343138,1,22,0.0454545454545454,
UrbanSound8K/audio/fold6/117271-3-0-3.wav,117271-3-0-3.wav,117271,6,3,dog_bark,44100,2,176400,4.0,0.2623413205146789,-11.622665994659569,1.0,0.0,3342,0.0094727891156462,0,80,0.0,
UrbanSound8K/audio/fold6/111048-6-0-0.wav,111048-6-0-0.wav,111048,6,6,gun_shot,22050,2,28886,1.3100226757369615,0.154924601316452,-16.197592255837765,1.0,0.0,540,0.0093470885550093,2,27,0.074074074074074,
UrbanSound8K/audio/fold8/33340-7-10-0.wav,33340-7-10-0.wav,33340,8,7,jackhammer,44100,2,38367,0.87,0.1877401024103164,-14.52885899133751,1.0,0.0,714,0.0093048713738368,0,18,0.0,
UrbanSound8K/audio/fold4/157799-6-0-0.wav,157799-6-0-0.wav,157799,4,6,gun_shot,44100,2,100107,2.27,0.1873808652162552,-14.54549520122537,1.0,0.0,1857,0.0092750756690341,3,46,0.0652173913043478,
UrbanSound8K/audio/fold9/106955-6-0-0.wav,106955-6-0-0.wav,106955,9,6,gun_shot,44100,2,50715,1.15,0.2161577492952346,-13.304583806277016,0.999969482421875,-0.0002650763603796,890,0.0087745243024746,0,23,0.0,
UrbanSound8K/audio/fold8/33340-7-12-0.wav,33340-7-12-0.wav,33340,8,7,jackhammer,44100,2,128204,2.907120181405896,0.1854855120182037,-14.633800135671184,1.0,0.0,2178,0.0084942747496177,0,59,0.0,
UrbanSound8K/audio/fold8/33340-7-13-0.wav,33340-7-13-0.wav,33340,8,7,jackhammer,44100,2,148617,3.37,0.183550015091896,-14.72491150902643,1.0,0.0,2515,0.0084613469522329,0,68,0.0,
UrbanSound8K/audio/fold5/162432-6-13-0.wav,162432-6-13-0.wav,162432,5,6,gun_shot,96000,2,79680,0.83,0.1494747847318649,-16.508641267248805,1.0,0.0,1333,0.0083647088353413,8,17,0.4705882352941176,
UrbanSound8K/audio/fold9/145683-6-5-0.wav,145683-6-5-0.wav,145683,9,6,gun_shot,96000,2,48000,0.5,0.2646322846412658,-11.54714347611874,0.99993896484375,-0.0005301608106181,797,0.0083020833333333,0,10,0.0,
UrbanSound8K/audio/fold7/36264-9-0-7.wav,36264-9-0-7.wav,36264,7,9,street_music,44100,2,176400,4.0,0.257360577583313,-11.789159548730048,1.0,0.0,2910,0.0082482993197278,0,80,0.0,
UrbanSound8K/audio/fold3/135526-6-13-0.wav,135526-6-13-0.wav,135526,3,6,gun_shot,44100,2,24533,0.5563038548752834,0.2891497015953064,-10.777545031107344,1.0,0.0,403,0.0082134268128643,0,12,0.0,
UrbanSound8K/audio/fold10/100648-1-4-0.wav,100648-1-4-0.wav,100648,10,1,car_horn,44100,2,82026,1.86,0.318936824798584,-9.925906674813874,1.0,0.0,1302,0.0079365079365079,0,38,0.0,
UrbanSound8K/audio/fold6/117271-3-0-1.wav,117271-3-0-1.wav,117271,6,3,dog_bark,44100,2,176400,4.0,0.2522909641265869,-11.961966071712348,1.0,0.0,2774,0.0078628117913832,0,80,0.0,
UrbanSound8K/audio/fold5/159701-6-4-0.wav,159701-6-4-0.wav,159701,5,6,gun_shot,48000,2,110880,2.31,0.2653878927230835,-11.522377879883395,1.0,0.0,1722,0.0077651515151515,0,47,0.0,
UrbanSound8K/audio/fold2/35800-6-0-0.wav,35800-6-0-0.wav,35800,2,6,gun_shot,44100,2,176400,4.0,0.4461705684661865,-7.009981624759403,1.0,0.0,2702,0.0076587301587301,1,80,0.0125,
UrbanSound8K/audio/fold5/162432-6-11-0.wav,162432-6-11-0.wav,162432,5,6,gun_shot,96000,2,92160,0.96,0.138565793633461,-17.166879329508046,1.0,0.0,1402,0.0076063368055555,12,20,0.6,
UrbanSound8K/audio/fold6/128891-3-0-5.wav,128891-3-0-5.wav,128891,6,3,dog_bark,44100,2,176400,4.0,0.1628658324480056,-15.763400331717223,1.0,0.0,2584,0.0073242630385487,0,80,0.0,
UrbanSound8K/audio/fold5/162432-6-12-0.wav,162432-6-12-0.wav,162432,5,6,gun_shot,96000,2,96960,1.01,0.1346984505653381,-17.412747998650005,1.0,0.0,1418,0.0073122937293729,13,21,0.6190476190476191,
UrbanSound8K/audio/fold5/145609-6-1-0.wav,145609-6-1-0.wav,145609,5,6,gun_shot,96000,2,104317,1.0866354166666667,0.26931893825531,-11.394662126675708,0.99993896484375,-0.0005301608106181,1519,0.0072806925045773,0,22,0.0,
UrbanSound8K/audio/fold6/36403-6-0-0.wav,36403-6-0-0.wav,36403,6,6,gun_shot,44100,2,33075,0.75,0.1434448361396789,-16.866301625446937,1.0,0.0,474,0.0071655328798185,0,15,0.0,
UrbanSound8K/audio/fold10/165166-8-0-4.wav,165166-8-0-4.wav,165166,10,8,siren,44100,2,176400,4.0,0.2647743225097656,-11.542482690767171,1.0,0.0,2502,0.0070918367346938,0,80,0.0,
UrbanSound8K/audio/fold10/200460-6-1-0.wav,200460-6-1-0.wav,200460,10,6,gun_shot,44100,2,79649,1.8060997732426305,0.1156231090426445,-18.739107137220017,1.0,0.0,1104,0.0069304071614207,7,37,0.1891891891891892,
UrbanSound8K/audio/fold5/162432-6-10-0.wav,162432-6-10-0.wav,162432,5,6,gun_shot,96000,2,95566,0.9954791666666668,0.1330394446849823,-17.520391531145254,1.0,0.0,1295,0.006775422221292,11,20,0.55,
UrbanSound8K/audio/fold6/117271-3-0-0.wav,117271-3-0-0.wav,117271,6,3,dog_bark,44100,2,176400,4.0,0.2150518298149109,-13.34913715611661,1.0,0.0,2372,0.0067233560090702,0,80,0.0,
UrbanSound8K/audio/fold9/157801-6-0-0.wav,157801-6-0-0.wav,157801,9,6,gun_shot,44100,2,111573,2.53,0.1678036004304886,-15.50397450181281,1.0,0.0,1491,0.0066817240730284,0,51,0.0,
UrbanSound8K/audio/fold5/159701-6-6-0.wav,159701-6-6-0.wav,159701,5,6,gun_shot,48000,2,96782,2.0162916666666666,0.227843701839447,-12.84725943767441,1.0,0.0,1284,0.006633464900498,0,41,0.0,
UrbanSound8K/audio/fold8/33340-7-16-0.wav,33340-7-16-0.wav,33340,8,7,jackhammer,44100,2,71794,1.627981859410431,0.1683082431554794,-15.477892265240529,1.0,0.0,944,0.0065743655458673,0,33,0.0,
UrbanSound8K/audio/fold9/72723-3-0-0.wav,72723-3-0-0.wav,72723,9,3,dog_bark,44100,2,62181,1.41,0.2202972471714019,-13.139818594954637,1.0,0.0,793,0.0063765458902237,0,29,0.0,
UrbanSound8K/audio/fold2/76091-6-1-0.wav,76091-6-1-0.wav,76091,2,6,gun_shot,44100,2,18427,0.4178458049886621,0.1769993901252746,-15.040564601089764,0.999969482421875,-0.0002650763603796,229,0.0062137081456558,0,9,0.0,
UrbanSound8K/audio/fold8/52633-3-0-9.wav,52633-3-0-9.wav,52633,8,3,dog_bark,44100,2,176400,4.0,0.1381008177995681,-17.19607499254205,1.0,0.0,2191,0.0062103174603174,16,80,0.2,
UrbanSound8K/audio/fold5/145609-6-0-0.wav,145609-6-0-0.wav,145609,5,6,gun_shot,96000,2,121505,1.2656770833333333,0.2795140743255615,-11.071926385387512,0.99993896484375,-0.0005301608106181,1508,0.0062055059462573,0,26,0.0,
UrbanSound8K/audio/fold3/37560-4-0-5.wav,37560-4-0-5.wav,37560,3,4,drilling,44100,2,176400,4.0,0.2831284701824188,-10.96032915304094,1.0,0.0,2088,0.0059183673469387,0,80,0.0,
UrbanSound8K/audio/fold6/135544-6-10-0.wav,135544-6-10-0.wav,135544,6,6,gun_shot,44100,2,41454,0.94,0.256338506937027,-11.823722991873474,1.0,0.0,487,0.0058739807979929,0,19,0.0,
UrbanSound8K/audio/fold10/165166-8-0-3.wav,165166-8-0-3.wav,165166,10,8,siren,44100,2,176400,4.0,0.196739062666893,-14.12218804143101,1.0,0.0,2051,0.005813492063492,0,80,0.0,
UrbanSound8K/audio/fold1/162540-1-0-0.wav,162540-1-0-0.wav,162540,1,1,car_horn,96000,1,34560,0.36,0.283187597990036,-10.958515403997843,0.9999998807907104,-1.0354387945871882e-06,200,0.005787037037037,0,8,0.0,
UrbanSound8K/audio/fold10/200460-6-5-0.wav,200460-6-5-0.wav,200460,10,6,gun_shot,44100,2,47938,1.08702947845805,0.1210428923368454,-18.341214146669635,1.0,0.0,554,0.0057782969669155,0,22,0.0,
UrbanSound8K/audio/fold6/148834-6-0-0.wav,148834-6-0-0.wav,148834,6,6,gun_shot,44100,2,29106,0.66,0.2316350638866424,-12.703913967989848,1.0,0.0,332,0.0057032914175771,0,14,0.0,
UrbanSound8K/audio/fold5/159701-6-5-0.wav,159701-6-5-0.wav,159701,5,6,gun_shot,48000,2,117120,2.44,0.1878127157688141,-14.525500147545166,1.0,0.0,1309,0.0055882855191256,0,49,0.0,
UrbanSound8K/audio/fold8/33340-7-14-0.wav,33340-7-14-0.wav,33340,8,7,jackhammer,44100,2,69230,1.5698412698412698,0.1661298871040344,-15.591044601213458,1.0,0.0,772,0.0055756175068611,0,32,0.0,
UrbanSound8K/audio/fold6/135544-6-13-0.wav,135544-6-13-0.wav,135544,6,6,gun_shot,44100,2,51156,1.16,0.2588364481925964,-11.739491365757193,1.0,0.0,556,0.0054343576511064,0,24,0.0,
UrbanSound8K/audio/fold9/174282-6-0-0.wav,174282-6-0-0.wav,174282,9,6,gun_shot,48000,2,124269,2.5889375,0.1368327736854553,-17.276197390616424,1.0,0.0,1257,0.0050575767085918,2,52,0.0384615384615384,
UrbanSound8K/audio/fold4/180977-3-1-5.wav,180977-3-1-5.wav,180977,4,3,dog_bark,48000,2,192000,4.0,0.2086842060089111,-13.610208374008312,0.999969482421875,-0.0002650763603796,1901,0.0049505208333333,0,80,0.0,
UrbanSound8K/audio/fold10/200460-6-0-0.wav,200460-6-0-0.wav,200460,10,6,gun_shot,44100,2,83721,1.89843537414966,0.0993700921535492,-20.054886148498944,1.0,0.0,824,0.0049211070101886,14,38,0.3684210526315789,
UrbanSound8K/audio/fold10/72538-3-0-0.wav,72538-3-0-0.wav,72538,10,3,dog_bark,11025,2,44100,4.0,0.2012544274330139,-13.925091134622832,1.0,0.0,431,0.0048866213151927,0,81,0.0,
UrbanSound8K/audio/fold5/162432-6-6-0.wav,162432-6-6-0.wav,162432,5,6,gun_shot,96000,2,115200,1.2,0.122676208615303,-18.224793092476503,1.0,0.0,1108,0.0048090277777777,8,24,0.3333333333333333,
UrbanSound8K/audio/fold5/145611-6-3-0.wav,145611-6-3-0.wav,145611,5,6,gun_shot,96000,2,107469,1.11946875,0.2388574630022049,-12.43722369635934,0.99993896484375,-0.0005301608106181,1033,0.0048060370897654,0,23,0.0,
UrbanSound8K/audio/fold5/162432-6-9-0.wav,162432-6-9-0.wav,162432,5,6,gun_shot,96000,2,130560,1.36,0.1144598051905632,-18.826939951836785,1.0,0.0,1251,0.0047909007352941,19,28,0.6785714285714286,
UrbanSound8K/audio/fold5/77247-6-0-0.wav,77247-6-0-0.wav,77247,5,6,gun_shot,44100,2,28576,0.6479818594104308,0.1618728637695312,-15.816518998116024,0.999969482421875,-0.0002650763603796,269,0.0047067469204927,0,13,0.0,
UrbanSound8K/audio/fold1/72579-3-0-0.wav,72579-3-0-0.wav,72579,1,3,dog_bark,44100,2,176400,4.0,0.2026417255401611,-13.865422501718935,1.0,0.0,1645,0.0046626984126984,0,80,0.0,
UrbanSound8K/audio/fold5/162432-6-7-0.wav,162432-6-7-0.wav,162432,5,6,gun_shot,96000,2,110981,1.1560520833333334,0.1292449086904525,-17.77173111883014,1.0,0.0,1032,0.0046494444995089,8,24,0.3333333333333333,
UrbanSound8K/audio/fold5/162432-6-5-0.wav,162432-6-5-0.wav,162432,5,6,gun_shot,96000,2,103273,1.0757604166666668,0.1307923346757888,-17.668354157781863,1.0,0.0,950,0.0045994596845254,7,22,0.3181818181818182,
UrbanSound8K/audio/fold5/65381-3-0-7.wav,65381-3-0-7.wav,65381,5,3,dog_bark,44100,1,176400,4.0,0.1877296268939972,-14.52934365985576,1.0,0.0,809,0.0045861678004535,3,80,0.0375,
UrbanSound8K/audio/fold3/34708-6-1-0.wav,34708-6-1-0.wav,34708,3,6,gun_shot,48000,2,64800,1.35,0.187408447265625,-14.544216751550996,1.0,0.0,570,0.0043981481481481,0,27,0.0,
UrbanSound8K/audio/fold3/52357-6-0-0.wav,52357-6-0-0.wav,52357,3,6,gun_shot,44100,2,38352,0.8696598639455783,0.2582485377788543,-11.759242576137614,1.0,0.0,336,0.0043804755944931,0,18,0.0,
UrbanSound8K/audio/fold4/180977-3-1-0.wav,180977-3-1-0.wav,180977,4,3,dog_bark,48000,2,192000,4.0,0.3191359639167785,-9.92048503486931,0.999969482421875,-0.0002650763603796,1662,0.004328125,0,80,0.0,
UrbanSound8K/audio/fold3/34708-6-0-0.wav,34708-6-0-0.wav,34708,3,6,gun_shot,48000,2,67461,1.4054375,0.1809242367744445,-14.850065015226106,1.0,0.0,557,0.004128311172381,0,29,0.0,
UrbanSound8K/audio/fold6/135544-6-15-0.wav,135544-6-15-0.wav,135544,6,6,gun_shot,44100,2,53772,1.2193197278911565,0.2399190813302993,-12.398704203885684,1.0,0.0,439,0.004082050137618,0,25,0.0,
UrbanSound8K/audio/fold9/145683-6-4-0.wav,145683-6-4-0.wav,145683,9,6,gun_shot,96000,2,94080,0.98,0.2417568862438202,-12.33242293103377,0.99993896484375,-0.0005301608106181,765,0.0040656887755102,0,20,0.0,
UrbanSound8K/audio/fold3/135526-6-5-0.wav,135526-6-5-0.wav,135526,3,6,gun_shot,44100,2,101330,2.2977324263038548,0.2448017597198486,-12.223709293121592,1.0,0.0,821,0.0040511201026349,0,46,0.0,
UrbanSound8K/audio/fold4/135528-6-7-0.wav,135528-6-7-0.wav,135528,4,6,gun_shot,44100,2,71324,1.6173242630385487,0.2246206849813461,-12.971005054134896,1.0,0.0,576,0.0040379115024395,0,33,0.0,
UrbanSound8K/audio/fold1/162540-1-1-0.wav,162540-1-1-0.wav,162540,1,1,car_horn,96000,1,29760,0.31,0.2400754541158676,-12.393044819431935,0.9999998807907104,-1.0354387945871882e-06,119,0.0039986559139784,0,7,0.0,
UrbanSound8K/audio/fold3/34708-6-5-0.wav,34708-6-5-0.wav,34708,3,6,gun_shot,48000,2,59040,1.23,0.2023409605026245,-13.878323855250104,1.0,0.0,458,0.0038787262872628,0,25,0.0,
UrbanSound8K/audio/fold5/162432-6-8-0.wav,162432-6-8-0.wav,162432,5,6,gun_shot,96000,2,103274,1.0757708333333331,0.1161544919013977,-18.699279811933685,1.0,0.0,781,0.0037812034006623,6,22,0.2727272727272727,
UrbanSound8K/audio/fold5/145611-6-0-0.wav,145611-6-0-0.wav,145611,5,6,gun_shot,96000,2,111051,1.15678125,0.2310832887887954,-12.724629203721886,0.99993896484375,-0.0005301608106181,831,0.003741524164573,0,24,0.0,
UrbanSound8K/audio/fold5/148841-6-0-0.wav,148841-6-0-0.wav,148841,5,6,gun_shot,44100,2,67032,1.52,0.1592861115932464,-15.956441787349968,1.0,0.0,497,0.0037071846282372,0,31,0.0,
UrbanSound8K/audio/fold6/135544-6-11-0.wav,135544-6-11-0.wav,135544,6,6,gun_shot,44100,2,21998,0.4988208616780045,0.2137423306703567,-13.402189186479898,1.0,0.0,163,0.0037048822620238,0,10,0.0,
UrbanSound8K/audio/fold3/148838-6-0-0.wav,148838-6-0-0.wav,148838,3,6,gun_shot,44100,2,44982,1.02,0.1837948113679886,-14.713335063139413,1.0,0.0,333,0.0037014805922368,0,21,0.0,
UrbanSound8K/audio/fold6/135544-6-16-0.wav,135544-6-16-0.wav,135544,6,6,gun_shot,44100,2,63504,1.44,0.2380370497703552,-12.467108820337357,1.0,0.0,464,0.0036533131771227,0,29,0.0,
UrbanSound8K/audio/fold6/135544-6-6-0.wav,135544-6-6-0.wav,135544,6,6,gun_shot,44100,2,65993,1.4964399092970522,0.2346487641334533,-12.59163457643523,1.0,0.0,482,0.0036519024745048,0,30,0.0,
UrbanSound8K/audio/fold6/135544-6-8-0.wav,135544-6-8-0.wav,135544,6,6,gun_shot,44100,2,29330,0.665079365079365,0.2263584583997726,-12.90406544924487,1.0,0.0,214,0.0036481418342993,0,14,0.0,
UrbanSound8K/audio/fold9/145683-6-2-0.wav,145683-6-2-0.wav,145683,9,6,gun_shot,96000,2,88320,0.92,0.2337533682584762,-12.624842449277397,0.99993896484375,-0.0005301608106181,644,0.0036458333333333,0,19,0.0,
UrbanSound8K/audio/fold10/165166-8-0-5.wav,165166-8-0-5.wav,165166,10,8,siren,44100,2,176400,4.0,0.2968956530094147,-10.547923221392994,1.0,0.0,1272,0.0036054421768707,0,80,0.0,
UrbanSound8K/audio/fold3/34708-6-2-0.wav,34708-6-2-0.wav,34708,3,6,gun_shot,48000,2,73920,1.54,0.1725156009197235,-15.26343249448274,1.0,0.0,531,0.0035917207792207,0,31,0.0,
UrbanSound8K/audio/fold8/52284-6-0-0.wav,52284-6-0-0.wav,52284,8,6,gun_shot,44100,1,33861,0.7678231292517007,0.2744929492473602,-11.229376131184283,1.0,0.0,121,0.003573432562535,0,16,0.0,
UrbanSound8K/audio/fold2/37236-6-0-0.wav,37236-6-0-0.wav,37236,2,6,gun_shot,44100,2,95697,2.17,0.1237548664212226,-18.148754285329616,1.0,0.0,680,0.003552880445573,2,44,0.0454545454545454,
UrbanSound8K/audio/fold3/135526-6-3-0.wav,135526-6-3-0.wav,135526,3,6,gun_shot,44100,2,67032,1.52,0.2300642132759094,-12.763018620588058,1.0,0.0,476,0.0035505430242272,0,31,0.0,
UrbanSound8K/audio/fold9/145683-6-3-0.wav,145683-6-3-0.wav,145683,9,6,gun_shot,96000,2,94080,0.98,0.2479595988988876,-12.112381496751327,0.99993896484375,-0.0005301608106181,667,0.0035448554421768,0,20,0.0,
UrbanSound8K/audio/fold3/34708-6-4-0.wav,34708-6-4-0.wav,34708,3,6,gun_shot,48000,2,68160,1.42,0.1785330176353454,-14.965629086744157,1.0,0.0,482,0.0035357981220657,0,29,0.0,
UrbanSound8K/audio/fold6/135544-6-12-0.wav,135544-6-12-0.wav,135544,6,6,gun_shot,44100,2,46305,1.05,0.2485190480947494,-12.092806370773603,1.0,0.0,323,0.0034877443040708,0,21,0.0,
UrbanSound8K/audio/fold5/65381-3-0-3.wav,65381-3-0-3.wav,65381,5,3,dog_bark,44100,1,176400,4.0,0.1834760308265686,-14.72841327234507,1.0,0.0,612,0.003469387755102,2,80,0.025,
UrbanSound8K/audio/fold5/145611-6-4-0.wav,145611-6-4-0.wav,145611,5,6,gun_shot,96000,2,101760,1.06,0.2365043461322784,-12.523217480432638,0.99993896484375,-0.0005301608106181,698,0.0034296383647798,0,22,0.0,
UrbanSound8K/audio/fold9/174282-6-1-0.wav,174282-6-1-0.wav,174282,9,6,gun_shot,48000,2,125760,2.62,0.1115087941288948,-19.053817613563734,1.0,0.0,853,0.0033913804071246,0,53,0.0,
UrbanSound8K/audio/fold5/145611-6-1-0.wav,145611-6-1-0.wav,145611,5,6,gun_shot,96000,2,112843,1.1754479166666667,0.2420732229948043,-12.321064950426244,0.99993896484375,-0.0005301608106181,763,0.003380803417137,0,24,0.0,
UrbanSound8K/audio/fold5/162432-6-1-0.wav,162432-6-1-0.wav,162432,5,6,gun_shot,96000,2,104640,1.09,0.1150263100862503,-18.78405623320608,1.0,0.0,699,0.0033400229357798,5,22,0.2272727272727272,
UrbanSound8K/audio/fold3/135526-6-0-0.wav,135526-6-0-0.wav,135526,3,6,gun_shot,44100,2,65065,1.4753968253968257,0.2443530857563018,-12.239643444279713,1.0,0.0,430,0.0033043879197725,0,30,0.0,
UrbanSound8K/audio/fold4/180977-3-1-1.wav,180977-3-1-1.wav,180977,4,3,dog_bark,48000,2,192000,4.0,0.2326038479804992,-12.667662099728862,0.999969482421875,-0.0002650763603796,1264,0.0032916666666666,0,80,0.0,
UrbanSound8K/audio/fold7/135527-6-10-0.wav,135527-6-10-0.wav,135527,7,6,gun_shot,44100,2,37485,0.85,0.2393023818731308,-12.421059573137924,1.0,0.0,245,0.0032679738562091,0,17,0.0,
UrbanSound8K/audio/fold10/165166-8-0-1.wav,165166-8-0-1.wav,165166,10,8,siren,44100,2,176400,4.0,0.1507937014102935,-16.432335967717684,1.0,0.0,1144,0.0032426303854875,0,80,0.0,
UrbanSound8K/audio/fold10/165166-8-0-2.wav,165166-8-0-2.wav,165166,10,8,siren,44100,2,176400,4.0,0.1585374772548675,-15.997361136931772,1.0,0.0,1144,0.0032426303854875,0,80,0.0,
UrbanSound8K/audio/fold5/65381-3-0-6.wav,65381-3-0-6.wav,65381,5,3,dog_bark,44100,1,176400,4.0,0.1602173149585724,-15.905811015396496,1.0,0.0,564,0.0031972789115646,7,80,0.0875,
UrbanSound8K/audio/fold6/135544-6-4-0.wav,135544-6-4-0.wav,135544,6,6,gun_shot,44100,2,53772,1.2193197278911565,0.2265749424695968,-12.895762432163464,1.0,0.0,341,0.0031707952094026,0,25,0.0,
UrbanSound8K/audio/fold5/145611-6-2-0.wav,145611-6-2-0.wav,145611,5,6,gun_shot,96000,2,105600,1.1,0.2410479187965393,-12.357932277113,0.99993896484375,-0.0005301608106181,650,0.0030776515151515,0,22,0.0,
UrbanSound8K/audio/fold7/36264-9-0-1.wav,36264-9-0-1.wav,36264,7,9,street_music,44100,2,176400,4.0,0.2433973252773285,-12.27368397188731,1.0,0.0,1056,0.0029931972789115,0,80,0.0,
UrbanSound8K/audio/fold3/176631-1-0-0.wav,176631-1-0-0.wav,176631,3,1,car_horn,48000,2,94948,1.9780833333333332,0.3360910415649414,-9.47086126806142,1.0,0.0,558,0.0029384505202847,0,40,0.0,
UrbanSound8K/audio/fold6/135544-6-2-0.wav,135544-6-2-0.wav,135544,6,6,gun_shot,44100,2,78057,1.77,0.2365116328001022,-12.522949873436804,1.0,0.0,444,0.0028440754833006,0,36,0.0,
UrbanSound8K/audio/fold3/148838-6-2-0.wav,148838-6-2-0.wav,148838,3,6,gun_shot,44100,2,52920,1.2,0.1647214442491531,-15.664997171087537,1.0,0.0,300,0.0028344671201814,0,24,0.0,
UrbanSound8K/audio/fold9/145683-6-0-0.wav,145683-6-0-0.wav,145683,9,6,gun_shot,96000,2,118080,1.23,0.2227537333965301,-13.04350016737737,0.99993896484375,-0.0005301608106181,669,0.002832825203252,0,25,0.0,
UrbanSound8K/audio/fold9/39532-4-0-0.wav,39532-4-0-0.wav,39532,9,4,drilling,44100,1,47628,1.08,0.2587931156158447,-11.740945618012448,1.0,0.0,132,0.0027714789619551,0,22,0.0,
UrbanSound8K/audio/fold1/176638-1-1-0.wav,176638-1-1-0.wav,176638,1,1,car_horn,48000,2,38197,0.7957708333333333,0.2304294258356094,-12.749241246120068,1.0,0.0,211,0.0027619970154724,0,16,0.0,
UrbanSound8K/audio/fold2/145608-6-0-0.wav,145608-6-0-0.wav,145608,2,6,gun_shot,96000,2,96857,1.0089270833333333,0.2360231727361679,-12.540907118784222,0.99993896484375,-0.0005301608106181,531,0.0027411544854785,0,21,0.0,
UrbanSound8K/audio/fold7/36264-9-0-2.wav,36264-9-0-2.wav,36264,7,9,street_music,44100,2,176400,4.0,0.2718879580497741,-11.312200538823436,1.0,0.0,958,0.0027154195011337,0,80,0.0,
UrbanSound8K/audio/fold8/145612-6-1-0.wav,145612-6-1-0.wav,145612,8,6,gun_shot,96000,2,76469,0.7965520833333334,0.22617769241333,-12.911004623006988,0.99993896484375,-0.0005301608106181,415,0.0027135178961409,0,16,0.0,
UrbanSound8K/audio/fold7/36264-9-0-10.wav,36264-9-0-10.wav,36264,7,9,street_music,44100,2,176400,4.0,0.260976493358612,-11.66797217234489,1.0,0.0,948,0.0026870748299319,0,80,0.0,
UrbanSound8K/audio/fold7/135527-6-3-0.wav,135527-6-3-0.wav,135527,7,6,gun_shot,44100,2,56448,1.28,0.230982705950737,-12.728410704436524,1.0,0.0,300,0.00265731292517,0,26,0.0,
UrbanSound8K/audio/fold8/145612-6-2-0.wav,145612-6-2-0.wav,145612,8,6,gun_shot,96000,2,87360,0.91,0.21747787296772,-13.251698464933057,0.99993896484375,-0.0005301608106181,461,0.0026385073260073,0,19,0.0,
UrbanSound8K/audio/fold6/135544-6-0-0.wav,135544-6-0-0.wav,135544,6,6,gun_shot,44100,2,102656,2.3278004535147394,0.2306118607521057,-12.742367199566669,1.0,0.0,541,0.0026350140274314,0,47,0.0,
UrbanSound8K/audio/fold4/148837-6-2-0.wav,148837-6-2-0.wav,148837,4,6,gun_shot,44100,2,64386,1.46,0.1556203812360763,-16.158670501848235,1.0,0.0,339,0.0026325598732643,1,30,0.0333333333333333,
UrbanSound8K/audio/fold3/34708-6-3-0.wav,34708-6-3-0.wav,34708,3,6,gun_shot,48000,2,87205,1.8167708333333328,0.1543392091989517,-16.23047458624526,1.0,0.0,456,0.0026145289834298,0,37,0.0,
UrbanSound8K/audio/fold8/33340-7-8-0.wav,33340-7-8-0.wav,33340,8,7,jackhammer,44100,2,102563,2.325691609977324,0.1410921365022659,-17.009943802707355,1.0,0.0,536,0.0026130280900519,0,47,0.0,
UrbanSound8K/audio/fold2/145608-6-1-0.wav,145608-6-1-0.wav,145608,2,6,gun_shot,96000,2,98880,1.03,0.2233425378799438,-13.020571064129552,0.99993896484375,-0.0005301608106181,515,0.0026041666666666,0,21,0.0,
UrbanSound8K/audio/fold6/135544-6-3-0.wav,135544-6-3-0.wav,135544,6,6,gun_shot,44100,2,65993,1.4964399092970522,0.2271938920021057,-12.87206697202306,1.0,0.0,342,0.0025911839134453,0,30,0.0,
UrbanSound8K/audio/fold6/135544-6-19-0.wav,135544-6-19-0.wav,135544,6,6,gun_shot,44100,2,75770,1.718140589569161,0.2044085711240768,-13.790017952170492,1.0,0.0,389,0.0025669790154414,0,35,0.0,
UrbanSound8K/audio/fold9/174282-6-2-0.wav,174282-6-2-0.wav,174282,9,6,gun_shot,48000,2,181696,3.785333333333333,0.0953855812549591,-20.41034538949724,1.0,0.0,924,0.0025427087002465,15,76,0.1973684210526315,
UrbanSound8K/audio/fold3/135526-6-4-0.wav,135526-6-4-0.wav,135526,3,6,gun_shot,44100,2,78931,1.7898185941043083,0.2344146817922592,-12.600303823925216,1.0,0.0,400,0.002533858686701,0,36,0.0,
UrbanSound8K/audio/fold2/145608-6-3-0.wav,145608-6-3-0.wav,145608,2,6,gun_shot,96000,2,87090,0.9071875,0.2371602803468704,-12.499160898956143,0.99993896484375,-0.0005301608106181,433,0.00248593409117,0,19,0.0,
UrbanSound8K/audio/fold2/72539-3-0-1.wav,72539-3-0-1.wav,72539,2,3,dog_bark,11025,2,44100,4.0,0.1363044083118438,-17.30980196260971,0.999969482421875,-0.0002650763603796,218,0.0024716553287981,0,81,0.0,
UrbanSound8K/audio/fold6/135544-6-9-0.wav,135544-6-9-0.wav,135544,6,6,gun_shot,44100,2,63504,1.44,0.2314244955778122,-12.71181348406918,1.0,0.0,312,0.0024565381708238,0,29,0.0,
UrbanSound8K/audio/fold5/148841-6-1-0.wav,148841-6-1-0.wav,148841,5,6,gun_shot,44100,2,58642,1.329750566893424,0.1536517739295959,-16.269248427854297,1.0,0.0,287,0.0024470516012414,0,27,0.0,
UrbanSound8K/audio/fold8/52633-3-0-8.wav,52633-3-0-8.wav,52633,8,3,dog_bark,44100,2,176400,4.0,0.1132551580667495,-18.91884018914339,1.0,0.0,857,0.0024291383219954,26,80,0.325,
UrbanSound8K/audio/fold8/52633-3-0-2.wav,52633-3-0-2.wav,52633,8,3,dog_bark,44100,2,176400,4.0,0.1176572665572166,-18.587624909368696,1.0,0.0,853,0.0024178004535147,5,80,0.0625,
UrbanSound8K/audio/fold6/135544-6-1-0.wav,135544-6-1-0.wav,135544,6,6,gun_shot,44100,2,104958,2.38,0.2328283190727234,-12.65928394530302,1.0,0.0,490,0.0023342670401493,0,48,0.0,
UrbanSound8K/audio/fold4/135528-6-2-0.wav,135528-6-2-0.wav,135528,4,6,gun_shot,44100,2,176400,4.0,0.2163354456424713,-13.297446348550046,1.0,0.0,822,0.0023299319727891,0,80,0.0,
UrbanSound8K/audio/fold2/76090-6-0-0.wav,76090-6-0-0.wav,76090,2,6,gun_shot,44100,2,21100,0.4784580498866213,0.1150267869234085,-18.78402022625825,0.999969482421875,-0.0002650763603796,98,0.0023222748815165,1,10,0.1,
UrbanSound8K/audio/fold2/145608-6-2-0.wav,145608-6-2-0.wav,145608,2,6,gun_shot,96000,2,91974,0.9580625,0.2317073792219162,-12.701202698880918,0.99993896484375,-0.0005301608106181,426,0.0023158718768347,0,20,0.0,
UrbanSound8K/audio/fold3/195451-5-0-10.wav,195451-5-0-10.wav,195451,3,5,engine_idling,44100,2,176400,4.0,0.1437620520591735,-16.847114734729686,1.0,0.0,817,0.0023157596371882,0,80,0.0,
UrbanSound8K/audio/fold3/195451-5-0-9.wav,195451-5-0-9.wav,195451,3,5,engine_idling,44100,2,176400,4.0,0.153515413403511,-16.276960270832387,1.0,0.0,817,0.0023157596371882,0,80,0.0,
UrbanSound8K/audio/fold2/203128-3-1-0.wav,203128-3-1-0.wav,203128,2,3,dog_bark,44100,2,83249,1.8877324263038548,0.2259911447763443,-12.918171557770124,1.0,0.0,385,0.0023123400881692,0,38,0.0,
UrbanSound8K/audio/fold8/72015-2-0-1.wav,72015-2-0-1.wav,72015,8,2,children_playing,44100,2,176400,4.0,0.2092494666576385,-13.586712805565227,1.0,0.0,808,0.0022902494331065,0,80,0.0,
UrbanSound8K/audio/fold1/76093-6-1-0.wav,76093-6-1-0.wav,76093,1,6,gun_shot,44100,2,27783,0.63,0.1034537106752395,-19.705078549094125,0.99993896484375,-0.0005301608106181,127,0.0022855703127811,0,13,0.0,
UrbanSound8K/audio/fold4/72724-3-2-8.wav,72724-3-2-8.wav,72724,4,3,dog_bark,44100,2,176400,4.0,0.1422677636146545,-16.93786990699857,1.0,0.0,806,0.0022845804988662,0,80,0.0,
UrbanSound8K/audio/fold4/72724-3-2-7.wav,72724-3-2-7.wav,72724,4,3,dog_bark,44100,2,176400,4.0,0.1441917717456817,-16.821190435522368,1.0,0.0,806,0.0022845804988662,0,80,0.0,
UrbanSound8K/audio/fold4/174032-2-0-17.wav,174032-2-0-17.wav,174032,4,2,children_playing,48000,2,192000,4.0,0.2233078181743621,-13.021921433730595,1.0,0.0,872,0.0022708333333333,0,80,0.0,
UrbanSound8K/audio/fold6/135544-6-5-0.wav,135544-6-5-0.wav,135544,6,6,gun_shot,44100,2,73206,1.66,0.2176684588193893,-13.244089954144386,1.0,0.0,332,0.0022675736961451,0,34,0.0,
UrbanSound8K/audio/fold3/135526-6-2-0.wav,135526-6-2-0.wav,135526,3,6,gun_shot,44100,2,114130,2.587981859410431,0.2265192419290542,-12.897898009123088,1.0,0.0,510,0.0022342942258827,0,52,0.0,
UrbanSound8K/audio/fold6/135544-6-17-0.wav,135544-6-17-0.wav,135544,6,6,gun_shot,44100,2,70881,1.6072789115646258,0.2196419537067413,-13.165694038254909,1.0,0.0,316,0.002229088190065,0,33,0.0,
UrbanSound8K/audio/fold10/93567-8-0-17.wav,93567-8-0-17.wav,93567,10,8,siren,44100,2,176400,4.0,0.2784479856491089,-11.105118390797134,0.999969482421875,-0.0002650763603796,772,0.00218820861678,0,80,0.0,
UrbanSound8K/audio/fold4/135528-6-4-0.wav,135528-6-4-0.wav,135528,4,6,gun_shot,44100,2,176400,4.0,0.2185738384723663,-13.20803641652968,1.0,0.0,764,0.0021655328798185,0,80,0.0,
UrbanSound8K/audio/fold1/19026-1-0-0.wav,19026-1-0-0.wav,19026,1,1,car_horn,44100,1,45765,1.0377551020408162,0.2403907626867294,-12.381644493057973,1.0,0.0,97,0.0021195236534469,0,21,0.0,
UrbanSound8K/audio/fold6/124389-8-1-2.wav,124389-8-1-2.wav,124389,6,8,siren,44100,2,176400,4.0,0.260504275560379,-11.683702887823364,1.0,0.0,745,0.0021116780045351,0,80,0.0,
UrbanSound8K/audio/fold3/135526-6-8-0.wav,135526-6-8-0.wav,135526,3,6,gun_shot,44100,2,82026,1.86,0.1970523297786712,-14.108368520810032,1.0,0.0,341,0.0020786092214663,0,38,0.0,
UrbanSound8K/audio/fold7/135527-6-14-0.wav,135527-6-14-0.wav,135527,7,6,gun_shot,44100,2,176400,4.0,0.2257389426231384,-12.927870271041336,1.0,0.0,731,0.0020719954648526,0,80,0.0,
UrbanSound8K/audio/fold4/35799-6-0-0.wav,35799-6-0-0.wav,35799,4,6,gun_shot,44100,2,44541,1.01,0.3095148801803589,-10.18636934160909,1.0,0.0,184,0.0020655126737163,4,21,0.1904761904761904,
UrbanSound8K/audio/fold4/38231-3-0-0.wav,38231-3-0-0.wav,38231,4,3,dog_bark,44100,2,25422,0.5764625850340136,0.144794225692749,-16.784975143962384,0.999969482421875,-0.0002650763603796,104,0.0020454724254582,7,12,0.5833333333333334,
UrbanSound8K/audio/fold8/7390-9-1-12.wav,7390-9-1-12.wav,7390,8,9,street_music,44100,2,176400,4.0,0.1872571408748626,-14.55123223802609,1.0,0.0,715,0.0020266439909297,0,80,0.0,
UrbanSound8K/audio/fold8/145612-6-3-0.wav,145612-6-3-0.wav,145612,8,6,gun_shot,96000,2,108110,1.1261458333333334,0.236181378364563,-12.535086943283694,0.99993896484375,-0.0005301608106181,425,0.0019655906021644,0,23,0.0,
UrbanSound8K/audio/fold7/135527-6-14-9.wav,135527-6-14-9.wav,135527,7,6,gun_shot,44100,2,176400,4.0,0.2288793325424194,-12.80786843379782,1.0,0.0,681,0.0019302721088435,0,80,0.0,
UrbanSound8K/audio/fold3/135526-6-1-0.wav,135526-6-1-0.wav,135526,3,6,gun_shot,44100,2,63945,1.45,0.2161187678575515,-13.306150342756007,1.0,0.0,245,0.0019157088122605,0,29,0.0,
UrbanSound8K/audio/fold7/135527-6-14-4.wav,135527-6-14-4.wav,135527,7,6,gun_shot,44100,2,176400,4.0,0.2223611176013946,-13.058823036715342,1.0,0.0,671,0.0019019274376417,0,80,0.0,
UrbanSound8K/audio/fold5/148841-6-2-0.wav,148841-6-2-0.wav,148841,5,6,gun_shot,44100,2,73011,1.655578231292517,0.1445682197809219,-16.798543337330717,1.0,0.0,277,0.0018969744285107,1,34,0.0294117647058823,
UrbanSound8K/audio/fold4/85544-3-5-0.wav,85544-3-5-0.wav,85544,4,3,dog_bark,48000,2,65556,1.36575,0.1441905498504638,-16.82126404091505,1.0,0.0,248,0.0018915125999145,0,28,0.0,
UrbanSound8K/audio/fold6/148835-6-2-0.wav,148835-6-2-0.wav,148835,6,6,gun_shot,44100,2,56007,1.27,0.1426538079977035,-16.91433261609093,1.0,0.0,208,0.0018569107432999,0,26,0.0,
UrbanSound8K/audio/fold5/36263-9-0-5.wav,36263-9-0-5.wav,36263,5,9,street_music,44100,2,176400,4.0,0.2531732320785522,-11.931644280764845,1.0,0.0,649,0.0018395691609977,0,80,0.0,
UrbanSound8K/audio/fold6/135544-6-18-0.wav,135544-6-18-0.wav,135544,6,6,gun_shot,44100,2,80658,1.8289795918367344,0.2028202414512634,-13.857774092107704,1.0,0.0,292,0.0018101118301966,0,37,0.0,
UrbanSound8K/audio/fold4/162435-6-3-0.wav,162435-6-3-0.wav,162435,4,6,gun_shot,96000,2,69813,0.72721875,0.19179467856884,-14.343268933948304,1.0,0.0,252,0.0018048214515921,3,15,0.2,
UrbanSound8K/audio/fold3/162436-6-0-0.wav,162436-6-0-0.wav,162436,3,6,gun_shot,96000,2,172493,1.7968020833333334,0.2159810662269592,-13.311686383793056,1.0,0.0,610,0.0017681876945731,5,36,0.1388888888888889,
UrbanSound8K/audio/fold4/135528-6-12-0.wav,135528-6-12-0.wav,135528,4,6,gun_shot,44100,2,103194,2.34,0.2216652780771255,-13.086046599639204,1.0,0.0,364,0.001763668430335,0,47,0.0,
UrbanSound8K/audio/fold8/145612-6-0-0.wav,145612-6-0-0.wav,145612,8,6,gun_shot,96000,2,93608,0.9750833333333332,0.227576807141304,-12.857439998772264,0.99993896484375,-0.0005301608106181,324,0.0017306213144175,0,20,0.0,
UrbanSound8K/audio/fold5/36263-9-0-2.wav,36263-9-0-2.wav,36263,5,9,street_music,44100,2,176400,4.0,0.2597582340240478,-11.708613538782018,1.0,0.0,608,0.0017233560090702,0,80,0.0,
UrbanSound8K/audio/fold8/114280-3-0-1.wav,114280-3-0-1.wav,114280,8,3,dog_bark,48000,1,192000,4.0,0.1720833927392959,-15.285220802594388,1.0,0.0,326,0.0016979166666666,39,80,0.4875,
UrbanSound8K/audio/fold1/72579-3-0-4.wav,72579-3-0-4.wav,72579,1,3,dog_bark,44100,2,176400,4.0,0.147483229637146,-16.6251472127161,1.0,0.0,596,0.0016893424036281,0,80,0.0,
UrbanSound8K/audio/fold3/135526-6-12-0.wav,135526-6-12-0.wav,135526,3,6,gun_shot,44100,2,118188,2.68,0.2084843069314956,-13.618532595056717,1.0,0.0,398,0.0016837580803465,0,54,0.0,
UrbanSound8K/audio/fold7/135527-6-11-0.wav,135527-6-11-0.wav,135527,7,6,gun_shot,44100,2,83347,1.8899546485260768,0.236238956451416,-12.532969689331672,1.0,0.0,279,0.0016737255090165,0,38,0.0,
UrbanSound8K/audio/fold10/72538-3-0-3.wav,72538-3-0-3.wav,72538,10,3,dog_bark,11025,2,44100,4.0,0.1663862019777298,-15.57765383174657,1.0,0.0,146,0.0016553287981859,0,81,0.0,
UrbanSound8K/audio/fold7/135527-6-8-0.wav,135527-6-8-0.wav,135527,7,6,gun_shot,44100,2,80658,1.8289795918367344,0.2301173061132431,-12.761014374401425,1.0,0.0,267,0.0016551365022688,0,37,0.0,
UrbanSound8K/audio/fold4/135528-6-1-0.wav,135528-6-1-0.wav,135528,4,6,gun_shot,44100,2,95919,2.1750340136054422,0.2353961169719696,-12.564014108658446,1.0,0.0,315,0.001642010446314,0,44,0.0,
UrbanSound8K/audio/fold8/72015-2-0-2.wav,72015-2-0-2.wav,72015,8,2,children_playing,44100,2,176400,4.0,0.1834461688995361,-14.729827072891071,1.0,0.0,579,0.001641156462585,0,80,0.0,
UrbanSound8K/audio/fold7/36264-9-0-0.wav,36264-9-0-0.wav,36264,7,9,street_music,44100,2,176400,4.0,0.1896567195653915,-14.440635311428151,1.0,0.0,573,0.0016241496598639,0,80,0.0,
UrbanSound8K/audio/fold9/145683-6-1-0.wav,145683-6-1-0.wav,145683,9,6,gun_shot,96000,2,132480,1.38,0.2173850536346435,-13.255406385044452,0.99993896484375,-0.0005301608106181,425,0.001604015700483,0,28,0.0,
UrbanSound8K/audio/fold5/77509-1-0-0.wav,77509-1-0-0.wav,77509,5,1,car_horn,44100,2,26017,0.5899546485260772,0.1555823236703872,-16.160794929508437,1.0,0.0,81,0.0015566744820694,0,12,0.0,
UrbanSound8K/audio/fold7/135527-6-14-10.wav,135527-6-14-10.wav,135527,7,6,gun_shot,44100,2,176400,4.0,0.2207636684179306,-13.121447957978235,1.0,0.0,544,0.0015419501133786,0,80,0.0,
UrbanSound8K/audio/fold3/135526-6-7-0.wav,135526-6-7-0.wav,135526,3,6,gun_shot,44100,2,90664,2.055873015873016,0.1970927119255066,-14.10658869442698,1.0,0.0,277,0.0015276184593664,0,42,0.0,
UrbanSound8K/audio/fold3/135526-6-9-0.wav,135526-6-9-0.wav,135526,3,6,gun_shot,44100,2,87318,1.98,0.1960075348615646,-14.154544666145856,1.0,0.0,263,0.0015059896012276,0,40,0.0,
UrbanSound8K/audio/fold2/76091-6-2-0.wav,76091-6-2-0.wav,76091,2,6,gun_shot,44100,2,8649,0.1961224489795918,0.1726618409156799,-15.256072659293087,0.999969482421875,-0.0002650763603796,26,0.0015030639380275,0,4,0.0,
UrbanSound8K/audio/fold10/174292-6-0-0.wav,174292-6-0-0.wav,174292,10,6,gun_shot,48000,2,140610,2.929375,0.0706274732947349,-23.020526608031275,1.0,0.0,411,0.0014614892255173,14,59,0.2372881355932203,
UrbanSound8K/audio/fold7/135527-6-9-0.wav,135527-6-9-0.wav,135527,7,6,gun_shot,44100,2,91287,2.07,0.2308696508407592,-12.732663077358126,1.0,0.0,266,0.0014569434859289,0,42,0.0,
UrbanSound8K/audio/fold4/135528-6-11-0.wav,135528-6-11-0.wav,135528,4,6,gun_shot,44100,2,81144,1.84,0.2337673008441925,-12.624324752799197,1.0,0.0,236,0.0014542048703539,0,37,0.0,
UrbanSound8K/audio/fold8/72015-2-0-0.wav,72015-2-0-0.wav,72015,8,2,children_playing,44100,2,176400,4.0,0.200619176030159,-13.952551152527835,1.0,0.0,506,0.0014342403628117,0,80,0.0,
UrbanSound8K/audio/fold7/135527-6-6-0.wav,135527-6-6-0.wav,135527,7,6,gun_shot,44100,2,107544,2.438639455782313,0.2395572662353515,-12.411813032283874,1.0,0.0,307,0.0014273227702149,0,49,0.0,
UrbanSound8K/audio/fold7/135527-6-14-3.wav,135527-6-14-3.wav,135527,7,6,gun_shot,44100,2,176400,4.0,0.2144296616315841,-13.374302794518425,1.0,0.0,503,0.0014257369614512,0,80,0.0,
UrbanSound8K/audio/fold7/135527-6-14-5.wav,135527-6-14-5.wav,135527,7,6,gun_shot,44100,2,176400,4.0,0.2121792882680893,-13.46594023431892,1.0,0.0,502,0.001422902494331,0,80,0.0,
UrbanSound8K/audio/fold6/148833-6-0-0.wav,148833-6-0-0.wav,148833,6,6,gun_shot,44100,2,65162,1.477596371882086,0.1426481455564499,-16.91467739704462,1.0,0.0,185,0.0014195389951198,1,30,0.0333333333333333,
UrbanSound8K/audio/fold4/135528-6-3-0.wav,135528-6-3-0.wav,135528,4,6,gun_shot,44100,2,125244,2.84,0.2220366299152374,-13.071507460736456,1.0,0.0,353,0.0014092491456676,0,57,0.0,
UrbanSound8K/audio/fold5/203516-3-0-0.wav,203516-3-0-0.wav,203516,5,3,dog_bark,44100,2,85475,1.9382086167800452,0.180886685848236,-14.851867963570845,1.0,0.0,237,0.0013863702837086,0,39,0.0,
UrbanSound8K/audio/fold2/174994-3-0-0.wav,174994-3-0-0.wav,174994,2,3,dog_bark,44100,2,176400,4.0,0.1331176310777664,-17.515288391230524,1.0,0.0,489,0.0013860544217687,14,80,0.175,
UrbanSound8K/audio/fold3/135526-6-11-0.wav,135526-6-11-0.wav,135526,3,6,gun_shot,44100,2,105399,2.39,0.1936480700969696,-14.2597365369882,1.0,0.0,292,0.0013852123834191,0,48,0.0,
UrbanSound8K/audio/fold4/159176-3-0-0.wav,159176-3-0-0.wav,159176,4,3,dog_bark,44100,1,52038,1.18,0.1621994823217392,-15.799010724466534,1.0,0.0,72,0.0013836042891732,8,24,0.3333333333333333,
UrbanSound8K/audio/fold7/135527-6-1-0.wav,135527-6-1-0.wav,135527,7,6,gun_shot,44100,2,142443,3.23,0.2246273010969162,-12.97074921837621,1.0,0.0,390,0.0013689686400876,0,65,0.0,
UrbanSound8K/audio/fold7/135527-6-13-0.wav,135527-6-13-0.wav,135527,7,6,gun_shot,44100,2,75281,1.7070521541950114,0.2224342823028564,-13.055965540760267,1.0,0.0,205,0.0013615653352107,0,35,0.0,
UrbanSound8K/audio/fold7/135527-6-5-0.wav,135527-6-5-0.wav,135527,7,6,gun_shot,44100,2,99478,2.2557369614512472,0.2354305535554886,-12.56274352488223,1.0,0.0,266,0.0013369790305394,0,46,0.0,
UrbanSound8K/audio/fold6/148835-6-4-0.wav,148835-6-4-0.wav,148835,6,6,gun_shot,44100,2,30870,0.7,0.1388791799545288,-17.147257131121613,1.0,0.0,81,0.0013119533527696,0,14,0.0,
UrbanSound8K/audio/fold8/145206-6-5-0.wav,145206-6-5-0.wav,145206,8,6,gun_shot,44100,2,33075,0.75,0.1772043704986572,-15.030511420983537,1.0,0.0,86,0.0013000755857898,0,15,0.0,
UrbanSound8K/audio/fold4/135528-6-10-0.wav,135528-6-10-0.wav,135528,4,6,gun_shot,44100,2,93460,2.1192743764172337,0.2267868965864181,-12.88764083902273,1.0,0.0,243,0.0013000213995292,0,43,0.0,
UrbanSound8K/audio/fold1/77246-6-0-0.wav,77246-6-0-0.wav,77246,1,6,gun_shot,44100,2,58541,1.3274603174603177,0.078114129602909,-22.145408041134637,0.999969482421875,-0.0002650763603796,151,0.0012896944022138,6,27,0.2222222222222222,
UrbanSound8K/audio/fold10/174292-6-1-0.wav,174292-6-1-0.wav,174292,10,6,gun_shot,48000,2,138720,2.89,0.0689277946949005,-23.23211232570797,1.0,0.0,357,0.0012867647058823,14,58,0.2413793103448276,
UrbanSound8K/audio/fold7/135527-6-7-0.wav,135527-6-7-0.wav,135527,7,6,gun_shot,44100,2,104856,2.377687074829932,0.2389976978302002,-12.43212564835573,1.0,0.0,269,0.001282711528191,0,48,0.0,
UrbanSound8K/audio/fold5/37869-3-0-0.wav,37869-3-0-0.wav,37869,5,3,dog_bark,44100,2,41895,0.95,0.1145979091525077,-18.816466120638196,0.999969482421875,-0.0002650763603796,104,0.0012411982336794,2,19,0.1052631578947368,
UrbanSound8K/audio/fold4/187356-1-3-0.wav,187356-1-3-0.wav,187356,4,1,car_horn,96000,2,335040,3.49,0.11426742374897,-18.841551280552512,0.9999998807907104,-1.0354387945871882e-06,831,0.0012401504297994,0,70,0.0,
UrbanSound8K/audio/fold8/72015-2-0-5.wav,72015-2-0-5.wav,72015,8,2,children_playing,44100,2,176400,4.0,0.207925334572792,-13.641851820409554,1.0,0.0,425,0.001204648526077,0,80,0.0,
UrbanSound8K/audio/fold4/135528-6-0-0.wav,135528-6-0-0.wav,135528,4,6,gun_shot,44100,2,108045,2.45,0.2343550771474838,-12.602512666792538,1.0,0.0,254,0.0011754361608589,0,49,0.0,
UrbanSound8K/audio/fold10/174292-6-2-0.wav,174292-6-2-0.wav,174292,10,6,gun_shot,48000,2,167437,3.488270833333333,0.0628824681043624,-24.02940841600476,1.0,0.0,393,0.0011735757329622,23,70,0.3285714285714285,
UrbanSound8K/audio/fold7/135527-6-14-6.wav,135527-6-14-6.wav,135527,7,6,gun_shot,44100,2,176400,4.0,0.2244078069925308,-12.97924076696293,1.0,0.0,407,0.0011536281179138,0,80,0.0,
UrbanSound8K/audio/fold1/76093-6-0-0.wav,76093-6-0-0.wav,76093,1,6,gun_shot,44100,2,38367,0.87,0.0856725648045539,-21.343164626079837,0.999969482421875,-0.0002650763603796,87,0.0011337868480725,1,18,0.0555555555555555,
UrbanSound8K/audio/fold6/135544-6-7-0.wav,135544-6-7-0.wav,135544,6,6,gun_shot,44100,2,58653,1.33,0.2271929383277893,-12.872103432190084,1.0,0.0,131,0.0011167374217857,0,27,0.0,
UrbanSound8K/audio/fold3/76094-6-0-0.wav,76094-6-0-0.wav,76094,3,6,gun_shot,44100,2,40131,0.91,0.0601532720029354,-24.41481488961778,0.999969482421875,-0.0002650763603796,89,0.0011088684558072,10,19,0.5263157894736842,
UrbanSound8K/audio/fold4/174032-2-0-26.wav,174032-2-0-26.wav,174032,4,2,children_playing,48000,2,192000,4.0,0.183671772480011,-14.719151658656262,1.0,0.0,423,0.0011015625,0,80,0.0,
UrbanSound8K/audio/fold3/135526-6-10-0.wav,135526-6-10-0.wav,135526,3,6,gun_shot,44100,2,115101,2.61,0.1934521645307541,-14.268528132139464,1.0,0.0,252,0.0010946907498631,0,53,0.0,
UrbanSound8K/audio/fold7/135527-6-4-0.wav,135527-6-4-0.wav,135527,7,6,gun_shot,44100,2,96579,2.19,0.215789645910263,-13.319387952276047,1.0,0.0,211,0.00109236997691,0,44,0.0,
UrbanSound8K/audio/fold7/135527-6-14-8.wav,135527-6-14-8.wav,135527,7,6,gun_shot,44100,2,176400,4.0,0.2144003361463546,-13.375490761451722,1.0,0.0,383,0.0010856009070294,0,80,0.0,
UrbanSound8K/audio/fold6/148833-6-1-0.wav,148833-6-1-0.wav,148833,6,6,gun_shot,44100,2,82908,1.88,0.1284456402063369,-17.825612645619323,1.0,0.0,176,0.0010614174747913,1,38,0.0263157894736842,
UrbanSound8K/audio/fold5/39533-4-0-0.wav,39533-4-0-0.wav,39533,5,4,drilling,44100,1,38689,0.8773015873015872,0.2043517976999282,-13.792430748210966,1.0,0.0,41,0.0010597327405722,1,18,0.0555555555555555,
UrbanSound8K/audio/fold8/146343-3-0-0.wav,146343-3-0-0.wav,146343,8,3,dog_bark,44100,1,176400,4.0,0.1907715797424316,-14.389726479470127,0.999908447265625,-0.0007952533512092,185,0.0010487528344671,0,80,0.0,
UrbanSound8K/audio/fold3/135526-6-6-0.wav,135526-6-6-0.wav,135526,3,6,gun_shot,44100,2,97020,2.2,0.2305235415697097,-12.745694338089246,1.0,0.0,203,0.001046176046176,0,44,0.0,
UrbanSound8K/audio/fold8/174285-6-0-0.wav,174285-6-0-0.wav,174285,8,6,gun_shot,48000,2,122802,2.558375,0.0991534516215324,-20.07384326021871,1.0,0.0,254,0.0010341851109916,1,52,0.0192307692307692,
UrbanSound8K/audio/fold7/135527-6-14-1.wav,135527-6-14-1.wav,135527,7,6,gun_shot,44100,2,176400,4.0,0.2181598544120788,-13.224503297812936,1.0,0.0,353,0.001000566893424,0,80,0.0,
UrbanSound8K/audio/fold7/135527-6-2-0.wav,135527-6-2-0.wav,135527,7,6,gun_shot,44100,2,93933,2.13,0.2155890017747879,-13.327467967141368,1.0,0.0,187,0.0009953903314064,0,43,0.0,
UrbanSound8K/audio/fold4/162435-6-2-0.wav,162435-6-2-0.wav,162435,4,6,gun_shot,96000,2,54720,0.57,0.132553294301033,-17.552189488533724,1.0,0.0,108,0.0009868421052631,4,12,0.3333333333333333,
UrbanSound8K/audio/fold8/33340-7-5-0.wav,33340-7-5-0.wav,33340,8,7,jackhammer,44100,2,76734,1.74,0.1203554272651672,-18.390686420505308,1.0,0.0,151,0.0009839184716032,0,35,0.0,
UrbanSound8K/audio/fold4/135528-6-4-2.wav,135528-6-4-2.wav,135528,4,6,gun_shot,44100,2,176400,4.0,0.224018707871437,-12.994314241702934,1.0,0.0,344,0.0009750566893424,0,80,0.0,
UrbanSound8K/audio/fold2/72539-3-0-8.wav,72539-3-0-8.wav,72539,2,3,dog_bark,11025,2,44100,4.0,0.0854701399803161,-21.363711695327776,0.999969482421875,-0.0002650763603796,85,0.0009637188208616,1,81,0.0123456790123456,
UrbanSound8K/audio/fold9/178118-3-1-0.wav,178118-3-1-0.wav,178118,9,3,dog_bark,44100,1,33394,0.757233560090703,0.2037922590970993,-13.816246327618568,1.0,0.0,32,0.000958255974127,0,16,0.0,
UrbanSound8K/audio/fold4/135528-6-4-1.wav,135528-6-4-1.wav,135528,4,6,gun_shot,44100,2,176400,4.0,0.2115886807441711,-13.490151385084378,1.0,0.0,337,0.0009552154195011,0,80,0.0,
UrbanSound8K/audio/fold8/7390-9-1-11.wav,7390-9-1-11.wav,7390,8,9,street_music,44100,2,176400,4.0,0.127818301320076,-17.868139168736214,1.0,0.0,335,0.0009495464852607,0,80,0.0,
UrbanSound8K/audio/fold6/148835-6-3-0.wav,148835-6-3-0.wav,148835,6,6,gun_shot,44100,2,65709,1.49,0.1453466713428497,-16.751898195516173,1.0,0.0,120,0.0009131169246221,0,30,0.0,
UrbanSound8K/audio/fold4/148837-6-0-0.wav,148837-6-0-0.wav,148837,4,6,gun_shot,44100,2,53274,1.2080272108843535,0.1421889662742614,-16.942682062578093,1.0,0.0,97,0.0009103878064346,0,25,0.0,
UrbanSound8K/audio/fold4/162435-6-1-0.wav,162435-6-1-0.wav,162435,4,6,gun_shot,96000,2,68746,0.7161041666666667,0.1189769804477691,-18.490741147204503,1.0,0.0,124,0.0009018706542926,7,15,0.4666666666666667,
UrbanSound8K/audio/fold8/145206-6-4-0.wav,145206-6-4-0.wav,145206,8,6,gun_shot,44100,2,42658,0.9673015873015872,0.1576472818851471,-16.04627025695881,1.0,0.0,76,0.0008908059449575,3,20,0.15,
UrbanSound8K/audio/fold7/135527-6-12-0.wav,135527-6-12-0.wav,135527,7,6,gun_shot,44100,2,85995,1.95,0.23621866106987,-12.533715929577747,1.0,0.0,152,0.0008837723123437,0,39,0.0,
UrbanSound8K/audio/fold2/76089-6-0-0.wav,76089-6-0-0.wav,76089,2,6,gun_shot,44100,2,25438,0.5768253968253968,0.0742162838578224,-22.590015906898163,0.999969482421875,-0.0002650763603796,44,0.0008648478653982,2,12,0.1666666666666666,
UrbanSound8K/audio/fold7/148828-6-0-0.wav,148828-6-0-0.wav,148828,7,6,gun_shot,44100,2,50605,1.1475056689342404,0.1124445721507072,-18.981230073911608,1.0,0.0,87,0.0008595988538681,0,23,0.0,
UrbanSound8K/audio/fold7/135527-6-14-2.wav,135527-6-14-2.wav,135527,7,6,gun_shot,44100,2,176400,4.0,0.2093441486358642,-13.582783470775778,1.0,0.0,301,0.0008531746031746,0,80,0.0,
UrbanSound8K/audio/fold3/148838-6-1-0.wav,148838-6-1-0.wav,148838,3,6,gun_shot,44100,2,53169,1.2056462585034011,0.1494320482015609,-16.511125016346277,1.0,0.0,87,0.0008181459120916,0,25,0.0,
UrbanSound8K/audio/fold4/54081-9-0-56.wav,54081-9-0-56.wav,54081,4,9,street_music,96000,2,384000,4.0,0.190500795841217,-14.402064113286706,0.9998779296875,-0.0010603539826469,614,0.0007994791666666,0,80,0.0,
UrbanSound8K/audio/fold4/174032-2-0-18.wav,174032-2-0-18.wav,174032,4,2,children_playing,48000,2,192000,4.0,0.1737171411514282,-15.203146527984748,1.0,0.0,306,0.000796875,0,80,0.0,
UrbanSound8K/audio/fold2/174994-3-0-1.wav,174994-3-0-1.wav,174994,2,3,dog_bark,44100,2,176400,4.0,0.1080367490649223,-19.32856985296593,1.0,0.0,265,0.000751133786848,16,80,0.2,
UrbanSound8K/audio/fold8/174873-3-5-1.wav,174873-3-5-1.wav,174873,8,3,dog_bark,44100,2,176400,4.0,0.0965059176087379,-20.308921110113705,1.0,0.0,260,0.0007369614512471,31,80,0.3875,
UrbanSound8K/audio/fold3/76094-6-1-0.wav,76094-6-1-0.wav,76094,3,6,gun_shot,44100,2,45709,1.0364852607709751,0.0665541812777519,-23.53649309415082,0.999969482421875,-0.0002650763603796,66,0.0007219584764488,12,21,0.5714285714285714,
UrbanSound8K/audio/fold10/93567-8-0-16.wav,93567-8-0-16.wav,93567,10,8,siren,44100,2,176400,4.0,0.2428766638040542,-12.29228422575822,0.999969482421875,-0.0002650763603796,246,0.0006972789115646,0,80,0.0,
UrbanSound8K/audio/fold7/135527-6-14-7.wav,135527-6-14-7.wav,135527,7,6,gun_shot,44100,2,176400,4.0,0.2212606072425842,-13.101918000715836,1.0,0.0,246,0.0006972789115646,0,80,0.0,
UrbanSound8K/audio/fold4/135528-6-5-0.wav,135528-6-5-0.wav,135528,4,6,gun_shot,44100,2,98343,2.23,0.2129289209842682,-13.435306933671631,1.0,0.0,136,0.0006914574499455,0,45,0.0,
UrbanSound8K/audio/fold8/33340-7-6-0.wav,33340-7-6-0.wav,33340,8,7,jackhammer,44100,2,176400,4.0,0.1206911951303482,-18.3664882427563,1.0,0.0,243,0.000688775510204,0,80,0.0,
UrbanSound8K/audio/fold9/94182-9-0-20.wav,94182-9-0-20.wav,94182,9,9,street_music,44100,2,176400,4.0,0.2087772339582443,-13.606337211610164,0.999969482421875,-0.0002650763603796,240,0.0006802721088435,0,80,0.0,
UrbanSound8K/audio/fold7/14772-7-5-0.wav,14772-7-5-0.wav,14772,7,7,jackhammer,44100,1,92610,2.1,0.2005981802940368,-13.953460219117892,1.0,0.0,62,0.0006694741388618,0,42,0.0,
UrbanSound8K/audio/fold4/162435-6-0-0.wav,162435-6-0-0.wav,162435,4,6,gun_shot,96000,2,68746,0.7161041666666667,0.1174993589520454,-18.599290055819157,1.0,0.0,92,0.0006691298402816,7,15,0.4666666666666667,
UrbanSound8K/audio/fold7/14772-7-4-0.wav,14772-7-4-0.wav,14772,7,7,jackhammer,44100,1,61740,1.4,0.1903727650642395,-14.407903643015915,1.0,0.0,41,0.000664075153871,0,28,0.0,
UrbanSound8K/audio/fold6/148835-6-1-0.wav,148835-6-1-0.wav,148835,6,6,gun_shot,44100,2,41454,0.94,0.1033299788832664,-19.71547318728205,1.0,0.0,55,0.0006633859217445,0,19,0.0,
UrbanSound8K/audio/fold8/72015-2-0-4.wav,72015-2-0-4.wav,72015,8,2,children_playing,44100,2,176400,4.0,0.149719700217247,-16.494421022833553,1.0,0.0,230,0.0006519274376417,0,80,0.0,
UrbanSound8K/audio/fold7/36264-9-0-5.wav,36264-9-0-5.wav,36264,7,9,street_music,44100,2,176400,4.0,0.2011502981185913,-13.929586388758375,1.0,0.0,228,0.0006462585034013,0,80,0.0,
UrbanSound8K/audio/fold5/26177-1-1-0.wav,26177-1-1-0.wav,26177,5,1,car_horn,44100,2,51597,1.17,0.2141065746545791,-13.387399928995515,1.0,0.0,66,0.0006395720681434,0,24,0.0,
UrbanSound8K/audio/fold4/135528-6-6-0.wav,135528-6-6-0.wav,135528,4,6,gun_shot,44100,2,88540,2.0077097505668933,0.2085653096437454,-13.615158509097302,1.0,0.0,111,0.000626835328665,0,41,0.0,
UrbanSound8K/audio/fold5/66587-3-0-0.wav,66587-3-0-0.wav,66587,5,3,dog_bark,44100,1,22776,0.5164625850340137,0.1439843326807022,-16.833695241497374,1.0,0.0,14,0.0006146821215314,0,11,0.0,
UrbanSound8K/audio/fold8/72015-2-0-3.wav,72015-2-0-3.wav,72015,8,2,children_playing,44100,2,176400,4.0,0.1423317193984985,-16.933966084801465,1.0,0.0,210,0.000595238095238,0,80,0.0,
UrbanSound8K/audio/fold10/69661-3-0-23.wav,69661-3-0-23.wav,69661,10,3,dog_bark,44100,2,176400,4.0,0.1868314892053604,-14.570998489784673,1.0,0.0,209,0.0005924036281179,0,80,0.0,
UrbanSound8K/audio/fold7/14772-7-2-0.wav,14772-7-2-0.wav,14772,7,7,jackhammer,44100,1,50670,1.1489795918367347,0.188039556145668,-14.515015652091638,1.0,0.0,30,0.0005920663114268,0,23,0.0,
UrbanSound8K/audio/fold7/147317-6-0-0.wav,147317-6-0-0.wav,147317,7,6,gun_shot,44100,2,56889,1.29,0.2713094651699066,-11.330701094959348,0.99993896484375,-0.0005301608106181,67,0.000588866037371,6,26,0.2307692307692307,
UrbanSound8K/audio/fold4/176638-5-0-2.wav,176638-5-0-2.wav,176638,4,5,engine_idling,48000,2,192000,4.0,0.1219809874892234,-18.27415710322191,1.0,0.0,221,0.0005755208333333,0,80,0.0,
UrbanSound8K/audio/fold7/14772-7-8-0.wav,14772-7-8-0.wav,14772,7,7,jackhammer,44100,1,75387,1.7094557823129253,0.1947824507951736,-14.20900348160634,1.0,0.0,43,0.0005703901203125,0,35,0.0,
UrbanSound8K/audio/fold8/33340-7-15-0.wav,33340-7-15-0.wav,33340,8,7,jackhammer,44100,2,30769,0.6977097505668934,0.1132882013916969,-18.9163063635968,1.0,0.0,34,0.000552504143781,0,14,0.0,
UrbanSound8K/audio/fold1/72579-3-0-3.wav,72579-3-0-3.wav,72579,1,3,dog_bark,44100,2,176400,4.0,0.0773279964923858,-22.23326483809766,1.0,0.0,194,0.0005498866213151,1,80,0.0125,
UrbanSound8K/audio/fold7/14772-7-3-0.wav,14772-7-3-0.wav,14772,7,7,jackhammer,44100,1,48069,1.09,0.1882596909999847,-14.504853169531769,1.0,0.0,25,0.000520085710125,0,22,0.0,
UrbanSound8K/audio/fold8/33340-7-4-0.wav,33340-7-4-0.wav,33340,8,7,jackhammer,44100,2,176400,4.0,0.1137817800045013,-18.87854552806632,1.0,0.0,181,0.0005130385487528,0,80,0.0,
UrbanSound8K/audio/fold5/72259-1-9-15.wav,72259-1-9-15.wav,72259,5,1,car_horn,44100,2,176400,4.0,0.1116918101906776,-19.03957340776736,1.0,0.0,178,0.0005045351473922,0,80,0.0,
UrbanSound8K/audio/fold5/72259-1-9-16.wav,72259-1-9-16.wav,72259,5,1,car_horn,44100,2,176400,4.0,0.1157610565423965,-18.72875036196166,1.0,0.0,178,0.0005045351473922,0,80,0.0,
UrbanSound8K/audio/fold2/72539-3-0-5.wav,72539-3-0-5.wav,72539,2,3,dog_bark,11025,2,44100,4.0,0.1244574934244155,-18.099578999203043,0.999969482421875,-0.0002650763603796,44,0.0004988662131519,1,81,0.0123456790123456,
UrbanSound8K/audio/fold8/174285-6-2-0.wav,174285-6-2-0.wav,174285,8,6,gun_shot,48000,2,178560,3.72,0.0533237308263778,-25.461589450495264,1.0,0.0,178,0.0004984318996415,17,75,0.2266666666666666,
UrbanSound8K/audio/fold6/109233-3-0-3.wav,109233-3-0-3.wav,109233,6,3,dog_bark,48000,1,192000,4.0,0.2100651264190673,-13.552920804414224,1.0,0.0,91,0.0004739583333333,0,80,0.0,
UrbanSound8K/audio/fold5/116163-3-0-0.wav,116163-3-0-0.wav,116163,5,3,dog_bark,48000,1,12960,0.27,0.6759147047996521,-3.402162104008414,1.0,0.0,6,0.0004629629629629,0,6,0.0,
UrbanSound8K/audio/fold8/145206-6-0-0.wav,145206-6-0-0.wav,145206,8,6,gun_shot,44100,2,54684,1.24,0.2051943093538284,-13.756693753319468,1.0,0.0,50,0.0004571721161582,2,25,0.08,
UrbanSound8K/audio/fold8/145206-6-1-0.wav,145206-6-1-0.wav,145206,8,6,gun_shot,44100,2,64827,1.47,0.1315525472164154,-17.61801476740389,1.0,0.0,58,0.000447344470668,4,30,0.1333333333333333,
UrbanSound8K/audio/fold10/69661-3-0-29.wav,69661-3-0-29.wav,69661,10,3,dog_bark,44100,2,176400,4.0,0.1826676726341247,-14.7667660905913,1.0,0.0,157,0.0004450113378684,0,80,0.0,
UrbanSound8K/audio/fold5/191382-3-1-0.wav,191382-3-1-0.wav,191382,5,3,dog_bark,44100,2,176400,4.0,0.1037993803620338,-19.67610478064769,1.0,0.0,156,0.0004421768707482,0,80,0.0,
UrbanSound8K/audio/fold8/174285-6-1-0.wav,174285-6-1-0.wav,174285,8,6,gun_shot,48000,2,126240,2.63,0.0609208308160305,-24.304683650923067,1.0,0.0,110,0.0004356780735107,0,53,0.0,
UrbanSound8K/audio/fold9/180937-4-1-47.wav,180937-4-1-47.wav,180937,9,4,drilling,96000,2,384000,4.0,0.1596279740333557,-15.937819966004447,0.999969482421875,-0.0002650763603796,334,0.0004348958333333,0,80,0.0,
UrbanSound8K/audio/fold9/94182-9-0-16.wav,94182-9-0-16.wav,94182,9,9,street_music,44100,2,176400,4.0,0.203050747513771,-13.84790814706831,0.999969482421875,-0.0002650763603796,149,0.000422335600907,0,80,0.0,
UrbanSound8K/audio/fold10/72538-3-0-1.wav,72538-3-0-1.wav,72538,10,3,dog_bark,11025,2,44100,4.0,0.1171514689922332,-18.625045226065765,0.999969482421875,-0.0002650763603796,37,0.0004195011337868,1,81,0.0123456790123456,
UrbanSound8K/audio/fold8/66599-9-1-21.wav,66599-9-1-21.wav,66599,8,9,street_music,44100,2,176400,4.0,0.1491830796003341,-16.525608638194868,1.0,0.0,147,0.0004166666666666,0,80,0.0,
UrbanSound8K/audio/fold4/20688-2-0-3.wav,20688-2-0-3.wav,20688,4,2,children_playing,44100,2,176400,4.0,0.2502686679363251,-12.031870358542845,0.999969482421875,-0.0002650763603796,146,0.0004138321995464,0,80,0.0,
UrbanSound8K/audio/fold4/54081-9-0-87.wav,54081-9-0-87.wav,54081,4,9,street_music,96000,2,384000,4.0,0.0996492728590965,-20.03051731998921,0.9998779296875,-0.0010603539826469,313,0.0004075520833333,0,80,0.0,
UrbanSound8K/audio/fold8/145206-6-2-0.wav,145206-6-2-0.wav,145206,8,6,gun_shot,44100,2,41895,0.95,0.1580284982919693,-16.02529173750668,1.0,0.0,34,0.0004057763456259,1,19,0.0526315789473684,
UrbanSound8K/audio/fold7/14772-7-7-0.wav,14772-7-7-0.wav,14772,7,7,jackhammer,44100,1,88982,2.017732426303855,0.200514018535614,-13.957105183086911,1.0,0.0,36,0.0004045762064237,0,41,0.0,
UrbanSound8K/audio/fold10/162134-7-7-0.wav,162134-7-7-0.wav,162134,10,7,jackhammer,96000,2,384000,4.0,0.111964575946331,-19.018387208113527,0.999969482421875,-0.0002650763603796,310,0.0004036458333333,0,80,0.0,
UrbanSound8K/audio/fold10/69661-3-0-14.wav,69661-3-0-14.wav,69661,10,3,dog_bark,44100,2,176400,4.0,0.18283212184906,-14.758950010528109,1.0,0.0,140,0.0003968253968253,0,80,0.0,
UrbanSound8K/audio/fold5/37869-3-1-0.wav,37869-3-1-0.wav,37869,5,3,dog_bark,44100,2,62181,1.41,0.0975329801440239,-20.216970112150648,0.999969482421875,-0.0002650763603796,49,0.0003940110323089,2,29,0.0689655172413793,
UrbanSound8K/audio/fold4/20688-2-0-4.wav,20688-2-0-4.wav,20688,4,2,children_playing,44100,2,176400,4.0,0.249905064702034,-12.044498843068688,0.999969482421875,-0.0002650763603796,134,0.0003798185941043,0,80,0.0,
UrbanSound8K/audio/fold8/145206-6-3-0.wav,145206-6-3-0.wav,145206,8,6,gun_shot,44100,2,53786,1.2196371882086168,0.1161516010761261,-18.69949598697199,1.0,0.0,40,0.0003718439742683,4,25,0.16,
UrbanSound8K/audio/fold5/191382-3-1-1.wav,191382-3-1-1.wav,191382,5,3,dog_bark,44100,2,176400,4.0,0.0784769281744957,-22.10516009802991,1.0,0.0,129,0.0003656462585034,0,80,0.0,
UrbanSound8K/audio/fold8/155313-3-0-0.wav,155313-3-0-0.wav,155313,8,3,dog_bark,11025,1,8489,0.7699773242630386,0.2596142590045929,-11.71342916216771,1.0,0.0,3,0.0003533985157262,0,16,0.0,
UrbanSound8K/audio/fold1/180937-7-3-0.wav,180937-7-3-0.wav,180937,1,7,jackhammer,96000,2,384000,4.0,0.1942921876907348,-14.230893232576188,0.999969482421875,-0.0002650763603796,268,0.0003489583333333,0,80,0.0,
UrbanSound8K/audio/fold10/162134-7-0-0.wav,162134-7-0-0.wav,162134,10,7,jackhammer,96000,2,384000,4.0,0.1635833829641342,-15.725216293674162,0.999969482421875,-0.0002650763603796,267,0.00034765625,0,80,0.0,
UrbanSound8K/audio/fold7/14772-7-1-0.wav,14772-7-1-0.wav,14772,7,7,jackhammer,44100,1,75388,1.7094784580498863,0.1832417398691177,-14.739511865536434,1.0,0.0,25,0.0003316177641003,0,35,0.0,
UrbanSound8K/audio/fold4/148837-6-1-0.wav,148837-6-1-0.wav,148837,4,6,gun_shot,44100,2,52368,1.187482993197279,0.153740182518959,-16.264252153519013,1.0,0.0,34,0.0003246257256339,0,24,0.0,
UrbanSound8K/audio/fold2/72539-3-0-6.wav,72539-3-0-6.wav,72539,2,3,dog_bark,11025,2,44100,4.0,0.0717528536915779,-22.883216437423656,0.999969482421875,-0.0002650763603796,27,0.0003061224489795,0,81,0.0,
UrbanSound8K/audio/fold4/174032-2-0-11.wav,174032-2-0-11.wav,174032,4,2,children_playing,48000,2,192000,4.0,0.1037684828042984,-19.678690660508515,1.0,0.0,114,0.000296875,0,80,0.0,
UrbanSound8K/audio/fold7/14772-7-9-0.wav,14772-7-9-0.wav,14772,7,7,jackhammer,44100,1,171784,3.895328798185941,0.1822709292173385,-14.78565184766378,1.0,0.0,50,0.000291063195641,0,78,0.0,
UrbanSound8K/audio/fold4/20688-2-0-1.wav,20688-2-0-1.wav,20688,4,2,children_playing,44100,2,176400,4.0,0.2181072235107422,-13.226599014982137,0.999969482421875,-0.0002650763603796,92,0.0002607709750566,0,80,0.0,
UrbanSound8K/audio/fold7/14772-7-0-0.wav,14772-7-0-0.wav,14772,7,7,jackhammer,44100,1,55566,1.26,0.1807940453290939,-14.856317552799773,1.0,0.0,13,0.0002339560162689,0,26,0.0,
UrbanSound8K/audio/fold7/24965-3-1-0.wav,24965-3-1-0.wav,24965,7,3,dog_bark,48000,1,26400,0.55,0.1694203466176986,-15.420688681385643,1.0,0.0,6,0.0002272727272727,0,11,0.0,
UrbanSound8K/audio/fold1/180937-7-3-1.wav,180937-7-3-1.wav,180937,1,7,jackhammer,96000,2,384000,4.0,0.1557287275791168,-16.15262529799391,0.999969482421875,-0.0002650763603796,174,0.0002265625,0,80,0.0,
UrbanSound8K/audio/fold9/94182-9-0-10.wav,94182-9-0-10.wav,94182,9,9,street_music,44100,2,176400,4.0,0.2052306085824966,-13.755157340293833,0.999969482421875,-0.0002650763603796,79,0.0002239229024943,0,80,0.0,
UrbanSound8K/audio/fold3/155309-3-0-0.wav,155309-3-0-0.wav,155309,3,3,dog_bark,11025,1,13440,1.2190476190476192,0.1950875967741012,-14.19540682367269,1.0,0.0,3,0.0002232142857142,5,25,0.2,
UrbanSound8K/audio/fold6/34643-4-2-0.wav,34643-4-2-0.wav,34643,6,4,drilling,44100,2,176400,4.0,0.5220272541046143,-5.646136453431322,0.99981689453125,-0.0015905795200374,78,0.0002210884353741,0,80,0.0,
UrbanSound8K/audio/fold7/14772-7-6-0.wav,14772-7-6-0.wav,14772,7,7,jackhammer,44100,1,97461,2.21,0.1959311366081237,-14.157930842885415,1.0,0.0,21,0.000215470803706,0,45,0.0,
UrbanSound8K/audio/fold9/152588-3-1-0.wav,152588-3-1-0.wav,152588,9,3,dog_bark,48000,2,192000,4.0,0.1237913519144058,-18.14619388289968,1.0,0.0,82,0.0002135416666666,0,80,0.0,
UrbanSound8K/audio/fold6/179725-4-0-0.wav,179725-4-0-0.wav,179725,6,4,drilling,44100,2,70560,1.6,0.1315424293279647,-17.618682836887007,0.9996337890625,-0.0031814503638995,30,0.0002125850340136,0,32,0.0,
UrbanSound8K/audio/fold10/181624-4-6-0.wav,181624-4-6-0.wav,181624,10,4,drilling,44100,1,24255,0.55,0.0875757709145546,-21.15232061946581,0.9999998807907104,-1.0354387945871882e-06,5,0.0002061430632859,1,11,0.0909090909090909,
UrbanSound8K/audio/fold9/194310-9-0-7.wav,194310-9-0-7.wav,194310,9,9,street_music,44100,2,176400,4.0,0.0875357612967491,-21.15628973704909,1.0,0.0,72,0.000204081632653,1,80,0.0125,
UrbanSound8K/audio/fold1/176714-2-0-51.wav,176714-2-0-51.wav,176714,1,2,children_playing,48000,2,192000,4.0,0.1687101870775222,-15.457173860015844,0.9990234375,-0.0084864585530358,78,0.000203125,0,80,0.0,
UrbanSound8K/audio/fold7/148827-6-0-0.wav,148827-6-0-0.wav,148827,7,6,gun_shot,44100,2,41895,0.95,0.0663138628005981,-23.56791347158236,1.0,0.0,17,0.0002028881728129,0,19,0.0,
UrbanSound8K/audio/fold1/176638-1-0-0.wav,176638-1-0-0.wav,176638,1,1,car_horn,48000,2,26356,0.5490833333333334,0.17452472448349,-15.162860778552234,0.999969482421875,-0.0002650763603796,10,0.0001897101229321,0,11,0.0,
UrbanSound8K/audio/fold5/46391-1-0-0.wav,46391-1-0-0.wav,46391,5,1,car_horn,44100,2,176400,4.0,0.1888418197631836,-14.478036463343392,0.999969482421875,-0.0002650763603796,65,0.0001842403628117,0,80,0.0,
UrbanSound8K/audio/fold4/85544-3-6-0.wav,85544-3-6-0.wav,85544,4,3,dog_bark,48000,2,192000,4.0,0.0804266110062599,-21.892004621793912,1.0,0.0,69,0.0001796875,0,80,0.0,
UrbanSound8K/audio/fold10/93567-8-0-15.wav,93567-8-0-15.wav,93567,10,8,siren,44100,2,176400,4.0,0.2047673910856247,-13.774784059309209,0.999969482421875,-0.0002650763603796,63,0.0001785714285714,0,80,0.0,
UrbanSound8K/audio/fold9/39532-4-1-0.wav,39532-4-1-0.wav,39532,9,4,drilling,44100,1,69905,1.5851473922902497,0.1377374082803726,-17.21896186248984,1.0,0.0,12,0.0001716615406623,0,32,0.0,
UrbanSound8K/audio/fold10/162134-7-4-0.wav,162134-7-4-0.wav,162134,10,7,jackhammer,96000,2,241920,2.52,0.1249598488211631,-18.06459017768606,0.999969482421875,-0.0002650763603796,80,0.0001653439153439,0,51,0.0,
UrbanSound8K/audio/fold3/195451-5-0-7.wav,195451-5-0-7.wav,195451,3,5,engine_idling,44100,2,176400,4.0,0.1379542052745819,-17.20530112664489,1.0,0.0,58,0.0001643990929705,0,80,0.0,
UrbanSound8K/audio/fold3/195451-5-0-8.wav,195451-5-0-8.wav,195451,3,5,engine_idling,44100,2,176400,4.0,0.1338610798120498,-17.466913520234222,1.0,0.0,58,0.0001643990929705,0,80,0.0,
UrbanSound8K/audio/fold4/7389-1-4-5.wav,7389-1-4-5.wav,7389,4,1,car_horn,44100,2,176400,4.0,0.1685439497232437,-15.465736657457708,1.0,0.0,57,0.0001615646258503,0,80,0.0,
UrbanSound8K/audio/fold4/20688-2-0-2.wav,20688-2-0-2.wav,20688,4,2,children_playing,44100,2,176400,4.0,0.2161686569452285,-13.304145514085237,0.999969482421875,-0.0002650763603796,56,0.0001587301587301,0,80,0.0,
UrbanSound8K/audio/fold3/153261-0-0-1.wav,153261-0-0-1.wav,153261,3,0,air_conditioner,44100,2,176400,4.0,0.187793493270874,-14.526389187671782,0.999908447265625,-0.0007952533512092,56,0.0001587301587301,0,80,0.0,
UrbanSound8K/audio/fold3/153261-0-0-0.wav,153261-0-0-0.wav,153261,3,0,air_conditioner,44100,2,176400,4.0,0.1754482388496399,-15.117019737540552,0.999908447265625,-0.0007952533512092,56,0.0001587301587301,0,80,0.0,
UrbanSound8K/audio/fold10/181624-4-5-0.wav,181624-4-5-0.wav,181624,10,4,drilling,44100,1,19337,0.4384807256235827,0.1139594987034797,-18.86498939693331,0.9999998807907104,-1.0354387945871882e-06,3,0.0001551429901225,1,9,0.1111111111111111,
UrbanSound8K/audio/fold4/20688-2-0-0.wav,20688-2-0-0.wav,20688,4,2,children_playing,44100,2,176400,4.0,0.1635899692773819,-15.724866583102646,0.999969482421875,-0.0002650763603796,54,0.0001530612244897,0,80,0.0,
UrbanSound8K/audio/fold1/180937-7-3-2.wav,180937-7-3-2.wav,180937,1,7,jackhammer,96000,2,384000,4.0,0.1550956666469574,-16.188006722980646,0.999969482421875,-0.0002650763603796,116,0.0001510416666666,0,80,0.0,
UrbanSound8K/audio/fold3/184725-3-0-5.wav,184725-3-0-5.wav,184725,3,3,dog_bark,48000,2,192000,4.0,0.3591911494731903,-8.893487459154247,0.99908447265625,-0.0079558119060757,58,0.0001510416666666,0,80,0.0,
UrbanSound8K/audio/fold10/155311-3-0-0.wav,155311-3-0-0.wav,155311,10,3,dog_bark,11025,1,40682,3.6899773242630394,0.1999583095312118,-13.981210869512156,0.999969482421875,-0.0002650763603796,6,0.000147485374367,11,74,0.1486486486486486,
UrbanSound8K/audio/fold5/19007-4-0-0.wav,19007-4-0-0.wav,19007,5,4,drilling,22050,1,88375,4.007936507936508,0.2311038523912429,-12.723856299564138,1.0,0.0,13,0.0001471004243281,0,81,0.0,
UrbanSound8K/audio/fold9/152588-3-0-0.wav,152588-3-0-0.wav,152588,9,3,dog_bark,48000,2,116069,2.4181041666666667,0.1431513428688049,-16.884091472194285,1.0,0.0,34,0.0001464646029516,0,49,0.0,
UrbanSound8K/audio/fold9/94182-9-0-25.wav,94182-9-0-25.wav,94182,9,9,street_music,44100,2,176400,4.0,0.1798682659864425,-14.900909042446454,0.999969482421875,-0.0002650763603796,51,0.0001445578231292,0,80,0.0,
UrbanSound8K/audio/fold2/203128-3-6-0.wav,203128-3-6-0.wav,203128,2,3,dog_bark,44100,2,78057,1.77,0.1676704138517379,-15.510871274354516,1.0,0.0,22,0.0001409226590824,0,36,0.0,
UrbanSound8K/audio/fold10/172519-9-0-13.wav,172519-9-0-13.wav,172519,10,9,street_music,44100,2,176400,4.0,0.1049322560429573,-19.58181979415983,1.0,0.0,47,0.0001332199546485,0,80,0.0,
UrbanSound8K/audio/fold4/54081-9-0-47.wav,54081-9-0-47.wav,54081,4,9,street_music,96000,2,384000,4.0,0.1258739084005355,-18.001285653919158,0.9998779296875,-0.0010603539826469,99,0.00012890625,0,80,0.0,
UrbanSound8K/audio/fold4/174032-2-0-4.wav,174032-2-0-4.wav,174032,4,2,children_playing,48000,2,192000,4.0,0.1646685451269149,-15.667787030867622,1.0,0.0,49,0.0001276041666666,0,80,0.0,
UrbanSound8K/audio/fold9/194310-9-0-73.wav,194310-9-0-73.wav,194310,9,9,street_music,44100,2,176400,4.0,0.205995038151741,-13.72286480905106,1.0,0.0,44,0.0001247165532879,0,80,0.0,
UrbanSound8K/audio/fold3/184725-3-0-4.wav,184725-3-0-4.wav,184725,3,3,dog_bark,48000,2,192000,4.0,0.3343487083911896,-9.516007003321556,0.999053955078125,-0.0082211311772095,47,0.0001223958333333,0,80,0.0,
UrbanSound8K/audio/fold9/94182-9-0-9.wav,94182-9-0-9.wav,94182,9,9,street_music,44100,2,176400,4.0,0.2011073231697082,-13.931442292263323,0.999969482421875,-0.0002650763603796,43,0.0001218820861678,0,80,0.0,
UrbanSound8K/audio/fold3/117072-3-0-19.wav,117072-3-0-19.wav,117072,3,3,dog_bark,44100,2,176400,4.0,0.1803432703018188,-14.878001183942086,0.999969482421875,-0.0002650763603796,42,0.0001190476190476,0,80,0.0,
UrbanSound8K/audio/fold9/39532-4-3-0.wav,39532-4-3-0.wav,39532,9,4,drilling,44100,1,42734,0.9690249433106576,0.1471857130527496,-16.642686876530686,1.0,0.0,5,0.0001170028548696,0,20,0.0,
UrbanSound8K/audio/fold7/148828-6-1-0.wav,148828-6-1-0.wav,148828,7,6,gun_shot,44100,2,48069,1.09,0.0959984362125396,-20.354716828749545,1.0,0.0,11,0.0001144188562275,1,22,0.0454545454545454,
UrbanSound8K/audio/fold10/17486-3-1-0.wav,17486-3-1-0.wav,17486,10,3,dog_bark,44100,2,56889,1.29,0.2212484925985336,-13.10239359076039,0.999969482421875,-0.0002650763603796,13,0.0001142575893406,0,26,0.0,
UrbanSound8K/audio/fold6/34643-4-1-1.wav,34643-4-1-1.wav,34643,6,4,drilling,44100,2,176400,4.0,0.5826064944267273,-4.692493570343808,0.999664306640625,-0.0029162849879057,40,0.0001133786848072,0,80,0.0,
UrbanSound8K/audio/fold7/155314-3-0-5.wav,155314-3-0-5.wav,155314,7,3,dog_bark,11025,1,44100,4.0,0.2305775284767151,-12.743660405189267,1.0,0.0,5,0.0001133786848072,10,81,0.1234567901234567,
UrbanSound8K/audio/fold3/117072-3-0-14.wav,117072-3-0-14.wav,117072,3,3,dog_bark,44100,2,176400,4.0,0.2005847245454788,-13.954042871796297,1.0,0.0,37,0.0001048752834467,0,80,0.0,
UrbanSound8K/audio/fold9/94182-9-0-23.wav,94182-9-0-23.wav,94182,9,9,street_music,44100,2,176400,4.0,0.176632210612297,-15.058601913742482,0.999969482421875,-0.0002650763603796,36,0.0001020408163265,0,80,0.0,
UrbanSound8K/audio/fold6/157322-3-0-3.wav,157322-3-0-3.wav,157322,6,3,dog_bark,96000,2,384000,4.0,0.1360274255275726,-17.32747042752238,1.0,0.0,78,0.0001015625,0,80,0.0,
UrbanSound8K/audio/fold7/118587-3-0-2.wav,118587-3-0-2.wav,118587,7,3,dog_bark,44100,2,176400,4.0,0.0867416188120842,-21.2354495421553,1.0,0.0,35,9.92063492063492e-05,13,80,0.1625,
UrbanSound8K/audio/fold3/54067-2-0-23.wav,54067-2-0-23.wav,54067,3,2,children_playing,48000,1,192000,4.0,0.081738457083702,-21.751471288044783,1.0,0.0,19,9.895833333333332e-05,0,80,0.0,
UrbanSound8K/audio/fold4/135528-6-8-0.wav,135528-6-8-0.wav,135528,4,6,gun_shot,44100,2,56448,1.28,0.2088968604803085,-13.601361740013134,1.0,0.0,11,9.743480725623585e-05,0,26,0.0,
UrbanSound8K/audio/fold3/22601-8-0-1.wav,22601-8-0-1.wav,22601,3,8,siren,48000,2,192000,4.0,0.1187591627240181,-18.50665745857284,0.999969482421875,-0.0002650763603796,37,9.635416666666668e-05,0,80,0.0,
UrbanSound8K/audio/fold3/22601-8-0-2.wav,22601-8-0-2.wav,22601,3,8,siren,48000,2,192000,4.0,0.1234624460339546,-18.16930246111124,0.999969482421875,-0.0002650763603796,37,9.635416666666668e-05,0,80,0.0,
UrbanSound8K/audio/fold4/38231-3-4-0.wav,38231-3-4-0.wav,38231,4,3,dog_bark,44100,2,116424,2.64,0.0909574851393699,-20.823231117064545,0.999969482421875,-0.0002650763603796,22,9.44822373393802e-05,34,53,0.6415094339622641,
UrbanSound8K/audio/fold8/114280-3-0-0.wav,114280-3-0-0.wav,114280,8,3,dog_bark,48000,1,192000,4.0,0.1158907786011695,-18.7190223871912,1.0,0.0,18,9.375e-05,37,80,0.4625,
UrbanSound8K/audio/fold9/152588-3-2-0.wav,152588-3-2-0.wav,152588,9,3,dog_bark,48000,2,107944,2.248833333333333,0.1329444944858551,-17.52659286035584,1.0,0.0,20,9.264062847402356e-05,0,45,0.0,
UrbanSound8K/audio/fold7/155314-3-0-2.wav,155314-3-0-2.wav,155314,7,3,dog_bark,11025,1,44100,4.0,0.1029435694217681,-19.74801554563343,1.0,0.0,4,9.0702947845805e-05,17,81,0.2098765432098765,
UrbanSound8K/audio/fold4/7389-1-4-6.wav,7389-1-4-6.wav,7389,4,1,car_horn,44100,2,176400,4.0,0.1210066229104995,-18.343817186270947,1.0,0.0,32,9.0702947845805e-05,0,80,0.0,
UrbanSound8K/audio/fold6/155317-3-0-0.wav,155317-3-0-0.wav,155317,6,3,dog_bark,11025,1,44100,4.0,0.1423187106847763,-16.93475998665343,1.0,0.0,4,9.0702947845805e-05,18,81,0.2222222222222222,
UrbanSound8K/audio/fold2/177592-5-0-4.wav,177592-5-0-4.wav,177592,2,5,engine_idling,48000,1,192000,4.0,0.2174750864505767,-13.251809756877886,1.0,0.0,17,8.854166666666667e-05,0,80,0.0,
UrbanSound8K/audio/fold5/71086-4-2-0.wav,71086-4-2-0.wav,71086,5,4,drilling,44100,1,96507,2.1883673469387754,0.1930077821016311,-14.288503596460108,1.0,0.0,8,8.28955412560747e-05,0,44,0.0,
UrbanSound8K/audio/fold8/144028-3-0-0.wav,144028-3-0-0.wav,144028,8,3,dog_bark,48000,2,86376,1.7995,0.1137299165129661,-18.88250559322708,0.9999998807907104,-1.0354387945871882e-06,14,8.104102991571732e-05,0,36,0.0,
UrbanSound8K/audio/fold6/157322-3-0-4.wav,157322-3-0-4.wav,157322,6,3,dog_bark,96000,2,384000,4.0,0.1019321680068969,-19.8337747726188,1.0,0.0,61,7.942708333333333e-05,0,80,0.0,
UrbanSound8K/audio/fold10/162134-7-11-2.wav,162134-7-11-2.wav,162134,10,7,jackhammer,96000,2,384000,4.0,0.1271743774414062,-17.912007593990925,0.999969482421875,-0.0002650763603796,60,7.8125e-05,0,80,0.0,
UrbanSound8K/audio/fold1/21684-9-0-39.wav,21684-9-0-39.wav,21684,1,9,street_music,44100,2,176400,4.0,0.2723056674003601,-11.298866395008298,1.0,0.0,27,7.653061224489796e-05,0,80,0.0,
UrbanSound8K/audio/fold5/100032-3-0-0.wav,100032-3-0-0.wav,100032,5,3,dog_bark,44100,2,14004,0.3175510204081632,0.1644062101840973,-15.68163563400379,0.999969482421875,-0.0002650763603796,2,7.140816909454442e-05,0,7,0.0,
UrbanSound8K/audio/fold4/7389-1-4-4.wav,7389-1-4-4.wav,7389,4,1,car_horn,44100,2,176400,4.0,0.1404729038476944,-17.048148795506123,1.0,0.0,25,7.086167800453515e-05,0,80,0.0,
UrbanSound8K/audio/fold7/183992-3-0-9.wav,183992-3-0-9.wav,183992,7,3,dog_bark,44100,2,176400,4.0,0.1172545179724693,-18.617408286933813,0.999969482421875,-0.0002650763603796,25,7.086167800453515e-05,0,80,0.0,
UrbanSound8K/audio/fold6/148835-6-0-0.wav,148835-6-0-0.wav,148835,6,6,gun_shot,44100,2,36119,0.8190249433106576,0.1047762334346771,-19.59474435825343,1.0,0.0,5,6.921564827376173e-05,0,17,0.0,
UrbanSound8K/audio/fold9/155312-3-0-0.wav,155312-3-0-0.wav,155312,9,3,dog_bark,11025,1,44100,4.0,0.1901973336935043,-14.41591151141212,0.999969482421875,-0.0002650763603796,3,6.802721088435374e-05,11,81,0.1358024691358024,
UrbanSound8K/audio/fold6/4912-3-1-0.wav,4912-3-1-0.wav,4912,6,3,dog_bark,44100,2,14994,0.34,0.1472677439451217,-16.637847325290544,0.999969482421875,-0.0002650763603796,2,6.669334400426837e-05,0,7,0.0,
UrbanSound8K/audio/fold6/157322-3-0-6.wav,157322-3-0-6.wav,157322,6,3,dog_bark,96000,2,384000,4.0,0.1233026608824729,-18.18055102378596,0.9999998807907104,-1.0354387945871882e-06,51,6.640625e-05,0,80,0.0,
UrbanSound8K/audio/fold6/157322-3-0-5.wav,157322-3-0-5.wav,157322,6,3,dog_bark,96000,2,384000,4.0,0.1254215240478515,-18.032558524801217,0.9999998807907104,-1.0354387945871882e-06,51,6.640625e-05,0,80,0.0,
UrbanSound8K/audio/fold10/162134-7-5-0.wav,162134-7-5-0.wav,162134,10,7,jackhammer,96000,2,190080,1.98,0.0899022594094276,-20.92458787018161,0.999969482421875,-0.0002650763603796,25,6.576178451178451e-05,0,40,0.0,
UrbanSound8K/audio/fold6/9032-3-0-0.wav,9032-3-0-0.wav,9032,6,3,dog_bark,44100,1,15435,0.35,0.2085407525300979,-13.616181272363344,0.999969482421875,-0.0002650763603796,1,6.47878198898607e-05,0,7,0.0,
UrbanSound8K/audio/fold10/162134-7-11-1.wav,162134-7-11-1.wav,162134,10,7,jackhammer,96000,2,384000,4.0,0.1208744868636131,-18.35330713144036,0.999969482421875,-0.0002650763603796,46,5.989583333333333e-05,0,80,0.0,
UrbanSound8K/audio/fold8/74677-0-0-56.wav,74677-0-0-56.wav,74677,8,0,air_conditioner,44100,2,176400,4.0,0.1236353516578674,-18.15714663110176,1.0,0.0,21,5.952380952380952e-05,0,80,0.0,
UrbanSound8K/audio/fold7/148827-6-2-0.wav,148827-6-2-0.wav,148827,7,6,gun_shot,44100,2,33945,0.7697278911564626,0.0687557235360145,-23.25382286729369,1.0,0.0,4,5.891883929886581e-05,0,16,0.0,
UrbanSound8K/audio/fold7/28385-9-0-9.wav,28385-9-0-9.wav,28385,7,9,street_music,44100,2,176400,4.0,0.2172845900058746,-13.259421461875473,1.0,0.0,20,5.668934240362812e-05,0,80,0.0,
UrbanSound8K/audio/fold3/184725-3-0-2.wav,184725-3-0-2.wav,184725,3,3,dog_bark,48000,2,192000,4.0,0.3292112648487091,-9.6505062530391,0.999114990234375,-0.0076905007391395,21,5.46875e-05,0,80,0.0,
UrbanSound8K/audio/fold4/76568-9-0-2.wav,76568-9-0-2.wav,76568,4,9,street_music,44100,2,176400,4.0,0.2177480012178421,-13.24091645674314,1.0,0.0,19,5.385487528344671e-05,0,80,0.0,
UrbanSound8K/audio/fold7/38236-3-3-0.wav,38236-3-3-0.wav,38236,7,3,dog_bark,44100,2,161406,3.66,0.0775512903928756,-22.208219429388446,0.999969482421875,-0.0002650763603796,17,5.266223064817912e-05,22,74,0.2972972972972973,
UrbanSound8K/audio/fold2/177592-5-0-3.wav,177592-5-0-3.wav,177592,2,5,engine_idling,48000,1,192000,4.0,0.1344136148691177,-17.4311347799504,1.0,0.0,10,5.208333333333334e-05,0,80,0.0,
UrbanSound8K/audio/fold10/162134-7-14-1.wav,162134-7-14-1.wav,162134,10,7,jackhammer,96000,2,384000,4.0,0.1036305502057075,-19.690243920792334,0.999969482421875,-0.0002650763603796,40,5.208333333333334e-05,0,80,0.0,
UrbanSound8K/audio/fold10/162134-7-14-0.wav,162134-7-14-0.wav,162134,10,7,jackhammer,96000,2,384000,4.0,0.1139197945594787,-18.868016138077877,0.999969482421875,-0.0002650763603796,40,5.208333333333334e-05,0,80,0.0,
UrbanSound8K/audio/fold5/116163-3-1-0.wav,116163-3-1-0.wav,116163,5,3,dog_bark,48000,1,19514,0.4065416666666667,0.6977905631065369,-3.125498164610279,0.9999997615814208,-2.0708777126083217e-06,1,5.124525981346726e-05,0,9,0.0,
UrbanSound8K/audio/fold2/152908-5-0-4.wav,152908-5-0-4.wav,152908,2,5,engine_idling,44100,2,176400,4.0,0.1598796397447586,-15.924136780047473,1.0,0.0,18,5.102040816326531e-05,0,80,0.0,
UrbanSound8K/audio/fold2/152908-5-0-3.wav,152908-5-0-3.wav,152908,2,5,engine_idling,44100,2,176400,4.0,0.1611583977937698,-15.854941178711607,1.0,0.0,18,5.102040816326531e-05,0,80,0.0,
UrbanSound8K/audio/fold1/21684-9-0-30.wav,21684-9-0-30.wav,21684,1,9,street_music,44100,2,176400,4.0,0.218344360589981,-13.217160411585656,1.0,0.0,17,4.81859410430839e-05,0,80,0.0,
UrbanSound8K/audio/fold1/122690-6-0-0.wav,122690-6-0-0.wav,122690,1,6,gun_shot,44100,2,138734,3.145895691609977,0.0925478413701057,-20.672674129682285,1.0,0.0,13,4.685224962878602e-05,0,63,0.0,
UrbanSound8K/audio/fold8/33340-7-2-0.wav,33340-7-2-0.wav,33340,8,7,jackhammer,44100,2,117747,2.67,0.0678642690181732,-23.367176488654135,1.0,0.0,11,4.6710319583513805e-05,0,54,0.0,
UrbanSound8K/audio/fold6/34643-4-1-0.wav,34643-4-1-0.wav,34643,6,4,drilling,44100,2,176400,4.0,0.5482000708580017,-5.221218253229308,0.999664306640625,-0.0029162849879057,16,4.5351473922902495e-05,0,80,0.0,
UrbanSound8K/audio/fold7/28385-9-0-65.wav,28385-9-0-65.wav,28385,7,9,street_music,44100,2,176400,4.0,0.2205552458763122,-13.129652162559273,1.0,0.0,16,4.5351473922902495e-05,0,80,0.0,
UrbanSound8K/audio/fold7/155315-3-0-0.wav,155315-3-0-0.wav,155315,7,3,dog_bark,11025,1,44100,4.0,0.3067121803760528,-10.26537953316618,0.999969482421875,-0.0002650763603796,2,4.5351473922902495e-05,4,81,0.0493827160493827,
UrbanSound8K/audio/fold4/61790-9-0-10.wav,61790-9-0-10.wav,61790,4,9,street_music,44100,2,176400,4.0,0.1769116669893264,-15.044870504948022,1.0,0.0,15,4.2517006802721085e-05,0,80,0.0,
UrbanSound8K/audio/fold8/50613-3-0-0.wav,50613-3-0-0.wav,50613,8,3,dog_bark,44100,1,23749,0.5385260770975057,0.114753745496273,-18.804662608743584,0.999969482421875,-0.0002650763603796,1,4.2107036085729926e-05,3,11,0.2727272727272727,
UrbanSound8K/audio/fold1/180937-7-2-0.wav,180937-7-2-0.wav,180937,1,7,jackhammer,96000,2,384000,4.0,0.0958650410175323,-20.36679475150486,0.999969482421875,-0.0002650763603796,32,4.1666666666666665e-05,0,80,0.0,
UrbanSound8K/audio/fold5/45256-1-0-0.wav,45256-1-0-0.wav,45256,5,1,car_horn,44100,2,12159,0.2757142857142857,0.1944624483585357,-14.22328501223543,0.9999998807907104,-1.0354387945871882e-06,1,4.112180277983387e-05,0,6,0.0,
UrbanSound8K/audio/fold10/162134-7-1-0.wav,162134-7-1-0.wav,162134,10,7,jackhammer,96000,2,358080,3.73,0.1077043339610099,-19.355336411759723,0.999969482421875,-0.0002650763603796,29,4.049374441465594e-05,0,75,0.0,
UrbanSound8K/audio/fold3/6988-5-0-3.wav,6988-5-0-3.wav,6988,3,5,engine_idling,44100,2,176400,4.0,0.3240454494953155,-9.787881457550988,1.0,0.0,14,3.968253968253968e-05,0,80,0.0,
UrbanSound8K/audio/fold5/72259-1-9-8.wav,72259-1-9-8.wav,72259,5,1,car_horn,44100,2,176400,4.0,0.1448233723640442,-16.783226874708447,1.0,0.0,14,3.968253968253968e-05,0,80,0.0,
UrbanSound8K/audio/fold9/94182-9-0-0.wav,94182-9-0-0.wav,94182,9,9,street_music,44100,2,176400,4.0,0.1629733741283416,-15.757666858384642,0.999969482421875,-0.0002650763603796,13,3.684807256235828e-05,0,80,0.0,
UrbanSound8K/audio/fold6/109233-3-0-6.wav,109233-3-0-6.wav,109233,6,3,dog_bark,48000,1,192000,4.0,0.2149148881435394,-13.354669957772757,1.0,0.0,7,3.6458333333333336e-05,0,80,0.0,
UrbanSound8K/audio/fold3/184725-3-0-1.wav,184725-3-0-1.wav,184725,3,3,dog_bark,48000,2,192000,4.0,0.3307670056819916,-9.60955636479003,0.999053955078125,-0.0082211311772095,14,3.6458333333333336e-05,0,80,0.0,
UrbanSound8K/audio/fold6/109233-3-0-5.wav,109233-3-0-5.wav,109233,6,3,dog_bark,48000,1,192000,4.0,0.1896699070930481,-14.440031370645618,1.0,0.0,7,3.6458333333333336e-05,0,80,0.0,
UrbanSound8K/audio/fold2/177592-5-0-5.wav,177592-5-0-5.wav,177592,2,5,engine_idling,48000,1,192000,4.0,0.1945929825305938,-14.217456508813967,0.9999998807907104,-1.0354387945871882e-06,7,3.6458333333333336e-05,0,80,0.0,
UrbanSound8K/audio/fold10/17486-3-2-0.wav,17486-3-2-0.wav,17486,10,3,dog_bark,44100,2,41454,0.94,0.1863841265439987,-14.59182154435062,0.999969482421875,-0.0002650763603796,3,3.618468664061369e-05,0,19,0.0,
UrbanSound8K/audio/fold9/26185-1-0-0.wav,26185-1-0-0.wav,26185,9,1,car_horn,44100,2,14553,0.33,0.150646835565567,-16.44079973063843,0.999969482421875,-0.0002650763603796,1,3.435717721432007e-05,0,7,0.0,
UrbanSound8K/audio/fold4/206037-2-0-25.wav,206037-2-0-25.wav,206037,4,2,children_playing,44100,2,176400,4.0,0.0291992146521806,-30.69257658528577,0.999969482421875,-0.0002650763603796,12,3.401360544217687e-05,0,80,0.0,
UrbanSound8K/audio/fold1/155310-3-0-0.wav,155310-3-0-0.wav,155310,1,3,dog_bark,11025,1,30539,2.7699773242630386,0.2621271014213562,-11.629761497186005,1.0,0.0,1,3.274501457153149e-05,2,56,0.0357142857142857,
UrbanSound8K/audio/fold5/85663-3-0-0.wav,85663-3-0-0.wav,85663,5,3,dog_bark,44100,2,92160,2.089795918367347,0.2555806934833526,-11.849439115932103,1.0,0.0,6,3.255208333333333e-05,23,42,0.5476190476190477,
UrbanSound8K/audio/fold1/180937-7-4-12.wav,180937-7-4-12.wav,180937,1,7,jackhammer,96000,2,384000,4.0,0.153349682688713,-16.286342366461156,0.999969482421875,-0.0002650763603796,24,3.125e-05,0,80,0.0,
UrbanSound8K/audio/fold1/180937-7-4-13.wav,180937-7-4-13.wav,180937,1,7,jackhammer,96000,2,384000,4.0,0.159718632698059,-15.9328883264573,0.999969482421875,-0.0002650763603796,24,3.125e-05,0,80,0.0,
UrbanSound8K/audio/fold10/162134-7-11-3.wav,162134-7-11-3.wav,162134,10,7,jackhammer,96000,2,384000,4.0,0.1178076565265655,-18.57652966140606,0.9999693632125854,-0.0002661118307742,24,3.125e-05,0,80,0.0,
UrbanSound8K/audio/fold1/106905-8-0-0.wav,106905-8-0-0.wav,106905,1,8,siren,44100,2,176400,4.0,0.1587540209293365,-15.98550532131085,0.999969482421875,-0.0002650763603796,11,3.117913832199547e-05,0,80,0.0,
UrbanSound8K/audio/fold1/106905-8-0-1.wav,106905-8-0-1.wav,106905,1,8,siren,44100,2,176400,4.0,0.1622516065835952,-15.796219884149922,0.999969482421875,-0.0002650763603796,11,3.117913832199547e-05,0,80,0.0,
UrbanSound8K/audio/fold2/115537-3-0-0.wav,115537-3-0-0.wav,115537,2,3,dog_bark,48000,1,32428,0.6755833333333333,0.3067420721054077,-10.264533060062696,0.9999998807907104,-1.0354387945871882e-06,1,3.0837547798199085e-05,0,14,0.0,
UrbanSound8K/audio/fold7/50612-3-0-0.wav,50612-3-0-0.wav,50612,7,3,dog_bark,44100,1,33940,0.7696145124716554,0.0890470892190933,-21.00760544467656,0.999969482421875,-0.0002650763603796,1,2.9463759575721865e-05,1,16,0.0625,
UrbanSound8K/audio/fold9/26186-1-0-0.wav,26186-1-0-0.wav,26186,9,1,car_horn,44100,2,17199,0.39,0.2039568573236465,-13.809233769893773,0.999969482421875,-0.0002650763603796,1,2.9071457642886213e-05,0,8,0.0,
UrbanSound8K/audio/fold9/54976-4-1-2.wav,54976-4-1-2.wav,54976,9,4,drilling,48000,2,192000,4.0,0.168459951877594,-15.470066554107518,0.9999998807907104,-1.0354387945871882e-06,11,2.8645833333333333e-05,0,80,0.0,
UrbanSound8K/audio/fold10/162134-7-11-0.wav,162134-7-11-0.wav,162134,10,7,jackhammer,96000,2,384000,4.0,0.1143837049603462,-18.832716809786795,0.999969482421875,-0.0002650763603796,22,2.8645833333333333e-05,0,80,0.0,
UrbanSound8K/audio/fold5/72259-1-9-9.wav,72259-1-9-9.wav,72259,5,1,car_horn,44100,2,176400,4.0,0.1477639377117157,-16.608630880906524,1.0,0.0,10,2.834467120181406e-05,0,80,0.0,
UrbanSound8K/audio/fold3/6988-5-0-2.wav,6988-5-0-2.wav,6988,3,5,engine_idling,44100,2,176400,4.0,0.3144463300704956,-10.049069391863927,1.0,0.0,10,2.834467120181406e-05,0,80,0.0,
UrbanSound8K/audio/fold10/28808-1-0-10.wav,28808-1-0-10.wav,28808,10,1,car_horn,44100,2,176400,4.0,0.1457194089889526,-16.7296519768974,1.0,0.0,10,2.834467120181406e-05,0,80,0.0,
UrbanSound8K/audio/fold7/183992-3-0-10.wav,183992-3-0-10.wav,183992,7,3,dog_bark,44100,2,176400,4.0,0.0945008248090744,-20.4912880184991,0.99993896484375,-0.0005301608106181,10,2.834467120181406e-05,0,80,0.0,
UrbanSound8K/audio/fold10/28808-1-0-11.wav,28808-1-0-11.wav,28808,10,1,car_horn,44100,2,176400,4.0,0.1358769536018371,-17.33708397385931,1.0,0.0,10,2.834467120181406e-05,0,80,0.0,
UrbanSound8K/audio/fold10/162134-7-10-0.wav,162134-7-10-0.wav,162134,10,7,jackhammer,96000,2,384000,4.0,0.0999874547123909,-20.00108973819333,0.999969482421875,-0.0002650763603796,21,2.734375e-05,0,80,0.0,
UrbanSound8K/audio/fold7/162728-1-0-0.wav,162728-1-0-0.wav,162728,7,1,car_horn,44100,2,18522,0.42,0.1895038932561874,-14.44763726512554,0.999969482421875,-0.0002650763603796,1,2.699492495410863e-05,0,9,0.0,
UrbanSound8K/audio/fold9/54976-4-1-1.wav,54976-4-1-1.wav,54976,9,4,drilling,48000,2,192000,4.0,0.1305376440286636,-17.68528459618129,0.9999998807907104,-1.0354387945871882e-06,10,2.604166666666667e-05,0,80,0.0,
UrbanSound8K/audio/fold4/176638-5-0-1.wav,176638-5-0-1.wav,176638,4,5,engine_idling,48000,2,192000,4.0,0.0658058449625969,-23.63471060119632,0.999969482421875,-0.0002650763603796,10,2.604166666666667e-05,0,80,0.0,
UrbanSound8K/audio/fold8/6984-1-0-0.wav,6984-1-0-0.wav,6984,8,1,car_horn,44100,2,19337,0.4384807256235827,0.1405605226755142,-17.042732731639745,0.9991455078125,-0.0074251976759058,1,2.585716502042716e-05,0,9,0.0,
UrbanSound8K/audio/fold7/135849-4-0-0.wav,135849-4-0-0.wav,135849,7,4,drilling,44100,1,40553,0.9195691609977324,0.1874261945486068,-14.543394250510405,0.999969482421875,-0.0002650763603796,1,2.4659088106921805e-05,1,19,0.0526315789473684,
UrbanSound8K/audio/fold2/160366-3-0-4.wav,160366-3-0-4.wav,160366,2,3,dog_bark,96000,2,384000,4.0,0.0975203439593315,-20.21809551215439,1.0,0.0,18,2.34375e-05,0,80,0.0,
UrbanSound8K/audio/fold10/162134-7-6-0.wav,162134-7-6-0.wav,162134,10,7,jackhammer,96000,2,172800,1.8,0.0939586386084556,-20.541265689127197,0.999969482421875,-0.0002650763603796,8,2.3148148148148147e-05,0,36,0.0,
UrbanSound8K/audio/fold7/50614-3-0-0.wav,50614-3-0-0.wav,50614,7,3,dog_bark,44100,1,44100,1.0,0.0793002396821975,-22.01451000081097,0.999969482421875,-0.0002650763603796,1,2.2675736961451248e-05,11,20,0.55,
UrbanSound8K/audio/fold1/24074-1-0-13.wav,24074-1-0-13.wav,24074,1,1,car_horn,44100,2,176400,4.0,0.1222552508115768,-18.254649580770437,1.0,0.0,8,2.2675736961451248e-05,0,80,0.0,
UrbanSound8K/audio/fold1/24074-1-0-12.wav,24074-1-0-12.wav,24074,1,1,car_horn,44100,2,176400,4.0,0.1686832457780838,-15.458561018930856,1.0,0.0,8,2.2675736961451248e-05,0,80,0.0,
UrbanSound8K/audio/fold4/94020-8-1-0.wav,94020-8-1-0.wav,94020,4,8,siren,44100,2,176400,4.0,0.1926261782646179,-14.30569383506096,1.0,0.0,8,2.2675736961451248e-05,0,80,0.0,
UrbanSound8K/audio/fold7/155314-3-0-1.wav,155314-3-0-1.wav,155314,7,3,dog_bark,11025,1,44100,4.0,0.2171002775430679,-13.266792426780246,0.99932861328125,-0.0058335494465371,1,2.2675736961451248e-05,7,81,0.0864197530864197,
UrbanSound8K/audio/fold4/72829-3-0-2.wav,72829-3-0-2.wav,72829,4,3,dog_bark,22050,1,88200,4.0,0.1405113786458969,-17.045770101223606,1.0,0.0,2,2.2675736961451248e-05,0,81,0.0,
UrbanSound8K/audio/fold1/96158-4-0-0.wav,96158-4-0-0.wav,96158,1,4,drilling,44100,2,48069,1.09,0.1410641521215438,-17.011666743170768,0.999908447265625,-0.0007952533512092,2,2.0803428405001145e-05,0,22,0.0,
UrbanSound8K/audio/fold2/145577-1-0-0.wav,145577-1-0-0.wav,145577,2,1,car_horn,44100,2,48756,1.105578231292517,0.2267654687166214,-12.888461560626716,1.0,0.0,2,2.051029616867668e-05,0,23,0.0,
UrbanSound8K/audio/fold8/110134-3-0-0.wav,110134-3-0-0.wav,110134,8,3,dog_bark,44100,2,49833,1.13,0.1170766800642013,-18.63059202648004,0.999908447265625,-0.0007952533512092,2,2.006702385969137e-05,1,23,0.0434782608695652,
UrbanSound8K/audio/fold7/85362-3-0-0.wav,85362-3-0-0.wav,85362,7,3,dog_bark,44100,2,100548,2.28,0.0909890010952949,-20.820222055187006,1.0,0.0,4,1.989099733460636e-05,0,46,0.0,
UrbanSound8K/audio/fold8/7390-9-1-5.wav,7390-9-1-5.wav,7390,8,9,street_music,44100,2,176400,4.0,0.1271093487739563,-17.91645012635035,1.0,0.0,7,1.984126984126984e-05,0,80,0.0,
UrbanSound8K/audio/fold9/146249-4-0-0.wav,146249-4-0-0.wav,146249,9,4,drilling,48000,1,52789,1.0997708333333334,0.1633389741182327,-15.738203528175472,0.999908447265625,-0.0007952533512092,1,1.894334046865824e-05,0,22,0.0,
UrbanSound8K/audio/fold9/180937-4-1-12.wav,180937-4-1-12.wav,180937,9,4,drilling,96000,2,384000,4.0,0.1692230403423309,-15.43081012944964,0.9999693632125854,-0.0002661118307742,14,1.8229166666666668e-05,0,80,0.0,
UrbanSound8K/audio/fold1/180937-7-3-14.wav,180937-7-3-14.wav,180937,1,7,jackhammer,96000,2,384000,4.0,0.170209527015686,-15.38032270235579,0.999969482421875,-0.0002650763603796,14,1.8229166666666668e-05,0,80,0.0,
UrbanSound8K/audio/fold1/180937-7-3-11.wav,180937-7-3-11.wav,180937,1,7,jackhammer,96000,2,384000,4.0,0.1621274203062057,-15.80287055058178,0.9999693632125854,-0.0002661118307742,14,1.8229166666666668e-05,0,80,0.0,
UrbanSound8K/audio/fold1/180937-7-3-12.wav,180937-7-3-12.wav,180937,1,7,jackhammer,96000,2,384000,4.0,0.1717913448810577,-15.299974407893451,0.9999693632125854,-0.0002661118307742,14,1.8229166666666668e-05,0,80,0.0,
UrbanSound8K/audio/fold7/135527-6-0-0.wav,135527-6-0-0.wav,135527,7,6,gun_shot,44100,2,56448,1.28,0.2045886516571045,-13.782369197363394,0.999755859375,-0.0021208374267412,2,1.7715419501133787e-05,0,26,0.0,
UrbanSound8K/audio/fold6/133797-6-2-0.wav,133797-6-2-0.wav,133797,6,6,gun_shot,48000,2,84917,1.7691041666666667,0.1257432699203491,-18.010305002525765,1.0,0.0,3,1.7664307500264966e-05,0,36,0.0,
UrbanSound8K/audio/fold8/74677-0-0-75.wav,74677-0-0-75.wav,74677,8,0,air_conditioner,44100,2,176400,4.0,0.1123705357313156,-18.98695097227417,1.0,0.0,6,1.7006802721088435e-05,0,80,0.0,
UrbanSound8K/audio/fold7/183992-3-0-6.wav,183992-3-0-6.wav,183992,7,3,dog_bark,44100,2,176400,4.0,0.0487402938306331,-26.24223714002304,1.0,0.0,6,1.7006802721088435e-05,0,80,0.0,
UrbanSound8K/audio/fold4/206037-2-0-22.wav,206037-2-0-22.wav,206037,4,2,children_playing,44100,2,176400,4.0,0.0260693058371543,-31.677410657881666,0.999969482421875,-0.0002650763603796,6,1.7006802721088435e-05,0,80,0.0,
UrbanSound8K/audio/fold7/28385-9-0-46.wav,28385-9-0-46.wav,28385,7,9,street_music,44100,2,176400,4.0,0.1597836017608642,-15.929355868425212,0.999969482421875,-0.0002650763603796,6,1.7006802721088435e-05,0,80,0.0,
UrbanSound8K/audio/fold10/162134-7-13-0.wav,162134-7-13-0.wav,162134,10,7,jackhammer,96000,2,384000,4.0,0.1238809823989868,-18.139907185328703,0.999969482421875,-0.0002650763603796,13,1.6927083333333333e-05,0,80,0.0,
UrbanSound8K/audio/fold7/89210-3-0-0.wav,89210-3-0-0.wav,89210,7,3,dog_bark,44100,2,92080,2.087981859410431,0.2075250893831253,-13.658587808246876,0.999969482421875,-0.0002650763603796,3,1.629018245004344e-05,0,42,0.0,
UrbanSound8K/audio/fold2/177592-5-0-2.wav,177592-5-0-2.wav,177592,2,5,engine_idling,48000,1,192000,4.0,0.1275839209556579,-17.884081101676447,0.9995334148406982,-0.0040536529611681,3,1.5625e-05,0,80,0.0,
UrbanSound8K/audio/fold1/180937-7-3-13.wav,180937-7-3-13.wav,180937,1,7,jackhammer,96000,2,384000,4.0,0.170408546924591,-15.370172535388726,0.999969482421875,-0.0002650763603796,12,1.5625e-05,0,80,0.0,
UrbanSound8K/audio/fold2/177592-5-0-1.wav,177592-5-0-1.wav,177592,2,5,engine_idling,48000,1,192000,4.0,0.1343978196382522,-17.4321555373636,0.9995334148406982,-0.0040536529611681,3,1.5625e-05,0,80,0.0,
UrbanSound8K/audio/fold6/64346-6-0-0.wav,64346-6-0-0.wav,64346,6,6,gun_shot,44100,2,66150,1.5,0.0575745217502117,-24.79539321737681,0.999969482421875,-0.0002650763603796,2,1.511715797430083e-05,0,30,0.0,
UrbanSound8K/audio/fold6/133797-6-0-0.wav,133797-6-0-0.wav,133797,6,6,gun_shot,48000,2,67561,1.407520833333333,0.1409265697002411,-17.020142382473196,1.0,0.0,2,1.4801438699841624e-05,0,29,0.0,
UrbanSound8K/audio/fold7/148827-6-1-0.wav,148827-6-1-0.wav,148827,7,6,gun_shot,44100,2,34665,0.7860544217687074,0.0573486983776092,-24.82952869347113,1.0,0.0,1,1.4423770373575652e-05,0,16,0.0,
UrbanSound8K/audio/fold5/93139-6-0-0.wav,93139-6-0-0.wav,93139,5,6,gun_shot,48000,2,69464,1.4471666666666667,0.0425230599939823,-27.42750981680159,0.9998779296875,-0.0010603539826469,2,1.4395946101577797e-05,5,29,0.1724137931034483,
UrbanSound8K/audio/fold3/6988-5-0-4.wav,6988-5-0-4.wav,6988,3,5,engine_idling,44100,2,176400,4.0,0.3097804486751556,-10.178919911035129,1.0,0.0,5,1.417233560090703e-05,0,80,0.0,
UrbanSound8K/audio/fold2/174994-3-0-2.wav,174994-3-0-2.wav,174994,2,3,dog_bark,44100,2,176400,4.0,0.0565526224672794,-24.950945021963847,1.0,0.0,5,1.417233560090703e-05,13,80,0.1625,
UrbanSound8K/audio/fold1/72579-3-0-2.wav,72579-3-0-2.wav,72579,1,3,dog_bark,44100,2,176400,4.0,0.0491849146783351,-26.163361553003533,1.0,0.0,5,1.417233560090703e-05,1,80,0.0125,
UrbanSound8K/audio/fold8/71309-1-0-3.wav,71309-1-0-3.wav,71309,8,1,car_horn,44100,2,176400,4.0,0.1983294486999511,-14.05225590668251,1.0,0.0,5,1.417233560090703e-05,0,80,0.0,
UrbanSound8K/audio/fold9/116483-3-0-1.wav,116483-3-0-1.wav,116483,9,3,dog_bark,44100,2,176400,4.0,0.0719215720891952,-22.86281656392798,1.0,0.0,5,1.417233560090703e-05,5,80,0.0625,
UrbanSound8K/audio/fold8/71309-1-0-2.wav,71309-1-0-2.wav,71309,8,1,car_horn,44100,2,176400,4.0,0.1420938074588775,-16.948496969957315,1.0,0.0,5,1.417233560090703e-05,0,80,0.0,
UrbanSound8K/audio/fold6/162702-1-1-0.wav,162702-1-1-0.wav,162702,6,1,car_horn,44100,2,37307,0.8459637188208616,0.1764343082904815,-15.068339217136604,0.999969482421875,-0.0002650763603796,1,1.3402310558340256e-05,0,17,0.0,
UrbanSound8K/audio/fold1/180937-7-3-22.wav,180937-7-3-22.wav,180937,1,7,jackhammer,96000,2,384000,4.0,0.1759223043918609,-15.093581896442965,0.999969482421875,-0.0002650763603796,10,1.3020833333333334e-05,0,80,0.0,
UrbanSound8K/audio/fold7/156091-1-0-0.wav,156091-1-0-0.wav,156091,7,1,car_horn,44100,2,77029,1.746689342403628,0.2181906402111053,-13.223277668157408,0.999969482421875,-0.0002650763603796,2,1.2982123615781067e-05,0,35,0.0,
UrbanSound8K/audio/fold5/191449-6-0-0.wav,191449-6-0-0.wav,191449,5,6,gun_shot,48000,2,78240,1.63,0.0487923361361026,-26.232967754692744,0.9994946718215942,-0.0043903341618678,2,1.278118609406953e-05,0,33,0.0,
UrbanSound8K/audio/fold2/89211-3-0-0.wav,89211-3-0-0.wav,89211,2,3,dog_bark,44100,2,83349,1.89,0.1953142583370208,-14.185321023535495,1.0,0.0,2,1.199774442404828e-05,0,38,0.0,
UrbanSound8K/audio/fold10/26344-4-0-0.wav,26344-4-0-0.wav,26344,10,4,drilling,44100,2,128267,2.908548752834467,0.1251443922519683,-18.0517721290402,0.999969482421875,-0.0002650763603796,3,1.169435630364786e-05,1,59,0.0169491525423728,
UrbanSound8K/audio/fold3/112075-5-0-2.wav,112075-5-0-2.wav,112075,3,5,engine_idling,44100,2,176400,4.0,0.2316531538963318,-12.703235652324729,1.0,0.0,4,1.1337868480725624e-05,0,80,0.0,
UrbanSound8K/audio/fold5/72259-1-9-7.wav,72259-1-9-7.wav,72259,5,1,car_horn,44100,2,176400,4.0,0.1174307987093925,-18.60435970480825,1.0,0.0,4,1.1337868480725624e-05,0,80,0.0,
UrbanSound8K/audio/fold3/112075-5-0-1.wav,112075-5-0-1.wav,112075,3,5,engine_idling,44100,2,176400,4.0,0.233921006321907,-12.618615527899596,1.0,0.0,4,1.1337868480725624e-05,0,80,0.0,
UrbanSound8K/audio/fold8/42324-4-0-0.wav,42324-4-0-0.wav,42324,8,4,drilling,44100,2,89811,2.036530612244898,0.0745284259319305,-22.553561022676803,0.999969482421875,-0.0002650763603796,2,1.1134493547560989e-05,0,41,0.0,
UrbanSound8K/audio/fold3/180960-6-0-0.wav,180960-6-0-0.wav,180960,3,6,gun_shot,44100,2,91287,2.07,0.0490121692419052,-26.19392151026936,0.999969482421875,-0.0002650763603796,2,1.0954462300217991e-05,11,42,0.2619047619047619,
UrbanSound8K/audio/fold1/180937-7-3-23.wav,180937-7-3-23.wav,180937,1,7,jackhammer,96000,2,384000,4.0,0.1595523357391357,-15.941936672882592,0.9999693632125854,-0.0002661118307742,8,1.0416666666666666e-05,0,80,0.0,
UrbanSound8K/audio/fold1/180937-7-3-3.wav,180937-7-3-3.wav,180937,1,7,jackhammer,96000,2,384000,4.0,0.1506224572658538,-16.442205431294774,0.999969482421875,-0.0002650763603796,8,1.0416666666666666e-05,0,80,0.0,
UrbanSound8K/audio/fold1/180937-7-4-14.wav,180937-7-4-14.wav,180937,1,7,jackhammer,96000,2,384000,4.0,0.1521866172552108,-16.352470723681147,0.9999693632125854,-0.0002661118307742,8,1.0416666666666666e-05,0,80,0.0,
UrbanSound8K/audio/fold9/180937-4-2-1.wav,180937-4-2-1.wav,180937,9,4,drilling,96000,2,384000,4.0,0.1473603397607803,-16.632387716334595,0.9999693632125854,-0.0002661118307742,8,1.0416666666666666e-05,0,80,0.0,
UrbanSound8K/audio/fold5/46391-1-1-0.wav,46391-1-1-0.wav,46391,5,1,car_horn,44100,2,48069,1.09,0.1130918264389038,-18.931375639909035,0.999969482421875,-0.0002650763603796,1,1.0401714202500572e-05,0,22,0.0,
UrbanSound8K/audio/fold10/146244-4-0-0.wav,146244-4-0-0.wav,146244,10,4,drilling,48000,1,98243,2.0467291666666667,0.1335848271846771,-17.484857340828874,0.999908447265625,-0.0007952533512092,1,1.017884225848152e-05,0,41,0.0,
UrbanSound8K/audio/fold1/162703-1-0-0.wav,162703-1-0-0.wav,162703,1,1,car_horn,44100,2,51120,1.1591836734693877,0.2010868638753891,-13.93232598068253,1.0,0.0,1,9.780907668231613e-06,0,24,0.0,
UrbanSound8K/audio/fold8/33340-7-9-0.wav,33340-7-9-0.wav,33340,8,7,jackhammer,44100,2,56409,1.2791156462585034,0.0962692350149154,-20.33024958418508,0.999969482421875,-0.0002650763603796,1,8.863833785388856e-06,0,26,0.0,
UrbanSound8K/audio/fold10/26344-4-1-0.wav,26344-4-1-0.wav,26344,10,4,drilling,44100,2,116424,2.64,0.1124191135168075,-18.98319687334992,0.999969482421875,-0.0002650763603796,2,8.589294303580018e-06,0,53,0.0,
UrbanSound8K/audio/fold7/28385-9-0-33.wav,28385-9-0-33.wav,28385,7,9,street_music,44100,2,176400,4.0,0.195853903889656,-14.16135534769497,0.999969482421875,-0.0002650763603796,3,8.503401360544217e-06,0,80,0.0,
UrbanSound8K/audio/fold3/54898-8-0-7.wav,54898-8-0-7.wav,54898,3,8,siren,44100,2,176400,4.0,0.2328930795192718,-12.656868329027034,1.0,0.0,3,8.503401360544217e-06,0,80,0.0,
UrbanSound8K/audio/fold3/54898-8-0-6.wav,54898-8-0-6.wav,54898,3,8,siren,44100,2,176400,4.0,0.2167666405439376,-13.280151060979032,1.0,0.0,3,8.503401360544217e-06,0,80,0.0,
UrbanSound8K/audio/fold6/38121-3-0-0.wav,38121-3-0-0.wav,38121,6,3,dog_bark,44100,2,123480,2.8,0.1035221442580223,-19.69933482048926,0.999969482421875,-0.0002650763603796,2,8.098477486232588e-06,0,56,0.0,
UrbanSound8K/audio/fold2/18581-3-1-1.wav,18581-3-1-1.wav,18581,2,3,dog_bark,32000,1,128000,4.0,0.1741916984319687,-15.179450925843398,0.999969482421875,-0.0002650763603796,1,7.8125e-06,0,80,0.0,
UrbanSound8K/audio/fold1/114587-3-0-2.wav,114587-3-0-2.wav,114587,1,3,dog_bark,48000,2,192000,4.0,0.0826785862445831,-21.652139163252432,0.999969482421875,-0.0002650763603796,3,7.8125e-06,18,80,0.225,
UrbanSound8K/audio/fold1/180937-7-3-30.wav,180937-7-3-30.wav,180937,1,7,jackhammer,96000,2,384000,4.0,0.1679488122463226,-15.4964612638583,0.999969482421875,-0.0002650763603796,6,7.8125e-06,0,80,0.0,
UrbanSound8K/audio/fold9/180937-4-1-30.wav,180937-4-1-30.wav,180937,9,4,drilling,96000,2,384000,4.0,0.169379711151123,-15.42277224171373,0.999969482421875,-0.0002650763603796,6,7.8125e-06,0,80,0.0,
UrbanSound8K/audio/fold1/180937-7-3-29.wav,180937-7-3-29.wav,180937,1,7,jackhammer,96000,2,384000,4.0,0.1694815456867218,-15.417551676976196,0.999969482421875,-0.0002650763603796,6,7.8125e-06,0,80,0.0,
UrbanSound8K/audio/fold9/152588-3-3-0.wav,152588-3-3-0.wav,152588,9,3,dog_bark,48000,2,134640,2.805,0.1201758757233619,-18.40365408955101,1.0,0.0,2,7.42721330956625e-06,0,57,0.0,
UrbanSound8K/audio/fold8/96159-4-0-0.wav,96159-4-0-0.wav,96159,8,4,drilling,44100,2,144648,3.28,0.1157237365841865,-18.73155103872957,0.999908447265625,-0.0007952533512092,2,6.913334439466844e-06,1,66,0.0151515151515151,
UrbanSound8K/audio/fold9/16772-8-0-0.wav,16772-8-0-0.wav,16772,9,8,siren,44100,2,87108,1.9752380952380952,0.2237402498722076,-13.00511762472909,0.999969482421875,-0.0002650763603796,1,5.740000918400147e-06,0,40,0.0,
UrbanSound8K/audio/fold8/80589-0-0-0.wav,80589-0-0-0.wav,80589,8,0,air_conditioner,44100,1,176400,4.0,0.2421620339155197,-12.317878888058296,0.999969482421875,-0.0002650763603796,1,5.668934240362812e-06,0,80,0.0,
UrbanSound8K/audio/fold4/74723-3-0-0.wav,74723-3-0-0.wav,74723,4,3,dog_bark,44100,2,176400,4.0,0.1188958138227462,-18.49666872187117,1.0,0.0,2,5.668934240362812e-06,2,80,0.025,
UrbanSound8K/audio/fold8/139000-4-0-2.wav,139000-4-0-2.wav,139000,8,4,drilling,44100,1,176400,4.0,0.1892782002687454,-14.457988042770562,0.999969482421875,-0.0002650763603796,1,5.668934240362812e-06,0,80,0.0,
UrbanSound8K/audio/fold8/205610-4-0-2.wav,205610-4-0-2.wav,205610,8,4,drilling,44100,2,176400,4.0,0.2299985587596893,-12.765497707880762,0.9999998807907104,-1.0354387945871882e-06,2,5.668934240362812e-06,0,80,0.0,
UrbanSound8K/audio/fold8/205610-4-0-3.wav,205610-4-0-3.wav,205610,8,4,drilling,44100,2,176400,4.0,0.237318143248558,-12.493381163885338,0.9999998807907104,-1.0354387945871882e-06,2,5.668934240362812e-06,0,80,0.0,
UrbanSound8K/audio/fold7/67049-3-0-2.wav,67049-3-0-2.wav,67049,7,3,dog_bark,44100,2,176400,4.0,0.102987065911293,-19.74434629348293,1.0,0.0,2,5.668934240362812e-06,0,80,0.0,
UrbanSound8K/audio/fold4/74723-3-0-1.wav,74723-3-0-1.wav,74723,4,3,dog_bark,44100,2,176400,4.0,0.1007585376501083,-19.934362884434663,1.0,0.0,2,5.668934240362812e-06,19,80,0.2375,
UrbanSound8K/audio/fold8/80589-0-0-3.wav,80589-0-0-3.wav,80589,8,0,air_conditioner,44100,1,176400,4.0,0.2389633357524871,-12.433374558598588,1.0,0.0,1,5.668934240362812e-06,0,80,0.0,
UrbanSound8K/audio/fold10/93567-8-0-14.wav,93567-8-0-14.wav,93567,10,8,siren,44100,2,176400,4.0,0.1685402542352676,-15.465927106018292,0.99993896484375,-0.0005301608106181,2,5.668934240362812e-06,0,80,0.0,
UrbanSound8K/audio/fold8/74677-0-0-6.wav,74677-0-0-6.wav,74677,8,0,air_conditioner,44100,2,176400,4.0,0.0798724889755249,-21.952055638633983,0.999969482421875,-0.0002650763603796,2,5.668934240362812e-06,0,80,0.0,
UrbanSound8K/audio/fold7/67049-3-0-1.wav,67049-3-0-1.wav,67049,7,3,dog_bark,44100,2,176400,4.0,0.1151102259755134,-18.77772187015537,1.0,0.0,2,5.668934240362812e-06,0,80,0.0,
UrbanSound8K/audio/fold6/14114-4-0-3.wav,14114-4-0-3.wav,14114,6,4,drilling,44100,2,176400,4.0,0.2129822373390197,-13.4331323018657,0.999969482421875,-0.0002650763603796,2,5.668934240362812e-06,0,80,0.0,
UrbanSound8K/audio/fold8/80589-0-0-2.wav,80589-0-0-2.wav,80589,8,0,air_conditioner,44100,1,176400,4.0,0.2421568185091018,-12.318065956739758,1.0,0.0,1,5.668934240362812e-06,0,80,0.0,
UrbanSound8K/audio/fold10/162134-7-9-0.wav,162134-7-9-0.wav,162134,10,7,jackhammer,96000,2,384000,4.0,0.0998821482062339,-20.01024251342208,0.999969482421875,-0.0002650763603796,4,5.208333333333333e-06,0,80,0.0,
UrbanSound8K/audio/fold1/180937-7-3-15.wav,180937-7-3-15.wav,180937,1,7,jackhammer,96000,2,384000,4.0,0.1691114455461502,-15.436539962850532,0.9999693632125854,-0.0002661118307742,4,5.208333333333333e-06,0,80,0.0,
UrbanSound8K/audio/fold10/162134-7-7-1.wav,162134-7-7-1.wav,162134,10,7,jackhammer,96000,2,384000,4.0,0.0876381397247314,-21.14613699371421,0.9999693632125854,-0.0002661118307742,4,5.208333333333333e-06,0,80,0.0,
UrbanSound8K/audio/fold2/96475-9-0-0.wav,96475-9-0-0.wav,96475,2,9,street_music,48000,2,192000,4.0,0.1645955592393875,-15.671637723160988,0.9997279644012452,-0.0023631926392478,2,5.208333333333333e-06,0,80,0.0,
UrbanSound8K/audio/fold2/73623-7-5-0.wav,73623-7-5-0.wav,73623,2,7,jackhammer,44100,2,97356,2.207619047619048,0.1037054508924484,-19.683968318642183,0.99993896484375,-0.0005301608106181,1,5.135790295410658e-06,0,45,0.0,
UrbanSound8K/audio/fold7/77674-3-0-0.wav,77674-3-0-0.wav,77674,7,3,dog_bark,44100,2,176400,4.0,0.1322820633649826,-17.569980789675736,0.99993896484375,-0.0005301608106181,1,2.834467120181406e-06,0,80,0.0,
UrbanSound8K/audio/fold4/110621-7-0-0.wav,110621-7-0-0.wav,110621,4,7,jackhammer,44100,2,176400,4.0,0.1782050281763076,-14.981600924230158,1.0,0.0,1,2.834467120181406e-06,0,80,0.0,
UrbanSound8K/audio/fold7/107357-8-1-15.wav,107357-8-1-15.wav,107357,7,8,siren,44100,2,176400,4.0,0.2046892344951629,-13.778099963779038,0.999969482421875,-0.0002650763603796,1,2.834467120181406e-06,0,80,0.0,
UrbanSound8K/audio/fold7/107357-8-1-14.wav,107357-8-1-14.wav,107357,7,8,siren,44100,2,176400,4.0,0.1933886706829071,-14.271379436913136,0.999969482421875,-0.0002650763603796,1,2.834467120181406e-06,0,80,0.0,
UrbanSound8K/audio/fold8/106905-5-0-0.wav,106905-5-0-0.wav,106905,8,5,engine_idling,44100,2,176400,4.0,0.1083778962492942,-19.30118566883282,0.99993896484375,-0.0005301608106181,1,2.834467120181406e-06,0,80,0.0,
UrbanSound8K/audio/fold7/105289-8-1-4.wav,105289-8-1-4.wav,105289,7,8,siren,44100,2,176400,4.0,0.255832314491272,-11.840892002551406,0.99993896484375,-0.0005301608106181,1,2.834467120181406e-06,0,80,0.0,
UrbanSound8K/audio/fold8/42324-4-2-3.wav,42324-4-2-3.wav,42324,8,4,drilling,44100,2,176400,4.0,0.0261157304048538,-31.661956466145995,1.0,0.0,1,2.834467120181406e-06,0,80,0.0,
UrbanSound8K/audio/fold8/42324-4-2-4.wav,42324-4-2-4.wav,42324,8,4,drilling,44100,2,176400,4.0,0.029102399945259,-30.721423904126876,1.0,0.0,1,2.834467120181406e-06,0,80,0.0,
UrbanSound8K/audio/fold6/30206-7-0-33.wav,30206-7-0-33.wav,30206,6,7,jackhammer,44100,2,176400,4.0,0.0843217745423317,-21.48120524712936,1.0,0.0,1,2.834467120181406e-06,0,80,0.0,
UrbanSound8K/audio/fold3/30204-0-0-2.wav,30204-0-0-2.wav,30204,3,0,air_conditioner,44100,2,176400,4.0,0.1179844439029693,-18.563505001752223,0.999969482421875,-0.0002650763603796,1,2.834467120181406e-06,0,80,0.0,
UrbanSound8K/audio/fold6/30206-7-0-34.wav,30206-7-0-34.wav,30206,6,7,jackhammer,44100,2,176400,4.0,0.0934007093310356,-20.59299651021937,1.0,0.0,1,2.834467120181406e-06,0,80,0.0,
UrbanSound8K/audio/fold3/30204-0-0-1.wav,30204-0-0-1.wav,30204,3,0,air_conditioner,44100,2,176400,4.0,0.0941368639469146,-20.52480547542924,0.999969482421875,-0.0002650763603796,1,2.834467120181406e-06,0,80,0.0,
UrbanSound8K/audio/fold4/209864-5-0-3.wav,209864-5-0-3.wav,209864,4,5,engine_idling,44100,2,176400,4.0,0.2712426781654358,-11.332839523717384,0.999969482421875,-0.0002650763603796,1,2.834467120181406e-06,0,80,0.0,
UrbanSound8K/audio/fold8/62048-3-0-2.wav,62048-3-0-2.wav,62048,8,3,dog_bark,44100,2,176400,4.0,0.0539122112095356,-25.366257104326667,0.999969482421875,-0.0002650763603796,1,2.834467120181406e-06,28,80,0.35,
UrbanSound8K/audio/fold2/63261-3-0-0.wav,63261-3-0-0.wav,63261,2,3,dog_bark,44100,2,176400,4.0,0.0867852047085762,-21.2310861557118,0.999908447265625,-0.0007952533512092,1,2.834467120181406e-06,2,80,0.025,
UrbanSound8K/audio/fold7/57323-8-0-2.wav,57323-8-0-2.wav,57323,7,8,siren,44100,2,176400,4.0,0.1527973860502243,-16.317681506001577,0.999969482421875,-0.0002650763603796,1,2.834467120181406e-06,0,80,0.0,
UrbanSound8K/audio/fold7/74513-3-0-3.wav,74513-3-0-3.wav,74513,7,3,dog_bark,44100,2,176400,4.0,0.0762106105685234,-22.35969117936072,1.0,0.0,1,2.834467120181406e-06,5,80,0.0625,
UrbanSound8K/audio/fold2/74495-3-0-1.wav,74495-3-0-1.wav,74495,2,3,dog_bark,44100,2,176400,4.0,0.0613515339791774,-24.24349148176691,0.999908447265625,-0.0007952533512092,1,2.834467120181406e-06,20,80,0.25,
UrbanSound8K/audio/fold2/74495-3-0-0.wav,74495-3-0-0.wav,74495,2,3,dog_bark,44100,2,176400,4.0,0.0648756474256515,-23.75836590171829,0.999908447265625,-0.0007952533512092,1,2.834467120181406e-06,12,80,0.15,
UrbanSound8K/audio/fold8/74677-0-0-47.wav,74677-0-0-47.wav,74677,8,0,air_conditioner,44100,2,176400,4.0,0.0808319225907325,-21.84834182731585,0.999969482421875,-0.0002650763603796,1,2.834467120181406e-06,0,80,0.0,
UrbanSound8K/audio/fold2/63261-3-0-1.wav,63261-3-0-1.wav,63261,2,3,dog_bark,44100,2,176400,4.0,0.0788917019963264,-22.059373488847392,0.999908447265625,-0.0007952533512092,1,2.834467120181406e-06,0,80,0.0,
UrbanSound8K/audio/fold3/6988-5-0-5.wav,6988-5-0-5.wav,6988,3,5,engine_idling,44100,2,176400,4.0,0.2446839213371276,-12.22789136114452,1.0,0.0,1,2.834467120181406e-06,0,80,0.0,
UrbanSound8K/audio/fold3/199769-1-0-4.wav,199769-1-0-4.wav,199769,3,1,car_horn,44100,2,176400,4.0,0.2085637301206588,-13.615224290003942,0.999969482421875,-0.0002650763603796,1,2.834467120181406e-06,0,80,0.0,
UrbanSound8K/audio/fold3/199769-1-0-5.wav,199769-1-0-5.wav,199769,3,1,car_horn,44100,2,176400,4.0,0.2164735645055771,-13.291902631970826,0.999969482421875,-0.0002650763603796,1,2.834467120181406e-06,0,80,0.0,
UrbanSound8K/audio/fold7/57323-8-0-1.wav,57323-8-0-1.wav,57323,7,8,siren,44100,2,176400,4.0,0.1571171134710312,-16.07553016536838,0.999969482421875,-0.0002650763603796,1,2.834467120181406e-06,0,80,0.0,
UrbanSound8K/audio/fold8/62048-3-0-3.wav,62048-3-0-3.wav,62048,8,3,dog_bark,44100,2,176400,4.0,0.0502590239048004,-25.97571900443329,0.999969482421875,-0.0002650763603796,1,2.834467120181406e-06,29,80,0.3625,
UrbanSound8K/audio/fold8/125678-7-3-1.wav,125678-7-3-1.wav,125678,8,7,jackhammer,44100,2,176400,4.0,0.0885957553982734,-21.051741691212847,1.0,0.0,1,2.834467120181406e-06,0,80,0.0,
UrbanSound8K/audio/fold5/17578-5-0-35.wav,17578-5-0-35.wav,17578,5,5,engine_idling,44100,2,176400,4.0,0.2413278073072433,-12.3478526613438,1.0,0.0,1,2.834467120181406e-06,0,80,0.0,
UrbanSound8K/audio/fold5/17578-5-0-14.wav,17578-5-0-14.wav,17578,5,5,engine_idling,44100,2,176400,4.0,0.2325148284435272,-12.670986902289606,0.999969482421875,-0.0002650763603796,1,2.834467120181406e-06,0,80,0.0,
UrbanSound8K/audio/fold8/125678-7-3-0.wav,125678-7-3-0.wav,125678,8,7,jackhammer,44100,2,176400,4.0,0.1042981892824173,-19.634464625617152,1.0,0.0,1,2.834467120181406e-06,0,80,0.0,
UrbanSound8K/audio/fold7/130961-4-5-2.wav,130961-4-5-2.wav,130961,7,4,drilling,44100,2,176400,4.0,0.1208565533161163,-18.3545959093693,0.999969482421875,-0.0002650763603796,1,2.834467120181406e-06,0,80,0.0,
UrbanSound8K/audio/fold7/130961-4-5-3.wav,130961-4-5-3.wav,130961,7,4,drilling,44100,2,176400,4.0,0.1472345739603042,-16.63980391993257,0.999969482421875,-0.0002650763603796,1,2.834467120181406e-06,0,80,0.0,
UrbanSound8K/audio/fold9/54976-4-1-3.wav,54976-4-1-3.wav,54976,9,4,drilling,48000,2,192000,4.0,0.1344682723283767,-17.427603499576637,0.9999997615814208,-2.0708777126083217e-06,1,2.6041666666666666e-06,0,80,0.0,
UrbanSound8K/audio/fold5/50413-4-0-2.wav,50413-4-0-2.wav,50413,5,4,drilling,48000,2,192000,4.0,0.1849052309989929,-14.661016048113192,1.0,0.0,1,2.6041666666666666e-06,0,80,0.0,
UrbanSound8K/audio/fold9/50414-4-0-1.wav,50414-4-0-1.wav,50414,9,4,drilling,48000,2,192000,4.0,0.1965828388929367,-14.129087949752424,0.999969482421875,-0.0002650763603796,1,2.6041666666666666e-06,0,80,0.0,
UrbanSound8K/audio/fold5/50413-4-0-1.wav,50413-4-0-1.wav,50413,5,4,drilling,48000,2,192000,4.0,0.2254618704319,-12.938537888243014,1.0,0.0,1,2.6041666666666666e-06,0,80,0.0,
UrbanSound8K/audio/fold1/180937-7-3-21.wav,180937-7-3-21.wav,180937,1,7,jackhammer,96000,2,384000,4.0,0.1800678968429565,-14.89127415745907,0.999969482421875,-0.0002650763603796,2,2.6041666666666666e-06,0,80,0.0,
UrbanSound8K/audio/fold9/180937-4-1-46.wav,180937-4-1-46.wav,180937,9,4,drilling,96000,2,384000,4.0,0.1471586674451828,-16.644283069145498,0.9999693632125854,-0.0002661118307742,2,2.6041666666666666e-06,0,80,0.0,
UrbanSound8K/audio/fold1/180937-7-1-11.wav,180937-7-1-11.wav,180937,1,7,jackhammer,96000,2,384000,4.0,0.0976143553853035,-20.20972618638476,0.9999693632125854,-0.0002661118307742,2,2.6041666666666666e-06,0,80,0.0,
UrbanSound8K/audio/fold1/176714-2-0-26.wav,176714-2-0-26.wav,176714,1,2,children_playing,48000,2,192000,4.0,0.1470540016889572,-16.650463056217347,0.9990234375,-0.0084864585530358,1,2.6041666666666666e-06,0,80,0.0,
UrbanSound8K/audio/fold9/165454-0-0-0.wav,165454-0-0-0.wav,165454,9,0,air_conditioner,48000,2,192000,4.0,0.0447203032672405,-26.98990519955139,0.9993896484375,-0.0053030648439313,1,2.6041666666666666e-06,0,80,0.0,
UrbanSound8K/audio/fold1/180937-7-1-12.wav,180937-7-1-12.wav,180937,1,7,jackhammer,96000,2,384000,4.0,0.0977538749575614,-20.197320363689144,0.9999693632125854,-0.0002661118307742,2,2.6041666666666666e-06,0,80,0.0,
UrbanSound8K/audio/fold10/162134-7-12-1.wav,162134-7-12-1.wav,162134,10,7,jackhammer,96000,2,384000,4.0,0.1076042205095291,-19.363413884163503,0.999969482421875,-0.0002650763603796,1,1.3020833333333333e-06,0,80,0.0,
UrbanSound8K/audio/fold10/162134-7-8-3.wav,162134-7-8-3.wav,162134,10,7,jackhammer,96000,2,384000,4.0,0.1080478876829147,-19.32767438156043,0.9999693632125854,-0.0002661118307742,1,1.3020833333333333e-06,0,80,0.0,
UrbanSound8K/audio/fold10/162134-7-12-2.wav,162134-7-12-2.wav,162134,10,7,jackhammer,96000,2,384000,4.0,0.1067415699362754,-19.43332827916889,0.999969482421875,-0.0002650763603796,1,1.3020833333333333e-06,0,80,0.0,
UrbanSound8K/audio/fold10/162134-7-8-2.wav,162134-7-8-2.wav,162134,10,7,jackhammer,96000,2,384000,4.0,0.1048409566283226,-19.58938049916607,0.9999693632125854,-0.0002661118307742,1,1.3020833333333333e-06,0,80,0.0,
UrbanSound8K/audio/fold10/162134-7-15-0.wav,162134-7-15-0.wav,162134,10,7,jackhammer,96000,2,384000,4.0,0.1034210175275802,-19.70782387306212,0.999969482421875,-0.0002650763603796,1,1.3020833333333333e-06,0,80,0.0,
UrbanSound8K/audio/fold10/162134-7-16-0.wav,162134-7-16-0.wav,162134,10,7,jackhammer,96000,2,384000,4.0,0.0998014435172081,-20.0172635415824,0.9999693632125854,-0.0002661118307742,1,1.3020833333333333e-06,0,80,0.0,
